#
# There is insufficient memory for the Java Runtime Environment to continue.
# Native memory allocation (malloc) failed to allocate 1757296 bytes. Error detail: Chunk::new
# Possible reasons:
#   The system is out of physical RAM or swap space
#   This process is running with CompressedOops enabled, and the Java Heap may be blocking the growth of the native heap
# Possible solutions:
#   Reduce memory load on the system
#   Increase physical memory or swap space
#   Check if swap backing store is full
#   Decrease Java heap size (-Xmx/-Xms)
#   Decrease number of Java threads
#   Decrease Java thread stack sizes (-Xss)
#   Set larger code cache with -XX:ReservedCodeCacheSize=
#   JVM is running with Unscaled Compressed Oops mode in which the Java heap is
#     placed in the first 4GB address space. The Java Heap base address is the
#     maximum limit for the native heap growth. Please use -XX:HeapBaseMinAddress
#     to set the Java Heap base and to place the Java Heap above 4GB virtual address.
# This output file may be truncated or incomplete.
#
#  Out of Memory Error (arena.cpp:168), pid=13096, tid=18624
#
# JRE version: OpenJDK Runtime Environment (21.0.10) (build 21.0.10+-14961533-b1163.108)
# Java VM: OpenJDK 64-Bit Server VM (21.0.10+-14961533-b1163.108, mixed mode, tiered, compressed oops, compressed class ptrs, g1 gc, windows-amd64)
# No core dump will be written. Minidumps are not enabled by default on client versions of Windows
#

---------------  S U M M A R Y ------------

Command Line: --add-opens=java.base/java.lang=ALL-UNNAMED --add-opens=java.base/java.lang.invoke=ALL-UNNAMED --add-opens=java.base/java.util=ALL-UNNAMED --add-opens=java.prefs/java.util.prefs=ALL-UNNAMED --add-exports=jdk.compiler/com.sun.tools.javac.api=ALL-UNNAMED --add-exports=jdk.compiler/com.sun.tools.javac.util=ALL-UNNAMED --add-opens=java.base/java.util=ALL-UNNAMED --add-opens=java.prefs/java.util.prefs=ALL-UNNAMED --add-opens=java.base/java.nio.charset=ALL-UNNAMED --add-opens=java.base/java.net=ALL-UNNAMED --add-opens=java.base/java.util.concurrent.atomic=ALL-UNNAMED --add-opens=java.xml/javax.xml.namespace=ALL-UNNAMED -Xmx2048m -Dfile.encoding=UTF-8 -Duser.country=BR -Duser.language=pt -Duser.variant -javaagent:C:\Users\yanfe\.gradle\wrapper\dists\gradle-8.14.5-bin\690y85m0j9nfaub7xoiayko8a\gradle-8.14.5\lib\agents\gradle-instrumentation-agent-8.14.5.jar org.gradle.launcher.daemon.bootstrap.GradleDaemon 8.14.5

Host: 13th Gen Intel(R) Core(TM) i5-1335U, 12 cores, 15G,  Windows 11 , 64 bit Build 26100 (10.0.26100.8328)
Time: Wed Jun  3 01:22:09 2026 Hora oficial do Brasil elapsed time: 250.332898 seconds (0d 0h 4m 10s)

---------------  T H R E A D  ---------------

Current thread (0x0000015edc8926d0):  JavaThread "C2 CompilerThread2" daemon [_thread_in_native, id=18624, stack(0x00000042c9600000,0x00000042c9700000) (1024K)]


Current CompileTask:
C2:250332 23247 %     4       com.android.tools.r8.internal.rd::a @ 2507 (4363 bytes)

Stack: [0x00000042c9600000,0x00000042c9700000]
Native frames: (J=compiled Java code, j=interpreted, Vv=VM code, C=native code)
V  [jvm.dll+0x6d78a9]
V  [jvm.dll+0x8665b3]
V  [jvm.dll+0x868bde]
V  [jvm.dll+0x8692c3]
V  [jvm.dll+0x280ee6]
V  [jvm.dll+0xc07cd]
V  [jvm.dll+0xc0d03]
V  [jvm.dll+0x3ba091]
V  [jvm.dll+0x385df7]
V  [jvm.dll+0x38526a]
V  [jvm.dll+0x249bd2]
V  [jvm.dll+0x2491a1]
V  [jvm.dll+0x1c76e4]
V  [jvm.dll+0x25891e]
V  [jvm.dll+0x256e66]
V  [jvm.dll+0x3f513e]
V  [jvm.dll+0x80fd28]
V  [jvm.dll+0x6d60fd]
C  [ucrtbase.dll+0x37b0]
C  [KERNEL32.DLL+0x2e957]
C  [ntdll.dll+0x427c]


---------------  P R O C E S S  ---------------

Threads class SMR info:
_java_thread_list=0x0000015ed18367a0, length=158, elements={
0x0000015eb45db000, 0x0000015ecc25e920, 0x0000015ecc26a5b0, 0x0000015ecc26ac20,
0x0000015ecc28ba80, 0x0000015ecc28c610, 0x0000015ecc28d920, 0x0000015ecc28d1a0,
0x0000015ecc2b80d0, 0x0000015ecc2bcf40, 0x0000015ecc6c77a0, 0x0000015ed1a26f20,
0x0000015ed2e19450, 0x0000015ed2dd6f20, 0x0000015ed2caf9e0, 0x0000015ed2fea870,
0x0000015ed2fe8e30, 0x0000015ed2feaf00, 0x0000015ed2fe9b50, 0x0000015ed2fe8110,
0x0000015ed2fe87a0, 0x0000015ed2fee380, 0x0000015ed2feea10, 0x0000015ed3f1b8f0,
0x0000015ed5949890, 0x0000015ed594d3a0, 0x0000015ed594da30, 0x0000015ed594e750,
0x0000015ed51b7c60, 0x0000015ed24514f0, 0x0000015eddfa0df0, 0x0000015eddfa1b10,
0x0000015eddfa21a0, 0x0000015eddfa1480, 0x0000015ed3dae960, 0x0000015ed3daf680,
0x0000015ed3db0a30, 0x0000015ed3db10c0, 0x0000015ed3db03a0, 0x0000015ed3dafd10,
0x0000015ed3db1750, 0x0000015ed3dae2d0, 0x0000015ed3db2470, 0x0000015ed3db4bd0,
0x0000015ed3db3190, 0x0000015ed3db3820, 0x0000015ed3db5260, 0x0000015ed3db1de0,
0x0000015ed3db7330, 0x0000015ed3db3eb0, 0x0000015ed3db5f80, 0x0000015ed3db58f0,
0x0000015ed3db4540, 0x0000015ed3db6610, 0x0000015ed3db79c0, 0x0000015ed3dba120,
0x0000015eddfa2830, 0x0000015eddfa3be0, 0x0000015eddfa0760, 0x0000015eddfa4900,
0x0000015eddfa5cb0, 0x0000015eddfa6340, 0x0000015eddfa5620, 0x0000015eddfa7060,
0x0000015eddfa76f0, 0x0000015eddfa4270, 0x0000015eddfa00d0, 0x0000015eddfa69d0,
0x0000015eddfa7d80, 0x0000015eddfa4f90, 0x0000015eddfa97c0, 0x0000015eddfab890,
0x0000015eddfaab70, 0x0000015eddfa8aa0, 0x0000015eddfa8410, 0x0000015eddfa9e50,
0x0000015eddfabf20, 0x0000015eddfab200, 0x0000015eddfaa4e0, 0x0000015eddfaf3a0,
0x0000015eddfaed10, 0x0000015eddfadff0, 0x0000015eddfae680, 0x0000015eddfad2d0,
0x0000015eddfac5b0, 0x0000015eddfacc40, 0x0000015ed1855d60, 0x0000015ed18591e0,
0x0000015ed1859870, 0x0000015ed1859f00, 0x0000015ed18577a0, 0x0000015ed18584c0,
0x0000015ed1857e30, 0x0000015ed185c660, 0x0000015ed185e730, 0x0000015ed185da10,
0x0000015ed185b940, 0x0000015ed185b2b0, 0x0000015ed185e0a0, 0x0000015ed185edc0,
0x0000015ed185f450, 0x0000015ed185bfd0, 0x0000015ed185fae0, 0x0000015ed185d380,
0x0000015ed185ccf0, 0x0000015ed1861520, 0x0000015ed1861bb0, 0x0000015ed1862240,
0x0000015ed1862f60, 0x0000015ed18635f0, 0x0000015ed1860e90, 0x0000015ed1863c80,
0x0000015ed1860800, 0x0000015ed1864310, 0x0000015ed18649a0, 0x0000015ed3f18470,
0x0000015ed3f16a30, 0x0000015edce21c20, 0x0000015edce24380, 0x0000015edce22940,
0x0000015edce22fd0, 0x0000015edce23660, 0x0000015ed2450e60, 0x0000015ed24507d0,
0x0000015ed244f420, 0x0000015ed2455690, 0x0000015ed2455000, 0x0000015ed2455d20,
0x0000015ed2cb0070, 0x0000015ed2caf350, 0x0000015ed2cb0700, 0x0000015ed18628d0,
0x0000015ed4967db0, 0x0000015ed4968440, 0x0000015ed496b8c0, 0x0000015ed496bf50,
0x0000015ed49697f0, 0x0000015ed4968ad0, 0x0000015ed496c5e0, 0x0000015ed496a510,
0x0000015ed4969160, 0x0000015ed496cc70, 0x0000015ed496d300, 0x0000015ed4969e80,
0x0000015ed496aba0, 0x0000015ed496d990, 0x0000015ed496e020, 0x0000015ed496e6b0,
0x0000015ed496b230, 0x0000015ed496ed40, 0x0000015ed496f3d0, 0x0000015ed51b2080,
0x0000015ed51b3ac0, 0x0000015ed51b2710, 0x0000015edc893b40, 0x0000015ed51b3430,
0x0000015ed51b4150, 0x0000015edc8926d0
}

Java Threads: ( => current thread )
  0x0000015eb45db000 JavaThread "main"                              [_thread_blocked, id=21560, stack(0x00000042bec00000,0x00000042bed00000) (1024K)]
  0x0000015ecc25e920 JavaThread "Common-Cleaner"             daemon [_thread_blocked, id=14640, stack(0x00000042bf400000,0x00000042bf500000) (1024K)]
  0x0000015ecc26a5b0 JavaThread "Reference Handler"          daemon [_thread_blocked, id=15240, stack(0x00000042bf500000,0x00000042bf600000) (1024K)]
  0x0000015ecc26ac20 JavaThread "Finalizer"                  daemon [_thread_blocked, id=15244, stack(0x00000042bf600000,0x00000042bf700000) (1024K)]
  0x0000015ecc28ba80 JavaThread "Signal Dispatcher"          daemon [_thread_blocked, id=15208, stack(0x00000042bf700000,0x00000042bf800000) (1024K)]
  0x0000015ecc28c610 JavaThread "Attach Listener"            daemon [_thread_blocked, id=15232, stack(0x00000042bf800000,0x00000042bf900000) (1024K)]
  0x0000015ecc28d920 JavaThread "Service Thread"             daemon [_thread_blocked, id=15248, stack(0x00000042bf900000,0x00000042bfa00000) (1024K)]
  0x0000015ecc28d1a0 JavaThread "Monitor Deflation Thread"   daemon [_thread_blocked, id=11488, stack(0x00000042bfa00000,0x00000042bfb00000) (1024K)]
  0x0000015ecc2b80d0 JavaThread "C2 CompilerThread0"         daemon [_thread_in_native, id=16472, stack(0x00000042bfb00000,0x00000042bfc00000) (1024K)]
  0x0000015ecc2bcf40 JavaThread "C1 CompilerThread0"         daemon [_thread_in_native, id=23148, stack(0x00000042bfc00000,0x00000042bfd00000) (1024K)]
  0x0000015ecc6c77a0 JavaThread "Notification Thread"        daemon [_thread_blocked, id=4120, stack(0x00000042bfd00000,0x00000042bfe00000) (1024K)]
  0x0000015ed1a26f20 JavaThread "Daemon health stats"               [_thread_blocked, id=20672, stack(0x00000042c0500000,0x00000042c0600000) (1024K)]
  0x0000015ed2e19450 JavaThread "Incoming local TCP Connector on port 50233"        [_thread_in_native, id=15288, stack(0x00000042c0600000,0x00000042c0700000) (1024K)]
  0x0000015ed2dd6f20 JavaThread "Daemon periodic checks"            [_thread_blocked, id=12892, stack(0x00000042c0700000,0x00000042c0800000) (1024K)]
  0x0000015ed2caf9e0 JavaThread "Cache worker for journal cache (C:\Users\yanfe\.gradle\caches\journal-1)"        [_thread_blocked, id=6780, stack(0x00000042c1500000,0x00000042c1600000) (1024K)]
  0x0000015ed2fea870 JavaThread "File lock request listener"        [_thread_in_native, id=14876, stack(0x00000042c1600000,0x00000042c1700000) (1024K)]
  0x0000015ed2fe8e30 JavaThread "Cache worker for file hash cache (C:\Users\yanfe\.gradle\caches\8.14.5\fileHashes)"        [_thread_blocked, id=20952, stack(0x00000042c1700000,0x00000042c1800000) (1024K)]
  0x0000015ed2feaf00 JavaThread "File watcher server"        daemon [_thread_blocked, id=18032, stack(0x00000042c1a00000,0x00000042c1b00000) (1024K)]
  0x0000015ed2fe9b50 JavaThread "File watcher consumer"      daemon [_thread_blocked, id=21280, stack(0x00000042c1b00000,0x00000042c1c00000) (1024K)]
  0x0000015ed2fe8110 JavaThread "jar transforms"                    [_thread_blocked, id=22256, stack(0x00000042c0400000,0x00000042c0500000) (1024K)]
  0x0000015ed2fe87a0 JavaThread "jar transforms Thread 2"           [_thread_blocked, id=14352, stack(0x00000042c1c00000,0x00000042c1d00000) (1024K)]
  0x0000015ed2fee380 JavaThread "Cache worker for file content cache (C:\Users\yanfe\.gradle\caches\8.14.5\fileContent)"        [_thread_blocked, id=12272, stack(0x00000042c1f00000,0x00000042c2000000) (1024K)]
  0x0000015ed2feea10 JavaThread "jar transforms Thread 3"           [_thread_blocked, id=16364, stack(0x00000042c2000000,0x00000042c2100000) (1024K)]
  0x0000015ed3f1b8f0 JavaThread "jar transforms Thread 4"           [_thread_blocked, id=2152, stack(0x00000042c3700000,0x00000042c3800000) (1024K)]
  0x0000015ed5949890 JavaThread "jar transforms Thread 5"           [_thread_blocked, id=3484, stack(0x00000042c3800000,0x00000042c3900000) (1024K)]
  0x0000015ed594d3a0 JavaThread "jar transforms Thread 6"           [_thread_blocked, id=19924, stack(0x00000042c4300000,0x00000042c4400000) (1024K)]
  0x0000015ed594da30 JavaThread "jar transforms Thread 7"           [_thread_blocked, id=11320, stack(0x00000042c4400000,0x00000042c4500000) (1024K)]
  0x0000015ed594e750 JavaThread "jar transforms Thread 8"           [_thread_blocked, id=5304, stack(0x00000042c4500000,0x00000042c4600000) (1024K)]
  0x0000015ed51b7c60 JavaThread "Memory manager"                    [_thread_blocked, id=15464, stack(0x00000042c6700000,0x00000042c6800000) (1024K)]
  0x0000015ed24514f0 JavaThread "pool-3-thread-1"                   [_thread_blocked, id=3904, stack(0x00000042c6b00000,0x00000042c6c00000) (1024K)]
  0x0000015eddfa0df0 JavaThread "RMI Scheduler(0)"           daemon [_thread_blocked, id=15392, stack(0x00000042bfe00000,0x00000042bff00000) (1024K)]
  0x0000015eddfa1b10 JavaThread "RMI GC Daemon"              daemon [_thread_blocked, id=12692, stack(0x00000042cbb00000,0x00000042cbc00000) (1024K)]
  0x0000015eddfa21a0 JavaThread "RMI TCP Accept-0"           daemon [_thread_in_native, id=2052, stack(0x00000042cbc00000,0x00000042cbd00000) (1024K)]
  0x0000015eddfa1480 JavaThread "RMI Reaper"                        [_thread_blocked, id=4176, stack(0x00000042cbd00000,0x00000042cbe00000) (1024K)]
  0x0000015ed3dae960 JavaThread "Daemon Thread 2"                   [_thread_blocked, id=15152, stack(0x00000042be900000,0x00000042bea00000) (1024K)]
  0x0000015ed3daf680 JavaThread "Handler for socket connection from /127.0.0.1:50233 to /127.0.0.1:51359"        [_thread_in_native, id=21648, stack(0x00000042bea00000,0x00000042beb00000) (1024K)]
  0x0000015ed3db0a30 JavaThread "Cancel handler"                    [_thread_blocked, id=16020, stack(0x00000042beb00000,0x00000042bec00000) (1024K)]
  0x0000015ed3db10c0 JavaThread "Daemon worker Thread 2"            [_thread_blocked, id=21816, stack(0x00000042c0800000,0x00000042c0900000) (1024K)]
  0x0000015ed3db03a0 JavaThread "Asynchronous log dispatcher for DefaultDaemonConnection: socket connection from /127.0.0.1:50233 to /127.0.0.1:51359"        [_thread_blocked, id=14272, stack(0x00000042c0900000,0x00000042c0a00000) (1024K)]
  0x0000015ed3dafd10 JavaThread "Stdin handler"                     [_thread_blocked, id=7216, stack(0x00000042c0a00000,0x00000042c0b00000) (1024K)]
  0x0000015ed3db1750 JavaThread "Daemon client event forwarder"        [_thread_blocked, id=16144, stack(0x00000042c0b00000,0x00000042c0c00000) (1024K)]
  0x0000015ed3dae2d0 JavaThread "Cache worker for file hash cache (C:\Users\yanfe\projeto-navegacao\app-mobile\.gradle\8.14.5\fileHashes)"        [_thread_blocked, id=17752, stack(0x00000042c0c00000,0x00000042c0d00000) (1024K)]
  0x0000015ed3db2470 JavaThread "Cache worker for Build Output Cleanup Cache (C:\Users\yanfe\projeto-navegacao\app-mobile\.gradle\buildOutputCleanup)"        [_thread_blocked, id=22328, stack(0x00000042c0d00000,0x00000042c0e00000) (1024K)]
  0x0000015ed3db4bd0 JavaThread "Cache worker for checksums cache (C:\Users\yanfe\projeto-navegacao\app-mobile\.gradle\8.14.5\checksums)"        [_thread_blocked, id=18940, stack(0x00000042c0e00000,0x00000042c0f00000) (1024K)]
  0x0000015ed3db3190 JavaThread "Cache worker for cache directory md-supplier (C:\Users\yanfe\.gradle\caches\8.14.5\md-supplier)"        [_thread_blocked, id=13620, stack(0x00000042c1800000,0x00000042c1900000) (1024K)]
  0x0000015ed3db3820 JavaThread "Cache worker for cache directory md-rule (C:\Users\yanfe\.gradle\caches\8.14.5\md-rule)"        [_thread_blocked, id=16192, stack(0x00000042c1900000,0x00000042c1a00000) (1024K)]
  0x0000015ed3db5260 JavaThread "Unconstrained build operations"        [_thread_blocked, id=19328, stack(0x00000042c1e00000,0x00000042c1f00000) (1024K)]
  0x0000015ed3db1de0 JavaThread "Unconstrained build operations Thread 2"        [_thread_blocked, id=9412, stack(0x00000042c2100000,0x00000042c2200000) (1024K)]
  0x0000015ed3db7330 JavaThread "Unconstrained build operations Thread 3"        [_thread_blocked, id=2896, stack(0x00000042c2200000,0x00000042c2300000) (1024K)]
  0x0000015ed3db3eb0 JavaThread "Unconstrained build operations Thread 4"        [_thread_blocked, id=9416, stack(0x00000042c2300000,0x00000042c2400000) (1024K)]
  0x0000015ed3db5f80 JavaThread "Unconstrained build operations Thread 5"        [_thread_blocked, id=16244, stack(0x00000042c2400000,0x00000042c2500000) (1024K)]
  0x0000015ed3db58f0 JavaThread "Unconstrained build operations Thread 6"        [_thread_blocked, id=7844, stack(0x00000042c2500000,0x00000042c2600000) (1024K)]
  0x0000015ed3db4540 JavaThread "Unconstrained build operations Thread 7"        [_thread_blocked, id=2500, stack(0x00000042c2600000,0x00000042c2700000) (1024K)]
  0x0000015ed3db6610 JavaThread "Unconstrained build operations Thread 8"        [_thread_blocked, id=14676, stack(0x00000042c2700000,0x00000042c2800000) (1024K)]
  0x0000015ed3db79c0 JavaThread "Unconstrained build operations Thread 9"        [_thread_blocked, id=15580, stack(0x00000042c2800000,0x00000042c2900000) (1024K)]
  0x0000015ed3dba120 JavaThread "Unconstrained build operations Thread 10"        [_thread_blocked, id=22188, stack(0x00000042c2900000,0x00000042c2a00000) (1024K)]
  0x0000015eddfa2830 JavaThread "Unconstrained build operations Thread 11"        [_thread_blocked, id=22236, stack(0x00000042c2a00000,0x00000042c2b00000) (1024K)]
  0x0000015eddfa3be0 JavaThread "Unconstrained build operations Thread 12"        [_thread_blocked, id=23068, stack(0x00000042c2b00000,0x00000042c2c00000) (1024K)]
  0x0000015eddfa0760 JavaThread "Unconstrained build operations Thread 13"        [_thread_blocked, id=21120, stack(0x00000042c2c00000,0x00000042c2d00000) (1024K)]
  0x0000015eddfa4900 JavaThread "Unconstrained build operations Thread 14"        [_thread_blocked, id=12728, stack(0x00000042c2d00000,0x00000042c2e00000) (1024K)]
  0x0000015eddfa5cb0 JavaThread "Unconstrained build operations Thread 15"        [_thread_blocked, id=15448, stack(0x00000042c2e00000,0x00000042c2f00000) (1024K)]
  0x0000015eddfa6340 JavaThread "Unconstrained build operations Thread 16"        [_thread_blocked, id=12564, stack(0x00000042c2f00000,0x00000042c3000000) (1024K)]
  0x0000015eddfa5620 JavaThread "Unconstrained build operations Thread 17"        [_thread_blocked, id=12800, stack(0x00000042c3000000,0x00000042c3100000) (1024K)]
  0x0000015eddfa7060 JavaThread "Unconstrained build operations Thread 18"        [_thread_blocked, id=18304, stack(0x00000042c3100000,0x00000042c3200000) (1024K)]
  0x0000015eddfa76f0 JavaThread "Unconstrained build operations Thread 19"        [_thread_blocked, id=23316, stack(0x00000042c3200000,0x00000042c3300000) (1024K)]
  0x0000015eddfa4270 JavaThread "Unconstrained build operations Thread 20"        [_thread_blocked, id=16676, stack(0x00000042c3300000,0x00000042c3400000) (1024K)]
  0x0000015eddfa00d0 JavaThread "Unconstrained build operations Thread 21"        [_thread_blocked, id=7248, stack(0x00000042c3400000,0x00000042c3500000) (1024K)]
  0x0000015eddfa69d0 JavaThread "Unconstrained build operations Thread 22"        [_thread_blocked, id=22852, stack(0x00000042c3500000,0x00000042c3600000) (1024K)]
  0x0000015eddfa7d80 JavaThread "Unconstrained build operations Thread 23"        [_thread_blocked, id=8356, stack(0x00000042c3600000,0x00000042c3700000) (1024K)]
  0x0000015eddfa4f90 JavaThread "Unconstrained build operations Thread 24"        [_thread_blocked, id=5952, stack(0x00000042c3900000,0x00000042c3a00000) (1024K)]
  0x0000015eddfa97c0 JavaThread "Unconstrained build operations Thread 25"        [_thread_blocked, id=17928, stack(0x00000042c3a00000,0x00000042c3b00000) (1024K)]
  0x0000015eddfab890 JavaThread "Unconstrained build operations Thread 26"        [_thread_blocked, id=20924, stack(0x00000042c3b00000,0x00000042c3c00000) (1024K)]
  0x0000015eddfaab70 JavaThread "Unconstrained build operations Thread 27"        [_thread_blocked, id=18412, stack(0x00000042c3c00000,0x00000042c3d00000) (1024K)]
  0x0000015eddfa8aa0 JavaThread "Unconstrained build operations Thread 28"        [_thread_blocked, id=1208, stack(0x00000042c3d00000,0x00000042c3e00000) (1024K)]
  0x0000015eddfa8410 JavaThread "Unconstrained build operations Thread 29"        [_thread_blocked, id=15676, stack(0x00000042c3e00000,0x00000042c3f00000) (1024K)]
  0x0000015eddfa9e50 JavaThread "Unconstrained build operations Thread 30"        [_thread_blocked, id=8168, stack(0x00000042c3f00000,0x00000042c4000000) (1024K)]
  0x0000015eddfabf20 JavaThread "Unconstrained build operations Thread 31"        [_thread_blocked, id=23172, stack(0x00000042c4000000,0x00000042c4100000) (1024K)]
  0x0000015eddfab200 JavaThread "Unconstrained build operations Thread 32"        [_thread_blocked, id=14260, stack(0x00000042c4100000,0x00000042c4200000) (1024K)]
  0x0000015eddfaa4e0 JavaThread "Unconstrained build operations Thread 33"        [_thread_blocked, id=6256, stack(0x00000042c4200000,0x00000042c4300000) (1024K)]
  0x0000015eddfaf3a0 JavaThread "Unconstrained build operations Thread 34"        [_thread_blocked, id=23304, stack(0x00000042c4600000,0x00000042c4700000) (1024K)]
  0x0000015eddfaed10 JavaThread "Unconstrained build operations Thread 35"        [_thread_blocked, id=14212, stack(0x00000042c4700000,0x00000042c4800000) (1024K)]
  0x0000015eddfadff0 JavaThread "Unconstrained build operations Thread 36"        [_thread_blocked, id=22724, stack(0x00000042c4800000,0x00000042c4900000) (1024K)]
  0x0000015eddfae680 JavaThread "Unconstrained build operations Thread 37"        [_thread_blocked, id=1412, stack(0x00000042c4900000,0x00000042c4a00000) (1024K)]
  0x0000015eddfad2d0 JavaThread "Unconstrained build operations Thread 38"        [_thread_blocked, id=10056, stack(0x00000042c4a00000,0x00000042c4b00000) (1024K)]
  0x0000015eddfac5b0 JavaThread "Unconstrained build operations Thread 39"        [_thread_blocked, id=3832, stack(0x00000042c4b00000,0x00000042c4c00000) (1024K)]
  0x0000015eddfacc40 JavaThread "Unconstrained build operations Thread 40"        [_thread_blocked, id=16296, stack(0x00000042c4c00000,0x00000042c4d00000) (1024K)]
  0x0000015ed1855d60 JavaThread "Unconstrained build operations Thread 41"        [_thread_blocked, id=15824, stack(0x00000042c4d00000,0x00000042c4e00000) (1024K)]
  0x0000015ed18591e0 JavaThread "Unconstrained build operations Thread 42"        [_thread_blocked, id=2916, stack(0x00000042c4e00000,0x00000042c4f00000) (1024K)]
  0x0000015ed1859870 JavaThread "build event listener"              [_thread_blocked, id=2664, stack(0x00000042c4f00000,0x00000042c5000000) (1024K)]
  0x0000015ed1859f00 JavaThread "build event listener"              [_thread_blocked, id=15948, stack(0x00000042c5000000,0x00000042c5100000) (1024K)]
  0x0000015ed18577a0 JavaThread "pool-8-thread-1"                   [_thread_blocked, id=2472, stack(0x00000042c5100000,0x00000042c5200000) (1024K)]
  0x0000015ed18584c0 JavaThread "build event listener"              [_thread_blocked, id=6372, stack(0x00000042c5200000,0x00000042c5300000) (1024K)]
  0x0000015ed1857e30 JavaThread "Problems report writer"            [_thread_blocked, id=22684, stack(0x00000042c5300000,0x00000042c5400000) (1024K)]
  0x0000015ed185c660 JavaThread "included builds"                   [_thread_blocked, id=14592, stack(0x00000042c5400000,0x00000042c5500000) (1024K)]
  0x0000015ed185e730 JavaThread "Execution worker"                  [_thread_blocked, id=18316, stack(0x00000042c5500000,0x00000042c5600000) (1024K)]
  0x0000015ed185da10 JavaThread "Execution worker Thread 2"         [_thread_blocked, id=3252, stack(0x00000042c5600000,0x00000042c5700000) (1024K)]
  0x0000015ed185b940 JavaThread "Execution worker Thread 3"         [_thread_blocked, id=6744, stack(0x00000042c5700000,0x00000042c5800000) (1024K)]
  0x0000015ed185b2b0 JavaThread "Execution worker Thread 4"         [_thread_blocked, id=13016, stack(0x00000042c5800000,0x00000042c5900000) (1024K)]
  0x0000015ed185e0a0 JavaThread "Execution worker Thread 5"         [_thread_blocked, id=17984, stack(0x00000042c5900000,0x00000042c5a00000) (1024K)]
  0x0000015ed185edc0 JavaThread "Execution worker Thread 6"         [_thread_blocked, id=19024, stack(0x00000042c5a00000,0x00000042c5b00000) (1024K)]
  0x0000015ed185f450 JavaThread "Execution worker Thread 7"         [_thread_blocked, id=16116, stack(0x00000042c5b00000,0x00000042c5c00000) (1024K)]
  0x0000015ed185bfd0 JavaThread "Execution worker Thread 8"         [_thread_blocked, id=21764, stack(0x00000042c5c00000,0x00000042c5d00000) (1024K)]
  0x0000015ed185fae0 JavaThread "Execution worker Thread 9"         [_thread_blocked, id=20484, stack(0x00000042c5d00000,0x00000042c5e00000) (1024K)]
  0x0000015ed185d380 JavaThread "Execution worker Thread 10"        [_thread_blocked, id=9332, stack(0x00000042c5e00000,0x00000042c5f00000) (1024K)]
  0x0000015ed185ccf0 JavaThread "Execution worker Thread 11"        [_thread_blocked, id=14644, stack(0x00000042c5f00000,0x00000042c6000000) (1024K)]
  0x0000015ed1861520 JavaThread "Cache worker for execution history cache (C:\Users\yanfe\projeto-navegacao\app-mobile\.gradle\8.14.5\executionHistory)"        [_thread_blocked, id=10504, stack(0x00000042c6000000,0x00000042c6100000) (1024K)]
  0x0000015ed1861bb0 JavaThread "Unconstrained build operations Thread 43"        [_thread_blocked, id=16668, stack(0x00000042c6100000,0x00000042c6200000) (1024K)]
  0x0000015ed1862240 JavaThread "Unconstrained build operations Thread 44"        [_thread_blocked, id=14512, stack(0x00000042c6200000,0x00000042c6300000) (1024K)]
  0x0000015ed1862f60 JavaThread "Unconstrained build operations Thread 45"        [_thread_blocked, id=14836, stack(0x00000042c6300000,0x00000042c6400000) (1024K)]
  0x0000015ed18635f0 JavaThread "Unconstrained build operations Thread 46"        [_thread_blocked, id=14344, stack(0x00000042c6400000,0x00000042c6500000) (1024K)]
  0x0000015ed1860e90 JavaThread "Unconstrained build operations Thread 47"        [_thread_blocked, id=12848, stack(0x00000042c6500000,0x00000042c6600000) (1024K)]
  0x0000015ed1863c80 JavaThread "Unconstrained build operations Thread 48"        [_thread_blocked, id=14332, stack(0x00000042c6600000,0x00000042c6700000) (1024K)]
  0x0000015ed1860800 JavaThread "Unconstrained build operations Thread 49"        [_thread_blocked, id=14608, stack(0x00000042c6800000,0x00000042c6900000) (1024K)]
  0x0000015ed1864310 JavaThread "Unconstrained build operations Thread 50"        [_thread_blocked, id=21212, stack(0x00000042c6900000,0x00000042c6a00000) (1024K)]
  0x0000015ed18649a0 JavaThread "Unconstrained build operations Thread 51"        [_thread_blocked, id=3784, stack(0x00000042c6a00000,0x00000042c6b00000) (1024K)]
  0x0000015ed3f18470 JavaThread "Unconstrained build operations Thread 52"        [_thread_blocked, id=12872, stack(0x00000042c6c00000,0x00000042c6d00000) (1024K)]
  0x0000015ed3f16a30 JavaThread "Unconstrained build operations Thread 53"        [_thread_blocked, id=15140, stack(0x00000042c6d00000,0x00000042c6e00000) (1024K)]
  0x0000015edce21c20 JavaThread "WorkerExecutor Queue"              [_thread_in_vm, id=20956, stack(0x00000042c6f00000,0x00000042c7000000) (1024K)]
  0x0000015edce24380 JavaThread "WorkerExecutor Queue Thread 2"        [_thread_blocked, id=22028, stack(0x00000042c7000000,0x00000042c7100000) (1024K)]
  0x0000015edce22940 JavaThread "Unconstrained build operations Thread 54"        [_thread_blocked, id=14840, stack(0x00000042c7100000,0x00000042c7200000) (1024K)]
  0x0000015edce22fd0 JavaThread "Unconstrained build operations Thread 55"        [_thread_blocked, id=9364, stack(0x00000042c7200000,0x00000042c7300000) (1024K)]
  0x0000015edce23660 JavaThread "Unconstrained build operations Thread 56"        [_thread_blocked, id=9828, stack(0x00000042c7300000,0x00000042c7400000) (1024K)]
  0x0000015ed2450e60 JavaThread "Unconstrained build operations Thread 57"        [_thread_blocked, id=17812, stack(0x00000042c7400000,0x00000042c7500000) (1024K)]
  0x0000015ed24507d0 JavaThread "Unconstrained build operations Thread 58"        [_thread_blocked, id=23476, stack(0x00000042c7500000,0x00000042c7600000) (1024K)]
  0x0000015ed244f420 JavaThread "Unconstrained build operations Thread 59"        [_thread_blocked, id=14852, stack(0x00000042c7600000,0x00000042c7700000) (1024K)]
  0x0000015ed2455690 JavaThread "Unconstrained build operations Thread 60"        [_thread_blocked, id=17760, stack(0x00000042c7700000,0x00000042c7800000) (1024K)]
  0x0000015ed2455000 JavaThread "Unconstrained build operations Thread 61"        [_thread_blocked, id=4968, stack(0x00000042c7800000,0x00000042c7900000) (1024K)]
  0x0000015ed2455d20 JavaThread "Unconstrained build operations Thread 62"        [_thread_blocked, id=13152, stack(0x00000042c7900000,0x00000042c7a00000) (1024K)]
  0x0000015ed2cb0070 JavaThread "Unconstrained build operations Thread 63"        [_thread_blocked, id=5704, stack(0x00000042c7a00000,0x00000042c7b00000) (1024K)]
  0x0000015ed2caf350 JavaThread "Unconstrained build operations Thread 64"        [_thread_blocked, id=20280, stack(0x00000042c7b00000,0x00000042c7c00000) (1024K)]
  0x0000015ed2cb0700 JavaThread "Unconstrained build operations Thread 65"        [_thread_blocked, id=14468, stack(0x00000042c7c00000,0x00000042c7d00000) (1024K)]
  0x0000015ed18628d0 JavaThread "WorkerExecutor Queue Thread 3"        [_thread_blocked, id=5376, stack(0x00000042c7d00000,0x00000042c7e00000) (1024K)]
  0x0000015ed4967db0 JavaThread "pool-9-thread-1"                   [_thread_blocked, id=15116, stack(0x00000042c7e00000,0x00000042c7f00000) (1024K)]
  0x0000015ed4968440 JavaThread "stderr"                            [_thread_in_native, id=13024, stack(0x00000042c7f00000,0x00000042c8000000) (1024K)]
  0x0000015ed496b8c0 JavaThread "stdout"                            [_thread_in_native, id=15148, stack(0x00000042c8000000,0x00000042c8100000) (1024K)]
  0x0000015ed496bf50 JavaThread "Unconstrained build operations Thread 66"        [_thread_blocked, id=17828, stack(0x00000042c8100000,0x00000042c8200000) (1024K)]
  0x0000015ed49697f0 JavaThread "Unconstrained build operations Thread 67"        [_thread_blocked, id=9420, stack(0x00000042c8200000,0x00000042c8300000) (1024K)]
  0x0000015ed4968ad0 JavaThread "Unconstrained build operations Thread 68"        [_thread_blocked, id=9912, stack(0x00000042c8300000,0x00000042c8400000) (1024K)]
  0x0000015ed496c5e0 JavaThread "Unconstrained build operations Thread 69"        [_thread_blocked, id=21636, stack(0x00000042c8400000,0x00000042c8500000) (1024K)]
  0x0000015ed496a510 JavaThread "Unconstrained build operations Thread 70"        [_thread_blocked, id=21600, stack(0x00000042c8500000,0x00000042c8600000) (1024K)]
  0x0000015ed4969160 JavaThread "Unconstrained build operations Thread 71"        [_thread_blocked, id=6244, stack(0x00000042c8600000,0x00000042c8700000) (1024K)]
  0x0000015ed496cc70 JavaThread "Unconstrained build operations Thread 72"        [_thread_blocked, id=16188, stack(0x00000042c8700000,0x00000042c8800000) (1024K)]
  0x0000015ed496d300 JavaThread "Unconstrained build operations Thread 73"        [_thread_blocked, id=15128, stack(0x00000042c8800000,0x00000042c8900000) (1024K)]
  0x0000015ed4969e80 JavaThread "Unconstrained build operations Thread 74"        [_thread_blocked, id=14460, stack(0x00000042c8900000,0x00000042c8a00000) (1024K)]
  0x0000015ed496aba0 JavaThread "WorkerExecutor Queue Thread 4"        [_thread_in_Java, id=15192, stack(0x00000042c8a00000,0x00000042c8b00000) (1024K)]
  0x0000015ed496d990 JavaThread "RMI RenewClean-[127.0.0.1:17320,org.jetbrains.kotlin.daemon.common.LoopbackNetworkInterface$ClientLoopbackSocketFactory@51da5008]" daemon [_thread_blocked, id=10000, stack(0x00000042c8b00000,0x00000042c8c00000) (1024K)]
  0x0000015ed496e020 JavaThread "RMI TCP Connection(2)-127.0.0.1" daemon [_thread_in_native, id=22504, stack(0x00000042c8c00000,0x00000042c8d00000) (1024K)]
  0x0000015ed496e6b0 JavaThread "RMI TCP Connection(3)-127.0.0.1" daemon [_thread_in_native, id=23264, stack(0x00000042c1d00000,0x00000042c1e00000) (1024K)]
  0x0000015ed496b230 JavaThread "WorkerExecutor Queue Thread 5"        [_thread_blocked, id=1864, stack(0x00000042c6e00000,0x00000042c6f00000) (1024K)]
  0x0000015ed496ed40 JavaThread "WorkerExecutor Queue Thread 6"        [_thread_blocked, id=10584, stack(0x00000042c8d00000,0x00000042c8e00000) (1024K)]
  0x0000015ed496f3d0 JavaThread "WorkerExecutor Queue Thread 7"        [_thread_blocked, id=16076, stack(0x00000042c8e00000,0x00000042c8f00000) (1024K)]
  0x0000015ed51b2080 JavaThread "WorkerExecutor Queue Thread 8"        [_thread_blocked, id=10940, stack(0x00000042c8f00000,0x00000042c9000000) (1024K)]
  0x0000015ed51b3ac0 JavaThread "WorkerExecutor Queue Thread 9"        [_thread_blocked, id=2756, stack(0x00000042c9000000,0x00000042c9100000) (1024K)]
  0x0000015ed51b2710 JavaThread "WorkerExecutor Queue Thread 10"        [_thread_in_vm, id=7100, stack(0x00000042c9100000,0x00000042c9200000) (1024K)]
  0x0000015edc893b40 JavaThread "C2 CompilerThread1"         daemon [_thread_in_native, id=14560, stack(0x00000042c9300000,0x00000042c9400000) (1024K)]
  0x0000015ed51b3430 JavaThread "WorkerExecutor Queue Thread 12"        [_thread_blocked, id=15780, stack(0x00000042c9400000,0x00000042c9500000) (1024K)]
  0x0000015ed51b4150 JavaThread "WorkerExecutor Queue Thread 13"        [_thread_blocked, id=12868, stack(0x00000042c9500000,0x00000042c9600000) (1024K)]
=>0x0000015edc8926d0 JavaThread "C2 CompilerThread2"         daemon [_thread_in_native, id=18624, stack(0x00000042c9600000,0x00000042c9700000) (1024K)]
Total: 158

Other Threads:
  0x0000015ecc144d20 VMThread "VM Thread"                           [id=15280, stack(0x00000042bf300000,0x00000042bf400000) (1024K)]
  0x0000015ecc1d19e0 WatcherThread "VM Periodic Task Thread"        [id=14564, stack(0x00000042bf200000,0x00000042bf300000) (1024K)]
  0x0000015eb46349f0 WorkerThread "GC Thread#0"                     [id=18948, stack(0x00000042bed00000,0x00000042bee00000) (1024K)]
  0x0000015ecccbae50 WorkerThread "GC Thread#1"                     [id=15760, stack(0x00000042bff00000,0x00000042c0000000) (1024K)]
  0x0000015ecccbb200 WorkerThread "GC Thread#2"                     [id=6456, stack(0x00000042c0000000,0x00000042c0100000) (1024K)]
  0x0000015ecccbb5b0 WorkerThread "GC Thread#3"                     [id=11872, stack(0x00000042c0100000,0x00000042c0200000) (1024K)]
  0x0000015ecccbbd70 WorkerThread "GC Thread#4"                     [id=13404, stack(0x00000042c0200000,0x00000042c0300000) (1024K)]
  0x0000015eccc7e650 WorkerThread "GC Thread#5"                     [id=16156, stack(0x00000042c0300000,0x00000042c0400000) (1024K)]
  0x0000015ed2cb16e0 WorkerThread "GC Thread#6"                     [id=15712, stack(0x00000042c0f00000,0x00000042c1000000) (1024K)]
  0x0000015ed1b69640 WorkerThread "GC Thread#7"                     [id=15708, stack(0x00000042c1000000,0x00000042c1100000) (1024K)]
  0x0000015ed2cac2a0 WorkerThread "GC Thread#8"                     [id=764, stack(0x00000042c1100000,0x00000042c1200000) (1024K)]
  0x0000015ed2cac650 WorkerThread "GC Thread#9"                     [id=6776, stack(0x00000042c1200000,0x00000042c1300000) (1024K)]
  0x0000015eb46458f0 ConcurrentGCThread "G1 Main Marker"            [id=14584, stack(0x00000042bee00000,0x00000042bef00000) (1024K)]
  0x0000015eb4646310 WorkerThread "G1 Conc#0"                       [id=14656, stack(0x00000042bef00000,0x00000042bf000000) (1024K)]
  0x0000015ed2ce1e90 WorkerThread "G1 Conc#1"                       [id=980, stack(0x00000042c1300000,0x00000042c1400000) (1024K)]
  0x0000015ed2ce0fd0 WorkerThread "G1 Conc#2"                       [id=14408, stack(0x00000042c1400000,0x00000042c1500000) (1024K)]
  0x0000015ecc0296e0 ConcurrentGCThread "G1 Refine#0"               [id=13780, stack(0x00000042bf000000,0x00000042bf100000) (1024K)]
  0x0000015ecc02af20 ConcurrentGCThread "G1 Service"                [id=21604, stack(0x00000042bf100000,0x00000042bf200000) (1024K)]
Total: 18

Threads with active compile tasks:
C2 CompilerThread0  251394 23384       4       com.android.tools.r8.internal.K5::remove (355 bytes)
C1 CompilerThread0  251394 23401       3       com.android.tools.r8.graph.E0::D (2 bytes)
C2 CompilerThread1  251394 23301       4       com.android.tools.r8.internal.E3::b (1535 bytes)
C2 CompilerThread2  251394 23247 %     4       com.android.tools.r8.internal.rd::a @ 2507 (4363 bytes)
Total: 4

VM state: not at safepoint (normal execution)

VM Mutex/Monitor currently owned by a thread:  ([mutex/lock_event])
[0x00007ffdb4cf7050] CompiledIC_lock - owner thread: 0x0000015ed18628d0

Heap address: 0x0000000080000000, size: 2048 MB, Compressed Oops mode: 32-bit

CDS archive(s) not mapped
Compressed class space mapped at: 0x0000000100000000-0x0000000140000000, reserved size: 1073741824
Narrow klass base: 0x0000000000000000, Narrow klass shift: 3, Narrow klass range: 0x140000000

GC Precious Log:
 CardTable entry size: 512
 Card Set container configuration: InlinePtr #cards 5 size 8 Array Of Cards #cards 12 size 40 Howl #buckets 4 coarsen threshold 1843 Howl Bitmap #cards 512 size 80 coarsen threshold 460 Card regions per heap region 1 cards per card region 2048
 CPUs: 12 total, 12 available
 Memory: 16067M
 Large Page Support: Disabled
 NUMA Support: Disabled
 Compressed Oops: Enabled (32-bit)
 Heap Region Size: 1M
 Heap Min Capacity: 8M
 Heap Initial Capacity: 252M
 Heap Max Capacity: 2G
 Pre-touch: Disabled
 Parallel Workers: 10
 Concurrent Workers: 3
 Concurrent Refinement Workers: 10
 Periodic GC: Disabled

Heap:
 garbage-first heap   total 329728K, used 232000K [0x0000000080000000, 0x0000000100000000)
  region size 1024K, 46 young (47104K), 6 survivors (6144K)
 Metaspace       used 167110K, committed 169600K, reserved 1245184K
  class space    used 22916K, committed 24128K, reserved 1048576K

Heap Regions: E=young(eden), S=young(survivor), O=old, HS=humongous(starts), HC=humongous(continues), CS=collection set, F=free, TAMS=top-at-mark-start, PB=parsable bottom
|   0|0x0000000080000000, 0x0000000080100000, 0x0000000080100000|100%|HS|  |TAMS 0x0000000080000000| PB 0x0000000080000000| Complete 
|   1|0x0000000080100000, 0x0000000080200000, 0x0000000080200000|100%|HC|  |TAMS 0x0000000080100000| PB 0x0000000080100000| Complete 
|   2|0x0000000080200000, 0x0000000080300000, 0x0000000080300000|100%|HC|  |TAMS 0x0000000080200000| PB 0x0000000080200000| Complete 
|   3|0x0000000080300000, 0x0000000080400000, 0x0000000080400000|100%| O|  |TAMS 0x0000000080300000| PB 0x0000000080300000| Untracked 
|   4|0x0000000080400000, 0x0000000080500000, 0x0000000080500000|100%| O|  |TAMS 0x0000000080400000| PB 0x0000000080400000| Untracked 
|   5|0x0000000080500000, 0x0000000080600000, 0x0000000080600000|100%| O|  |TAMS 0x0000000080500000| PB 0x0000000080500000| Untracked 
|   6|0x0000000080600000, 0x0000000080700000, 0x0000000080700000|100%|HS|  |TAMS 0x0000000080600000| PB 0x0000000080600000| Complete 
|   7|0x0000000080700000, 0x0000000080800000, 0x0000000080800000|100%| O|  |TAMS 0x0000000080700000| PB 0x0000000080700000| Untracked 
|   8|0x0000000080800000, 0x0000000080900000, 0x0000000080900000|100%| O|  |TAMS 0x0000000080800000| PB 0x0000000080800000| Untracked 
|   9|0x0000000080900000, 0x0000000080a00000, 0x0000000080a00000|100%| O|  |TAMS 0x0000000080900000| PB 0x0000000080900000| Untracked 
|  10|0x0000000080a00000, 0x0000000080b00000, 0x0000000080b00000|100%| O|  |TAMS 0x0000000080a00000| PB 0x0000000080a00000| Untracked 
|  11|0x0000000080b00000, 0x0000000080c00000, 0x0000000080c00000|100%| O|  |TAMS 0x0000000080b00000| PB 0x0000000080b00000| Untracked 
|  12|0x0000000080c00000, 0x0000000080d00000, 0x0000000080d00000|100%| O|  |TAMS 0x0000000080c00000| PB 0x0000000080c00000| Untracked 
|  13|0x0000000080d00000, 0x0000000080e00000, 0x0000000080e00000|100%| O|  |TAMS 0x0000000080d00000| PB 0x0000000080d00000| Untracked 
|  14|0x0000000080e00000, 0x0000000080f00000, 0x0000000080f00000|100%| O|  |TAMS 0x0000000080e00000| PB 0x0000000080e00000| Untracked 
|  15|0x0000000080f00000, 0x0000000081000000, 0x0000000081000000|100%| O|  |TAMS 0x0000000080f00000| PB 0x0000000080f00000| Untracked 
|  16|0x0000000081000000, 0x0000000081100000, 0x0000000081100000|100%| O|  |TAMS 0x0000000081000000| PB 0x0000000081000000| Untracked 
|  17|0x0000000081100000, 0x0000000081200000, 0x0000000081200000|100%| O|  |TAMS 0x0000000081100000| PB 0x0000000081100000| Untracked 
|  18|0x0000000081200000, 0x0000000081300000, 0x0000000081300000|100%| O|  |TAMS 0x0000000081200000| PB 0x0000000081200000| Untracked 
|  19|0x0000000081300000, 0x0000000081400000, 0x0000000081400000|100%| O|  |TAMS 0x0000000081300000| PB 0x0000000081300000| Untracked 
|  20|0x0000000081400000, 0x0000000081500000, 0x0000000081500000|100%|HS|  |TAMS 0x0000000081400000| PB 0x0000000081400000| Complete 
|  21|0x0000000081500000, 0x0000000081600000, 0x0000000081600000|100%|HC|  |TAMS 0x0000000081500000| PB 0x0000000081500000| Complete 
|  22|0x0000000081600000, 0x0000000081700000, 0x0000000081700000|100%| O|  |TAMS 0x0000000081600000| PB 0x0000000081600000| Untracked 
|  23|0x0000000081700000, 0x0000000081800000, 0x0000000081800000|100%| O|  |TAMS 0x0000000081700000| PB 0x0000000081700000| Untracked 
|  24|0x0000000081800000, 0x0000000081900000, 0x0000000081900000|100%| O|  |TAMS 0x0000000081800000| PB 0x0000000081800000| Untracked 
|  25|0x0000000081900000, 0x0000000081a00000, 0x0000000081a00000|100%| O|  |TAMS 0x0000000081900000| PB 0x0000000081900000| Untracked 
|  26|0x0000000081a00000, 0x0000000081b00000, 0x0000000081b00000|100%| O|  |TAMS 0x0000000081a00000| PB 0x0000000081a00000| Untracked 
|  27|0x0000000081b00000, 0x0000000081c00000, 0x0000000081c00000|100%| O|  |TAMS 0x0000000081b00000| PB 0x0000000081b00000| Untracked 
|  28|0x0000000081c00000, 0x0000000081d00000, 0x0000000081d00000|100%| O|  |TAMS 0x0000000081c00000| PB 0x0000000081c00000| Untracked 
|  29|0x0000000081d00000, 0x0000000081e00000, 0x0000000081e00000|100%| O|  |TAMS 0x0000000081d00000| PB 0x0000000081d00000| Untracked 
|  30|0x0000000081e00000, 0x0000000081f00000, 0x0000000081f00000|100%| O|  |TAMS 0x0000000081e00000| PB 0x0000000081e00000| Untracked 
|  31|0x0000000081f00000, 0x0000000082000000, 0x0000000082000000|100%| O|  |TAMS 0x0000000081f00000| PB 0x0000000081f00000| Untracked 
|  32|0x0000000082000000, 0x0000000082100000, 0x0000000082100000|100%| O|  |TAMS 0x0000000082000000| PB 0x0000000082000000| Untracked 
|  33|0x0000000082100000, 0x0000000082200000, 0x0000000082200000|100%| O|  |TAMS 0x0000000082100000| PB 0x0000000082100000| Untracked 
|  34|0x0000000082200000, 0x0000000082300000, 0x0000000082300000|100%| O|  |TAMS 0x0000000082200000| PB 0x0000000082200000| Untracked 
|  35|0x0000000082300000, 0x0000000082400000, 0x0000000082400000|100%| O|  |TAMS 0x0000000082300000| PB 0x0000000082300000| Untracked 
|  36|0x0000000082400000, 0x0000000082500000, 0x0000000082500000|100%| O|Cm|TAMS 0x0000000082400000| PB 0x0000000082400000| Complete 
|  37|0x0000000082500000, 0x0000000082600000, 0x0000000082600000|100%| O|Cm|TAMS 0x0000000082500000| PB 0x0000000082500000| Complete 
|  38|0x0000000082600000, 0x0000000082700000, 0x0000000082700000|100%| O|  |TAMS 0x0000000082600000| PB 0x0000000082600000| Untracked 
|  39|0x0000000082700000, 0x0000000082800000, 0x0000000082800000|100%| O|  |TAMS 0x0000000082700000| PB 0x0000000082700000| Untracked 
|  40|0x0000000082800000, 0x0000000082900000, 0x0000000082900000|100%|HS|  |TAMS 0x0000000082800000| PB 0x0000000082800000| Complete 
|  41|0x0000000082900000, 0x0000000082a00000, 0x0000000082a00000|100%| O|  |TAMS 0x0000000082900000| PB 0x0000000082900000| Untracked 
|  42|0x0000000082a00000, 0x0000000082b00000, 0x0000000082b00000|100%| O|  |TAMS 0x0000000082a00000| PB 0x0000000082a00000| Untracked 
|  43|0x0000000082b00000, 0x0000000082c00000, 0x0000000082c00000|100%| O|  |TAMS 0x0000000082b00000| PB 0x0000000082b00000| Untracked 
|  44|0x0000000082c00000, 0x0000000082d00000, 0x0000000082d00000|100%| O|Cm|TAMS 0x0000000082c00000| PB 0x0000000082c00000| Complete 
|  45|0x0000000082d00000, 0x0000000082e00000, 0x0000000082e00000|100%| O|Cm|TAMS 0x0000000082d00000| PB 0x0000000082d00000| Complete 
|  46|0x0000000082e00000, 0x0000000082f00000, 0x0000000082f00000|100%|HS|  |TAMS 0x0000000082e00000| PB 0x0000000082e00000| Complete 
|  47|0x0000000082f00000, 0x0000000083000000, 0x0000000083000000|100%|HS|  |TAMS 0x0000000082f00000| PB 0x0000000082f00000| Complete 
|  48|0x0000000083000000, 0x0000000083100000, 0x0000000083100000|100%|HC|  |TAMS 0x0000000083000000| PB 0x0000000083000000| Complete 
|  49|0x0000000083100000, 0x0000000083200000, 0x0000000083200000|100%|HS|  |TAMS 0x0000000083100000| PB 0x0000000083100000| Complete 
|  50|0x0000000083200000, 0x0000000083300000, 0x0000000083300000|100%| O|  |TAMS 0x0000000083200000| PB 0x0000000083200000| Untracked 
|  51|0x0000000083300000, 0x0000000083400000, 0x0000000083400000|100%| O|  |TAMS 0x0000000083300000| PB 0x0000000083300000| Untracked 
|  52|0x0000000083400000, 0x0000000083500000, 0x0000000083500000|100%| O|  |TAMS 0x0000000083400000| PB 0x0000000083400000| Untracked 
|  53|0x0000000083500000, 0x0000000083600000, 0x0000000083600000|100%|HS|  |TAMS 0x0000000083500000| PB 0x0000000083500000| Complete 
|  54|0x0000000083600000, 0x0000000083700000, 0x0000000083700000|100%|HC|  |TAMS 0x0000000083600000| PB 0x0000000083600000| Complete 
|  55|0x0000000083700000, 0x0000000083800000, 0x0000000083800000|100%|HS|  |TAMS 0x0000000083700000| PB 0x0000000083700000| Complete 
|  56|0x0000000083800000, 0x0000000083900000, 0x0000000083900000|100%| O|  |TAMS 0x0000000083800000| PB 0x0000000083800000| Untracked 
|  57|0x0000000083900000, 0x0000000083a00000, 0x0000000083a00000|100%|HS|  |TAMS 0x0000000083900000| PB 0x0000000083900000| Complete 
|  58|0x0000000083a00000, 0x0000000083b00000, 0x0000000083b00000|100%|HS|  |TAMS 0x0000000083a00000| PB 0x0000000083a00000| Complete 
|  59|0x0000000083b00000, 0x0000000083c00000, 0x0000000083c00000|100%|HC|  |TAMS 0x0000000083b00000| PB 0x0000000083b00000| Complete 
|  60|0x0000000083c00000, 0x0000000083d00000, 0x0000000083d00000|100%|HC|  |TAMS 0x0000000083c00000| PB 0x0000000083c00000| Complete 
|  61|0x0000000083d00000, 0x0000000083e00000, 0x0000000083e00000|100%|HS|  |TAMS 0x0000000083d00000| PB 0x0000000083d00000| Complete 
|  62|0x0000000083e00000, 0x0000000083f00000, 0x0000000083f00000|100%| O|  |TAMS 0x0000000083e00000| PB 0x0000000083e00000| Untracked 
|  63|0x0000000083f00000, 0x0000000084000000, 0x0000000084000000|100%| O|  |TAMS 0x0000000083f00000| PB 0x0000000083f00000| Untracked 
|  64|0x0000000084000000, 0x0000000084100000, 0x0000000084100000|100%|HS|  |TAMS 0x0000000084000000| PB 0x0000000084000000| Complete 
|  65|0x0000000084100000, 0x0000000084200000, 0x0000000084200000|100%| O|  |TAMS 0x0000000084100000| PB 0x0000000084100000| Untracked 
|  66|0x0000000084200000, 0x0000000084300000, 0x0000000084300000|100%| O|  |TAMS 0x0000000084200000| PB 0x0000000084200000| Untracked 
|  67|0x0000000084300000, 0x0000000084400000, 0x0000000084400000|100%|HS|  |TAMS 0x0000000084300000| PB 0x0000000084300000| Complete 
|  68|0x0000000084400000, 0x0000000084500000, 0x0000000084500000|100%|HC|  |TAMS 0x0000000084400000| PB 0x0000000084400000| Complete 
|  69|0x0000000084500000, 0x0000000084600000, 0x0000000084600000|100%|HC|  |TAMS 0x0000000084500000| PB 0x0000000084500000| Complete 
|  70|0x0000000084600000, 0x0000000084700000, 0x0000000084700000|100%| O|  |TAMS 0x0000000084600000| PB 0x0000000084600000| Untracked 
|  71|0x0000000084700000, 0x0000000084800000, 0x0000000084800000|100%| O|  |TAMS 0x0000000084700000| PB 0x0000000084700000| Untracked 
|  72|0x0000000084800000, 0x0000000084900000, 0x0000000084900000|100%| O|  |TAMS 0x0000000084800000| PB 0x0000000084800000| Untracked 
|  73|0x0000000084900000, 0x0000000084a00000, 0x0000000084a00000|100%| O|  |TAMS 0x0000000084900000| PB 0x0000000084900000| Untracked 
|  74|0x0000000084a00000, 0x0000000084b00000, 0x0000000084b00000|100%| O|  |TAMS 0x0000000084a00000| PB 0x0000000084a00000| Untracked 
|  75|0x0000000084b00000, 0x0000000084c00000, 0x0000000084c00000|100%| O|  |TAMS 0x0000000084b00000| PB 0x0000000084b00000| Untracked 
|  76|0x0000000084c00000, 0x0000000084d00000, 0x0000000084d00000|100%| O|  |TAMS 0x0000000084c00000| PB 0x0000000084c00000| Untracked 
|  77|0x0000000084d00000, 0x0000000084e00000, 0x0000000084e00000|100%| O|  |TAMS 0x0000000084d00000| PB 0x0000000084d00000| Untracked 
|  78|0x0000000084e00000, 0x0000000084f00000, 0x0000000084f00000|100%| O|  |TAMS 0x0000000084e00000| PB 0x0000000084e00000| Untracked 
|  79|0x0000000084f00000, 0x0000000085000000, 0x0000000085000000|100%| O|  |TAMS 0x0000000084f00000| PB 0x0000000084f00000| Untracked 
|  80|0x0000000085000000, 0x0000000085100000, 0x0000000085100000|100%| O|  |TAMS 0x0000000085000000| PB 0x0000000085000000| Untracked 
|  81|0x0000000085100000, 0x0000000085200000, 0x0000000085200000|100%| O|  |TAMS 0x0000000085100000| PB 0x0000000085100000| Untracked 
|  82|0x0000000085200000, 0x0000000085300000, 0x0000000085300000|100%| O|  |TAMS 0x0000000085200000| PB 0x0000000085200000| Untracked 
|  83|0x0000000085300000, 0x0000000085400000, 0x0000000085400000|100%| O|  |TAMS 0x0000000085300000| PB 0x0000000085300000| Untracked 
|  84|0x0000000085400000, 0x0000000085500000, 0x0000000085500000|100%| O|  |TAMS 0x0000000085400000| PB 0x0000000085400000| Untracked 
|  85|0x0000000085500000, 0x0000000085600000, 0x0000000085600000|100%| O|  |TAMS 0x0000000085500000| PB 0x0000000085500000| Untracked 
|  86|0x0000000085600000, 0x0000000085700000, 0x0000000085700000|100%| O|  |TAMS 0x0000000085600000| PB 0x0000000085600000| Untracked 
|  87|0x0000000085700000, 0x0000000085800000, 0x0000000085800000|100%| O|  |TAMS 0x0000000085700000| PB 0x0000000085700000| Untracked 
|  88|0x0000000085800000, 0x0000000085900000, 0x0000000085900000|100%| O|  |TAMS 0x0000000085800000| PB 0x0000000085800000| Untracked 
|  89|0x0000000085900000, 0x0000000085a00000, 0x0000000085a00000|100%| O|  |TAMS 0x0000000085900000| PB 0x0000000085900000| Untracked 
|  90|0x0000000085a00000, 0x0000000085b00000, 0x0000000085b00000|100%| O|  |TAMS 0x0000000085a00000| PB 0x0000000085a00000| Untracked 
|  91|0x0000000085b00000, 0x0000000085c00000, 0x0000000085c00000|100%| O|  |TAMS 0x0000000085b00000| PB 0x0000000085b00000| Untracked 
|  92|0x0000000085c00000, 0x0000000085d00000, 0x0000000085d00000|100%| O|  |TAMS 0x0000000085c00000| PB 0x0000000085c00000| Untracked 
|  93|0x0000000085d00000, 0x0000000085e00000, 0x0000000085e00000|100%| O|  |TAMS 0x0000000085d00000| PB 0x0000000085d00000| Untracked 
|  94|0x0000000085e00000, 0x0000000085f00000, 0x0000000085f00000|100%| O|  |TAMS 0x0000000085e00000| PB 0x0000000085e00000| Untracked 
|  95|0x0000000085f00000, 0x0000000086000000, 0x0000000086000000|100%| O|  |TAMS 0x0000000085f00000| PB 0x0000000085f00000| Untracked 
|  96|0x0000000086000000, 0x0000000086100000, 0x0000000086100000|100%| O|  |TAMS 0x0000000086000000| PB 0x0000000086000000| Untracked 
|  97|0x0000000086100000, 0x0000000086200000, 0x0000000086200000|100%| O|  |TAMS 0x0000000086100000| PB 0x0000000086100000| Untracked 
|  98|0x0000000086200000, 0x0000000086300000, 0x0000000086300000|100%| O|  |TAMS 0x0000000086200000| PB 0x0000000086200000| Untracked 
|  99|0x0000000086300000, 0x0000000086400000, 0x0000000086400000|100%| O|  |TAMS 0x0000000086300000| PB 0x0000000086300000| Untracked 
| 100|0x0000000086400000, 0x0000000086500000, 0x0000000086500000|100%| O|  |TAMS 0x0000000086400000| PB 0x0000000086400000| Untracked 
| 101|0x0000000086500000, 0x0000000086600000, 0x0000000086600000|100%| O|  |TAMS 0x0000000086500000| PB 0x0000000086500000| Untracked 
| 102|0x0000000086600000, 0x0000000086700000, 0x0000000086700000|100%| O|  |TAMS 0x0000000086600000| PB 0x0000000086600000| Untracked 
| 103|0x0000000086700000, 0x0000000086800000, 0x0000000086800000|100%| O|  |TAMS 0x0000000086700000| PB 0x0000000086700000| Untracked 
| 104|0x0000000086800000, 0x0000000086900000, 0x0000000086900000|100%| O|  |TAMS 0x0000000086800000| PB 0x0000000086800000| Untracked 
| 105|0x0000000086900000, 0x0000000086a00000, 0x0000000086a00000|100%| O|  |TAMS 0x0000000086900000| PB 0x0000000086900000| Untracked 
| 106|0x0000000086a00000, 0x0000000086b00000, 0x0000000086b00000|100%| O|  |TAMS 0x0000000086a00000| PB 0x0000000086a00000| Untracked 
| 107|0x0000000086b00000, 0x0000000086c00000, 0x0000000086c00000|100%| O|  |TAMS 0x0000000086b00000| PB 0x0000000086b00000| Untracked 
| 108|0x0000000086c00000, 0x0000000086d00000, 0x0000000086d00000|100%| O|  |TAMS 0x0000000086c00000| PB 0x0000000086c00000| Untracked 
| 109|0x0000000086d00000, 0x0000000086e00000, 0x0000000086e00000|100%| O|  |TAMS 0x0000000086d00000| PB 0x0000000086d00000| Untracked 
| 110|0x0000000086e00000, 0x0000000086f00000, 0x0000000086f00000|100%| O|  |TAMS 0x0000000086e00000| PB 0x0000000086e00000| Untracked 
| 111|0x0000000086f00000, 0x0000000087000000, 0x0000000087000000|100%| O|  |TAMS 0x0000000086f00000| PB 0x0000000086f00000| Untracked 
| 112|0x0000000087000000, 0x0000000087100000, 0x0000000087100000|100%| O|  |TAMS 0x0000000087000000| PB 0x0000000087000000| Untracked 
| 113|0x0000000087100000, 0x0000000087200000, 0x0000000087200000|100%| O|  |TAMS 0x0000000087100000| PB 0x0000000087100000| Untracked 
| 114|0x0000000087200000, 0x0000000087300000, 0x0000000087300000|100%| O|  |TAMS 0x0000000087200000| PB 0x0000000087200000| Untracked 
| 115|0x0000000087300000, 0x0000000087400000, 0x0000000087400000|100%| O|  |TAMS 0x0000000087300000| PB 0x0000000087300000| Untracked 
| 116|0x0000000087400000, 0x0000000087500000, 0x0000000087500000|100%| O|  |TAMS 0x0000000087400000| PB 0x0000000087400000| Untracked 
| 117|0x0000000087500000, 0x0000000087600000, 0x0000000087600000|100%| O|Cm|TAMS 0x0000000087500000| PB 0x0000000087500000| Complete 
| 118|0x0000000087600000, 0x0000000087700000, 0x0000000087700000|100%| O|  |TAMS 0x0000000087600000| PB 0x0000000087600000| Untracked 
| 119|0x0000000087700000, 0x0000000087800000, 0x0000000087800000|100%| O|  |TAMS 0x0000000087700000| PB 0x0000000087700000| Untracked 
| 120|0x0000000087800000, 0x0000000087900000, 0x0000000087900000|100%| O|  |TAMS 0x0000000087800000| PB 0x0000000087800000| Untracked 
| 121|0x0000000087900000, 0x0000000087a00000, 0x0000000087a00000|100%| O|Cm|TAMS 0x0000000087900000| PB 0x0000000087900000| Complete 
| 122|0x0000000087a00000, 0x0000000087b00000, 0x0000000087b00000|100%| O|  |TAMS 0x0000000087a00000| PB 0x0000000087a00000| Untracked 
| 123|0x0000000087b00000, 0x0000000087c00000, 0x0000000087c00000|100%| O|Cm|TAMS 0x0000000087b00000| PB 0x0000000087b00000| Complete 
| 124|0x0000000087c00000, 0x0000000087d00000, 0x0000000087d00000|100%| O|  |TAMS 0x0000000087c00000| PB 0x0000000087c00000| Untracked 
| 125|0x0000000087d00000, 0x0000000087e00000, 0x0000000087e00000|100%| O|  |TAMS 0x0000000087d00000| PB 0x0000000087d00000| Untracked 
| 126|0x0000000087e00000, 0x0000000087f00000, 0x0000000087f00000|100%| O|  |TAMS 0x0000000087e00000| PB 0x0000000087e00000| Untracked 
| 127|0x0000000087f00000, 0x0000000088000000, 0x0000000088000000|100%| O|  |TAMS 0x0000000087f00000| PB 0x0000000087f00000| Untracked 
| 128|0x0000000088000000, 0x0000000088100000, 0x0000000088100000|100%| O|  |TAMS 0x0000000088000000| PB 0x0000000088000000| Untracked 
| 129|0x0000000088100000, 0x0000000088200000, 0x0000000088200000|100%| O|  |TAMS 0x0000000088100000| PB 0x0000000088100000| Untracked 
| 130|0x0000000088200000, 0x0000000088300000, 0x0000000088300000|100%| O|  |TAMS 0x0000000088200000| PB 0x0000000088200000| Untracked 
| 131|0x0000000088300000, 0x0000000088400000, 0x0000000088400000|100%| O|  |TAMS 0x0000000088300000| PB 0x0000000088300000| Untracked 
| 132|0x0000000088400000, 0x0000000088500000, 0x0000000088500000|100%| O|  |TAMS 0x0000000088400000| PB 0x0000000088400000| Untracked 
| 133|0x0000000088500000, 0x0000000088600000, 0x0000000088600000|100%| O|  |TAMS 0x0000000088500000| PB 0x0000000088500000| Untracked 
| 134|0x0000000088600000, 0x0000000088700000, 0x0000000088700000|100%| O|  |TAMS 0x0000000088600000| PB 0x0000000088600000| Untracked 
| 135|0x0000000088700000, 0x0000000088800000, 0x0000000088800000|100%| O|  |TAMS 0x0000000088700000| PB 0x0000000088700000| Untracked 
| 136|0x0000000088800000, 0x0000000088900000, 0x0000000088900000|100%| O|  |TAMS 0x0000000088800000| PB 0x0000000088800000| Untracked 
| 137|0x0000000088900000, 0x0000000088a00000, 0x0000000088a00000|100%| O|  |TAMS 0x0000000088900000| PB 0x0000000088900000| Untracked 
| 138|0x0000000088a00000, 0x0000000088b00000, 0x0000000088b00000|100%| O|  |TAMS 0x0000000088a00000| PB 0x0000000088a00000| Untracked 
| 139|0x0000000088b00000, 0x0000000088c00000, 0x0000000088c00000|100%| O|Cm|TAMS 0x0000000088b00000| PB 0x0000000088b00000| Complete 
| 140|0x0000000088c00000, 0x0000000088d00000, 0x0000000088d00000|100%| O|  |TAMS 0x0000000088c00000| PB 0x0000000088c00000| Untracked 
| 141|0x0000000088d00000, 0x0000000088e00000, 0x0000000088e00000|100%| O|Cm|TAMS 0x0000000088d00000| PB 0x0000000088d00000| Complete 
| 142|0x0000000088e00000, 0x0000000088f00000, 0x0000000088f00000|100%| O|Cm|TAMS 0x0000000088e00000| PB 0x0000000088e00000| Complete 
| 143|0x0000000088f00000, 0x0000000089000000, 0x0000000089000000|100%| O|Cm|TAMS 0x0000000088f00000| PB 0x0000000088f00000| Complete 
| 144|0x0000000089000000, 0x0000000089100000, 0x0000000089100000|100%| O|Cm|TAMS 0x0000000089000000| PB 0x0000000089000000| Complete 
| 145|0x0000000089100000, 0x0000000089200000, 0x0000000089200000|100%| O|Cm|TAMS 0x0000000089100000| PB 0x0000000089100000| Complete 
| 146|0x0000000089200000, 0x0000000089300000, 0x0000000089300000|100%| O|  |TAMS 0x0000000089200000| PB 0x0000000089200000| Untracked 
| 147|0x0000000089300000, 0x0000000089400000, 0x0000000089400000|100%| O|Cm|TAMS 0x0000000089300000| PB 0x0000000089300000| Complete 
| 148|0x0000000089400000, 0x0000000089500000, 0x0000000089500000|100%| O|  |TAMS 0x0000000089400000| PB 0x0000000089400000| Untracked 
| 149|0x0000000089500000, 0x0000000089600000, 0x0000000089600000|100%| O|  |TAMS 0x0000000089500000| PB 0x0000000089500000| Untracked 
| 150|0x0000000089600000, 0x0000000089700000, 0x0000000089700000|100%| O|  |TAMS 0x0000000089600000| PB 0x0000000089600000| Untracked 
| 151|0x0000000089700000, 0x0000000089800000, 0x0000000089800000|100%| O|  |TAMS 0x0000000089700000| PB 0x0000000089700000| Untracked 
| 152|0x0000000089800000, 0x0000000089900000, 0x0000000089900000|100%| O|  |TAMS 0x0000000089800000| PB 0x0000000089800000| Untracked 
| 153|0x0000000089900000, 0x0000000089a00000, 0x0000000089a00000|100%| O|  |TAMS 0x0000000089900000| PB 0x0000000089900000| Untracked 
| 154|0x0000000089a00000, 0x0000000089b00000, 0x0000000089b00000|100%| O|  |TAMS 0x0000000089a00000| PB 0x0000000089a00000| Untracked 
| 155|0x0000000089b00000, 0x0000000089c00000, 0x0000000089c00000|100%| O|  |TAMS 0x0000000089b00000| PB 0x0000000089b00000| Untracked 
| 156|0x0000000089c00000, 0x0000000089d00000, 0x0000000089d00000|100%| O|  |TAMS 0x0000000089c00000| PB 0x0000000089c00000| Untracked 
| 157|0x0000000089d00000, 0x0000000089e00000, 0x0000000089e00000|100%| O|  |TAMS 0x0000000089d00000| PB 0x0000000089d00000| Untracked 
| 158|0x0000000089e00000, 0x0000000089f00000, 0x0000000089f00000|100%|HS|  |TAMS 0x0000000089e00000| PB 0x0000000089e00000| Complete 
| 159|0x0000000089f00000, 0x000000008a000000, 0x000000008a000000|100%|HS|  |TAMS 0x0000000089f00000| PB 0x0000000089f00000| Complete 
| 160|0x000000008a000000, 0x000000008a000000, 0x000000008a100000|  0%| F|  |TAMS 0x000000008a000000| PB 0x000000008a000000| Untracked 
| 161|0x000000008a100000, 0x000000008a100000, 0x000000008a200000|  0%| F|  |TAMS 0x000000008a100000| PB 0x000000008a100000| Untracked 
| 162|0x000000008a200000, 0x000000008a200000, 0x000000008a300000|  0%| F|  |TAMS 0x000000008a200000| PB 0x000000008a200000| Untracked 
| 163|0x000000008a300000, 0x000000008a300000, 0x000000008a400000|  0%| F|  |TAMS 0x000000008a300000| PB 0x000000008a300000| Untracked 
| 164|0x000000008a400000, 0x000000008a400000, 0x000000008a500000|  0%| F|  |TAMS 0x000000008a400000| PB 0x000000008a400000| Untracked 
| 165|0x000000008a500000, 0x000000008a500000, 0x000000008a600000|  0%| F|  |TAMS 0x000000008a500000| PB 0x000000008a500000| Untracked 
| 166|0x000000008a600000, 0x000000008a600000, 0x000000008a700000|  0%| F|  |TAMS 0x000000008a600000| PB 0x000000008a600000| Untracked 
| 167|0x000000008a700000, 0x000000008a700000, 0x000000008a800000|  0%| F|  |TAMS 0x000000008a700000| PB 0x000000008a700000| Untracked 
| 168|0x000000008a800000, 0x000000008a800000, 0x000000008a900000|  0%| F|  |TAMS 0x000000008a800000| PB 0x000000008a800000| Untracked 
| 169|0x000000008a900000, 0x000000008a900000, 0x000000008aa00000|  0%| F|  |TAMS 0x000000008a900000| PB 0x000000008a900000| Untracked 
| 170|0x000000008aa00000, 0x000000008aa00000, 0x000000008ab00000|  0%| F|  |TAMS 0x000000008aa00000| PB 0x000000008aa00000| Untracked 
| 171|0x000000008ab00000, 0x000000008ab00000, 0x000000008ac00000|  0%| F|  |TAMS 0x000000008ab00000| PB 0x000000008ab00000| Untracked 
| 172|0x000000008ac00000, 0x000000008ac00000, 0x000000008ad00000|  0%| F|  |TAMS 0x000000008ac00000| PB 0x000000008ac00000| Untracked 
| 173|0x000000008ad00000, 0x000000008ae00000, 0x000000008ae00000|100%| O|  |TAMS 0x000000008ad00000| PB 0x000000008ad00000| Untracked 
| 174|0x000000008ae00000, 0x000000008af00000, 0x000000008af00000|100%| O|  |TAMS 0x000000008ae00000| PB 0x000000008ae00000| Untracked 
| 175|0x000000008af00000, 0x000000008b000000, 0x000000008b000000|100%| O|  |TAMS 0x000000008af00000| PB 0x000000008af00000| Untracked 
| 176|0x000000008b000000, 0x000000008b100000, 0x000000008b100000|100%| O|  |TAMS 0x000000008b000000| PB 0x000000008b000000| Untracked 
| 177|0x000000008b100000, 0x000000008b200000, 0x000000008b200000|100%| O|  |TAMS 0x000000008b100000| PB 0x000000008b100000| Untracked 
| 178|0x000000008b200000, 0x000000008b2901e0, 0x000000008b300000| 56%| O|  |TAMS 0x000000008b200000| PB 0x000000008b200000| Untracked 
| 179|0x000000008b300000, 0x000000008b300000, 0x000000008b400000|  0%| F|  |TAMS 0x000000008b300000| PB 0x000000008b300000| Untracked 
| 180|0x000000008b400000, 0x000000008b400000, 0x000000008b500000|  0%| F|  |TAMS 0x000000008b400000| PB 0x000000008b400000| Untracked 
| 181|0x000000008b500000, 0x000000008b500000, 0x000000008b600000|  0%| F|  |TAMS 0x000000008b500000| PB 0x000000008b500000| Untracked 
| 182|0x000000008b600000, 0x000000008b600000, 0x000000008b700000|  0%| F|  |TAMS 0x000000008b600000| PB 0x000000008b600000| Untracked 
| 183|0x000000008b700000, 0x000000008b700000, 0x000000008b800000|  0%| F|  |TAMS 0x000000008b700000| PB 0x000000008b700000| Untracked 
| 184|0x000000008b800000, 0x000000008b800000, 0x000000008b900000|  0%| F|  |TAMS 0x000000008b800000| PB 0x000000008b800000| Untracked 
| 185|0x000000008b900000, 0x000000008b900000, 0x000000008ba00000|  0%| F|  |TAMS 0x000000008b900000| PB 0x000000008b900000| Untracked 
| 186|0x000000008ba00000, 0x000000008ba00000, 0x000000008bb00000|  0%| F|  |TAMS 0x000000008ba00000| PB 0x000000008ba00000| Untracked 
| 187|0x000000008bb00000, 0x000000008bb00000, 0x000000008bc00000|  0%| F|  |TAMS 0x000000008bb00000| PB 0x000000008bb00000| Untracked 
| 188|0x000000008bc00000, 0x000000008bc00000, 0x000000008bd00000|  0%| F|  |TAMS 0x000000008bc00000| PB 0x000000008bc00000| Untracked 
| 189|0x000000008bd00000, 0x000000008bd00000, 0x000000008be00000|  0%| F|  |TAMS 0x000000008bd00000| PB 0x000000008bd00000| Untracked 
| 190|0x000000008be00000, 0x000000008be00000, 0x000000008bf00000|  0%| F|  |TAMS 0x000000008be00000| PB 0x000000008be00000| Untracked 
| 191|0x000000008bf00000, 0x000000008bf00000, 0x000000008c000000|  0%| F|  |TAMS 0x000000008bf00000| PB 0x000000008bf00000| Untracked 
| 192|0x000000008c000000, 0x000000008c000000, 0x000000008c100000|  0%| F|  |TAMS 0x000000008c000000| PB 0x000000008c000000| Untracked 
| 193|0x000000008c100000, 0x000000008c100000, 0x000000008c200000|  0%| F|  |TAMS 0x000000008c100000| PB 0x000000008c100000| Untracked 
| 194|0x000000008c200000, 0x000000008c200000, 0x000000008c300000|  0%| F|  |TAMS 0x000000008c200000| PB 0x000000008c200000| Untracked 
| 195|0x000000008c300000, 0x000000008c300000, 0x000000008c400000|  0%| F|  |TAMS 0x000000008c300000| PB 0x000000008c300000| Untracked 
| 196|0x000000008c400000, 0x000000008c400000, 0x000000008c500000|  0%| F|  |TAMS 0x000000008c400000| PB 0x000000008c400000| Untracked 
| 197|0x000000008c500000, 0x000000008c500000, 0x000000008c600000|  0%| F|  |TAMS 0x000000008c500000| PB 0x000000008c500000| Untracked 
| 198|0x000000008c600000, 0x000000008c600000, 0x000000008c700000|  0%| F|  |TAMS 0x000000008c600000| PB 0x000000008c600000| Untracked 
| 199|0x000000008c700000, 0x000000008c700000, 0x000000008c800000|  0%| F|  |TAMS 0x000000008c700000| PB 0x000000008c700000| Untracked 
| 200|0x000000008c800000, 0x000000008c800000, 0x000000008c900000|  0%| F|  |TAMS 0x000000008c800000| PB 0x000000008c800000| Untracked 
| 201|0x000000008c900000, 0x000000008c900000, 0x000000008ca00000|  0%| F|  |TAMS 0x000000008c900000| PB 0x000000008c900000| Untracked 
| 202|0x000000008ca00000, 0x000000008ca00000, 0x000000008cb00000|  0%| F|  |TAMS 0x000000008ca00000| PB 0x000000008ca00000| Untracked 
| 203|0x000000008cb00000, 0x000000008cb00000, 0x000000008cc00000|  0%| F|  |TAMS 0x000000008cb00000| PB 0x000000008cb00000| Untracked 
| 204|0x000000008cc00000, 0x000000008cc00000, 0x000000008cd00000|  0%| F|  |TAMS 0x000000008cc00000| PB 0x000000008cc00000| Untracked 
| 205|0x000000008cd00000, 0x000000008ce00000, 0x000000008ce00000|100%| S|CS|TAMS 0x000000008cd00000| PB 0x000000008cd00000| Complete 
| 206|0x000000008ce00000, 0x000000008cf00000, 0x000000008cf00000|100%| S|CS|TAMS 0x000000008ce00000| PB 0x000000008ce00000| Complete 
| 207|0x000000008cf00000, 0x000000008d000000, 0x000000008d000000|100%| S|CS|TAMS 0x000000008cf00000| PB 0x000000008cf00000| Complete 
| 208|0x000000008d000000, 0x000000008d100000, 0x000000008d100000|100%| S|CS|TAMS 0x000000008d000000| PB 0x000000008d000000| Complete 
| 209|0x000000008d100000, 0x000000008d200000, 0x000000008d200000|100%| S|CS|TAMS 0x000000008d100000| PB 0x000000008d100000| Complete 
| 210|0x000000008d200000, 0x000000008d300000, 0x000000008d300000|100%| S|CS|TAMS 0x000000008d200000| PB 0x000000008d200000| Complete 
| 211|0x000000008d300000, 0x000000008d300000, 0x000000008d400000|  0%| F|  |TAMS 0x000000008d300000| PB 0x000000008d300000| Untracked 
| 212|0x000000008d400000, 0x000000008d400000, 0x000000008d500000|  0%| F|  |TAMS 0x000000008d400000| PB 0x000000008d400000| Untracked 
| 213|0x000000008d500000, 0x000000008d500000, 0x000000008d600000|  0%| F|  |TAMS 0x000000008d500000| PB 0x000000008d500000| Untracked 
| 214|0x000000008d600000, 0x000000008d600000, 0x000000008d700000|  0%| F|  |TAMS 0x000000008d600000| PB 0x000000008d600000| Untracked 
| 215|0x000000008d700000, 0x000000008d700000, 0x000000008d800000|  0%| F|  |TAMS 0x000000008d700000| PB 0x000000008d700000| Untracked 
| 216|0x000000008d800000, 0x000000008d800000, 0x000000008d900000|  0%| F|  |TAMS 0x000000008d800000| PB 0x000000008d800000| Untracked 
| 217|0x000000008d900000, 0x000000008d900000, 0x000000008da00000|  0%| F|  |TAMS 0x000000008d900000| PB 0x000000008d900000| Untracked 
| 218|0x000000008da00000, 0x000000008da00000, 0x000000008db00000|  0%| F|  |TAMS 0x000000008da00000| PB 0x000000008da00000| Untracked 
| 219|0x000000008db00000, 0x000000008db00000, 0x000000008dc00000|  0%| F|  |TAMS 0x000000008db00000| PB 0x000000008db00000| Untracked 
| 220|0x000000008dc00000, 0x000000008dc00000, 0x000000008dd00000|  0%| F|  |TAMS 0x000000008dc00000| PB 0x000000008dc00000| Untracked 
| 221|0x000000008dd00000, 0x000000008dd00000, 0x000000008de00000|  0%| F|  |TAMS 0x000000008dd00000| PB 0x000000008dd00000| Untracked 
| 222|0x000000008de00000, 0x000000008de00000, 0x000000008df00000|  0%| F|  |TAMS 0x000000008de00000| PB 0x000000008de00000| Untracked 
| 223|0x000000008df00000, 0x000000008df00000, 0x000000008e000000|  0%| F|  |TAMS 0x000000008df00000| PB 0x000000008df00000| Untracked 
| 224|0x000000008e000000, 0x000000008e000000, 0x000000008e100000|  0%| F|  |TAMS 0x000000008e000000| PB 0x000000008e000000| Untracked 
| 225|0x000000008e100000, 0x000000008e100000, 0x000000008e200000|  0%| F|  |TAMS 0x000000008e100000| PB 0x000000008e100000| Untracked 
| 226|0x000000008e200000, 0x000000008e200000, 0x000000008e300000|  0%| F|  |TAMS 0x000000008e200000| PB 0x000000008e200000| Untracked 
| 227|0x000000008e300000, 0x000000008e300000, 0x000000008e400000|  0%| F|  |TAMS 0x000000008e300000| PB 0x000000008e300000| Untracked 
| 228|0x000000008e400000, 0x000000008e400000, 0x000000008e500000|  0%| F|  |TAMS 0x000000008e400000| PB 0x000000008e400000| Untracked 
| 229|0x000000008e500000, 0x000000008e500000, 0x000000008e600000|  0%| F|  |TAMS 0x000000008e500000| PB 0x000000008e500000| Untracked 
| 230|0x000000008e600000, 0x000000008e600000, 0x000000008e700000|  0%| F|  |TAMS 0x000000008e600000| PB 0x000000008e600000| Untracked 
| 231|0x000000008e700000, 0x000000008e700000, 0x000000008e800000|  0%| F|  |TAMS 0x000000008e700000| PB 0x000000008e700000| Untracked 
| 232|0x000000008e800000, 0x000000008e800000, 0x000000008e900000|  0%| F|  |TAMS 0x000000008e800000| PB 0x000000008e800000| Untracked 
| 233|0x000000008e900000, 0x000000008e900000, 0x000000008ea00000|  0%| F|  |TAMS 0x000000008e900000| PB 0x000000008e900000| Untracked 
| 234|0x000000008ea00000, 0x000000008ea00000, 0x000000008eb00000|  0%| F|  |TAMS 0x000000008ea00000| PB 0x000000008ea00000| Untracked 
| 235|0x000000008eb00000, 0x000000008eb00000, 0x000000008ec00000|  0%| F|  |TAMS 0x000000008eb00000| PB 0x000000008eb00000| Untracked 
| 236|0x000000008ec00000, 0x000000008ec00000, 0x000000008ed00000|  0%| F|  |TAMS 0x000000008ec00000| PB 0x000000008ec00000| Untracked 
| 237|0x000000008ed00000, 0x000000008ed00000, 0x000000008ee00000|  0%| F|  |TAMS 0x000000008ed00000| PB 0x000000008ed00000| Untracked 
| 238|0x000000008ee00000, 0x000000008ee00000, 0x000000008ef00000|  0%| F|  |TAMS 0x000000008ee00000| PB 0x000000008ee00000| Untracked 
| 239|0x000000008ef00000, 0x000000008ef00000, 0x000000008f000000|  0%| F|  |TAMS 0x000000008ef00000| PB 0x000000008ef00000| Untracked 
| 240|0x000000008f000000, 0x000000008f000000, 0x000000008f100000|  0%| F|  |TAMS 0x000000008f000000| PB 0x000000008f000000| Untracked 
| 241|0x000000008f100000, 0x000000008f100000, 0x000000008f200000|  0%| F|  |TAMS 0x000000008f100000| PB 0x000000008f100000| Untracked 
| 242|0x000000008f200000, 0x000000008f200000, 0x000000008f300000|  0%| F|  |TAMS 0x000000008f200000| PB 0x000000008f200000| Untracked 
| 243|0x000000008f300000, 0x000000008f300000, 0x000000008f400000|  0%| F|  |TAMS 0x000000008f300000| PB 0x000000008f300000| Untracked 
| 244|0x000000008f400000, 0x000000008f400000, 0x000000008f500000|  0%| F|  |TAMS 0x000000008f400000| PB 0x000000008f400000| Untracked 
| 245|0x000000008f500000, 0x000000008f500000, 0x000000008f600000|  0%| F|  |TAMS 0x000000008f500000| PB 0x000000008f500000| Untracked 
| 246|0x000000008f600000, 0x000000008f600000, 0x000000008f700000|  0%| F|  |TAMS 0x000000008f600000| PB 0x000000008f600000| Untracked 
| 247|0x000000008f700000, 0x000000008f700000, 0x000000008f800000|  0%| F|  |TAMS 0x000000008f700000| PB 0x000000008f700000| Untracked 
| 248|0x000000008f800000, 0x000000008f800000, 0x000000008f900000|  0%| F|  |TAMS 0x000000008f800000| PB 0x000000008f800000| Untracked 
| 249|0x000000008f900000, 0x000000008f900000, 0x000000008fa00000|  0%| F|  |TAMS 0x000000008f900000| PB 0x000000008f900000| Untracked 
| 250|0x000000008fa00000, 0x000000008fa00000, 0x000000008fb00000|  0%| F|  |TAMS 0x000000008fa00000| PB 0x000000008fa00000| Untracked 
| 251|0x000000008fb00000, 0x000000008fb00000, 0x000000008fc00000|  0%| F|  |TAMS 0x000000008fb00000| PB 0x000000008fb00000| Untracked 
| 252|0x000000008fc00000, 0x000000008fc00000, 0x000000008fd00000|  0%| F|  |TAMS 0x000000008fc00000| PB 0x000000008fc00000| Untracked 
| 253|0x000000008fd00000, 0x000000008fd00000, 0x000000008fe00000|  0%| F|  |TAMS 0x000000008fd00000| PB 0x000000008fd00000| Untracked 
| 254|0x000000008fe00000, 0x000000008fe00000, 0x000000008ff00000|  0%| F|  |TAMS 0x000000008fe00000| PB 0x000000008fe00000| Untracked 
| 255|0x000000008ff00000, 0x000000008ff00000, 0x0000000090000000|  0%| F|  |TAMS 0x000000008ff00000| PB 0x000000008ff00000| Untracked 
| 256|0x0000000090000000, 0x0000000090000000, 0x0000000090100000|  0%| F|  |TAMS 0x0000000090000000| PB 0x0000000090000000| Untracked 
| 257|0x0000000090100000, 0x0000000090100000, 0x0000000090200000|  0%| F|  |TAMS 0x0000000090100000| PB 0x0000000090100000| Untracked 
| 258|0x0000000090200000, 0x0000000090200000, 0x0000000090300000|  0%| F|  |TAMS 0x0000000090200000| PB 0x0000000090200000| Untracked 
| 259|0x0000000090300000, 0x0000000090300000, 0x0000000090400000|  0%| F|  |TAMS 0x0000000090300000| PB 0x0000000090300000| Untracked 
| 260|0x0000000090400000, 0x0000000090400000, 0x0000000090500000|  0%| F|  |TAMS 0x0000000090400000| PB 0x0000000090400000| Untracked 
| 261|0x0000000090500000, 0x0000000090500000, 0x0000000090600000|  0%| F|  |TAMS 0x0000000090500000| PB 0x0000000090500000| Untracked 
| 262|0x0000000090600000, 0x0000000090600000, 0x0000000090700000|  0%| F|  |TAMS 0x0000000090600000| PB 0x0000000090600000| Untracked 
| 263|0x0000000090700000, 0x0000000090700000, 0x0000000090800000|  0%| F|  |TAMS 0x0000000090700000| PB 0x0000000090700000| Untracked 
| 264|0x0000000090800000, 0x0000000090818b28, 0x0000000090900000|  9%| E|  |TAMS 0x0000000090800000| PB 0x0000000090800000| Complete 
| 265|0x0000000090900000, 0x0000000090a00000, 0x0000000090a00000|100%| E|CS|TAMS 0x0000000090900000| PB 0x0000000090900000| Complete 
| 266|0x0000000090a00000, 0x0000000090b00000, 0x0000000090b00000|100%| E|CS|TAMS 0x0000000090a00000| PB 0x0000000090a00000| Complete 
| 267|0x0000000090b00000, 0x0000000090c00000, 0x0000000090c00000|100%| E|CS|TAMS 0x0000000090b00000| PB 0x0000000090b00000| Complete 
| 268|0x0000000090c00000, 0x0000000090cffc78, 0x0000000090d00000| 99%| E|  |TAMS 0x0000000090c00000| PB 0x0000000090c00000| Complete 
| 269|0x0000000090d00000, 0x0000000090e00000, 0x0000000090e00000|100%| E|CS|TAMS 0x0000000090d00000| PB 0x0000000090d00000| Complete 
| 270|0x0000000090e00000, 0x0000000090f00000, 0x0000000090f00000|100%| E|CS|TAMS 0x0000000090e00000| PB 0x0000000090e00000| Complete 
| 271|0x0000000090f00000, 0x0000000091000000, 0x0000000091000000|100%| E|CS|TAMS 0x0000000090f00000| PB 0x0000000090f00000| Complete 
| 272|0x0000000091000000, 0x0000000091100000, 0x0000000091100000|100%| E|CS|TAMS 0x0000000091000000| PB 0x0000000091000000| Complete 
| 273|0x0000000091100000, 0x0000000091200000, 0x0000000091200000|100%| E|CS|TAMS 0x0000000091100000| PB 0x0000000091100000| Complete 
| 274|0x0000000091200000, 0x0000000091300000, 0x0000000091300000|100%| E|CS|TAMS 0x0000000091200000| PB 0x0000000091200000| Complete 
| 275|0x0000000091300000, 0x0000000091400000, 0x0000000091400000|100%| E|CS|TAMS 0x0000000091300000| PB 0x0000000091300000| Complete 
| 276|0x0000000091400000, 0x0000000091500000, 0x0000000091500000|100%| E|CS|TAMS 0x0000000091400000| PB 0x0000000091400000| Complete 
| 277|0x0000000091500000, 0x0000000091600000, 0x0000000091600000|100%| E|CS|TAMS 0x0000000091500000| PB 0x0000000091500000| Complete 
| 278|0x0000000091600000, 0x0000000091700000, 0x0000000091700000|100%| E|CS|TAMS 0x0000000091600000| PB 0x0000000091600000| Complete 
| 279|0x0000000091700000, 0x0000000091800000, 0x0000000091800000|100%| E|CS|TAMS 0x0000000091700000| PB 0x0000000091700000| Complete 
| 280|0x0000000091800000, 0x0000000091900000, 0x0000000091900000|100%| E|CS|TAMS 0x0000000091800000| PB 0x0000000091800000| Complete 
| 281|0x0000000091900000, 0x0000000091a00000, 0x0000000091a00000|100%| E|CS|TAMS 0x0000000091900000| PB 0x0000000091900000| Complete 
| 282|0x0000000091a00000, 0x0000000091b00000, 0x0000000091b00000|100%| E|CS|TAMS 0x0000000091a00000| PB 0x0000000091a00000| Complete 
| 283|0x0000000091b00000, 0x0000000091c00000, 0x0000000091c00000|100%| E|CS|TAMS 0x0000000091b00000| PB 0x0000000091b00000| Complete 
| 284|0x0000000091c00000, 0x0000000091d00000, 0x0000000091d00000|100%| E|CS|TAMS 0x0000000091c00000| PB 0x0000000091c00000| Complete 
| 285|0x0000000091d00000, 0x0000000091e00000, 0x0000000091e00000|100%| E|CS|TAMS 0x0000000091d00000| PB 0x0000000091d00000| Complete 
| 286|0x0000000091e00000, 0x0000000091f00000, 0x0000000091f00000|100%| E|CS|TAMS 0x0000000091e00000| PB 0x0000000091e00000| Complete 
| 287|0x0000000091f00000, 0x0000000092000000, 0x0000000092000000|100%| E|CS|TAMS 0x0000000091f00000| PB 0x0000000091f00000| Complete 
| 288|0x0000000092000000, 0x0000000092100000, 0x0000000092100000|100%| E|CS|TAMS 0x0000000092000000| PB 0x0000000092000000| Complete 
| 289|0x0000000092100000, 0x0000000092200000, 0x0000000092200000|100%| E|CS|TAMS 0x0000000092100000| PB 0x0000000092100000| Complete 
| 290|0x0000000092200000, 0x0000000092300000, 0x0000000092300000|100%| E|CS|TAMS 0x0000000092200000| PB 0x0000000092200000| Complete 
| 291|0x0000000092300000, 0x0000000092400000, 0x0000000092400000|100%| E|CS|TAMS 0x0000000092300000| PB 0x0000000092300000| Complete 
| 292|0x0000000092400000, 0x0000000092500000, 0x0000000092500000|100%| E|CS|TAMS 0x0000000092400000| PB 0x0000000092400000| Complete 
| 293|0x0000000092500000, 0x0000000092600000, 0x0000000092600000|100%| E|CS|TAMS 0x0000000092500000| PB 0x0000000092500000| Complete 
| 294|0x0000000092600000, 0x0000000092700000, 0x0000000092700000|100%| E|CS|TAMS 0x0000000092600000| PB 0x0000000092600000| Complete 
| 295|0x0000000092700000, 0x0000000092800000, 0x0000000092800000|100%| E|CS|TAMS 0x0000000092700000| PB 0x0000000092700000| Complete 
| 296|0x0000000092800000, 0x0000000092900000, 0x0000000092900000|100%| E|CS|TAMS 0x0000000092800000| PB 0x0000000092800000| Complete 
| 297|0x0000000092900000, 0x0000000092a00000, 0x0000000092a00000|100%| E|CS|TAMS 0x0000000092900000| PB 0x0000000092900000| Complete 
| 298|0x0000000092a00000, 0x0000000092b00000, 0x0000000092b00000|100%| E|CS|TAMS 0x0000000092a00000| PB 0x0000000092a00000| Complete 
| 299|0x0000000092b00000, 0x0000000092c00000, 0x0000000092c00000|100%| E|CS|TAMS 0x0000000092b00000| PB 0x0000000092b00000| Complete 
|2026|0x00000000fea00000, 0x00000000feb00000, 0x00000000feb00000|100%| O|  |TAMS 0x00000000fea00000| PB 0x00000000fea00000| Untracked 
|2027|0x00000000feb00000, 0x00000000fec00000, 0x00000000fec00000|100%| O|  |TAMS 0x00000000feb00000| PB 0x00000000feb00000| Untracked 
|2028|0x00000000fec00000, 0x00000000fed00000, 0x00000000fed00000|100%| O|  |TAMS 0x00000000fec00000| PB 0x00000000fec00000| Untracked 
|2029|0x00000000fed00000, 0x00000000fee00000, 0x00000000fee00000|100%| O|  |TAMS 0x00000000fed00000| PB 0x00000000fed00000| Untracked 
|2030|0x00000000fee00000, 0x00000000fef00000, 0x00000000fef00000|100%| O|  |TAMS 0x00000000fee00000| PB 0x00000000fee00000| Untracked 
|2031|0x00000000fef00000, 0x00000000ff000000, 0x00000000ff000000|100%| E|CS|TAMS 0x00000000fef00000| PB 0x00000000fef00000| Complete 
|2032|0x00000000ff000000, 0x00000000ff100000, 0x00000000ff100000|100%| E|CS|TAMS 0x00000000ff000000| PB 0x00000000ff000000| Complete 
|2033|0x00000000ff100000, 0x00000000ff200000, 0x00000000ff200000|100%| E|CS|TAMS 0x00000000ff100000| PB 0x00000000ff100000| Complete 
|2034|0x00000000ff200000, 0x00000000ff300000, 0x00000000ff300000|100%| O|  |TAMS 0x00000000ff200000| PB 0x00000000ff200000| Untracked 
|2035|0x00000000ff300000, 0x00000000ff400000, 0x00000000ff400000|100%| O|  |TAMS 0x00000000ff300000| PB 0x00000000ff300000| Untracked 
|2036|0x00000000ff400000, 0x00000000ff500000, 0x00000000ff500000|100%| O|  |TAMS 0x00000000ff400000| PB 0x00000000ff400000| Untracked 
|2037|0x00000000ff500000, 0x00000000ff600000, 0x00000000ff600000|100%| O|  |TAMS 0x00000000ff500000| PB 0x00000000ff500000| Untracked 
|2038|0x00000000ff600000, 0x00000000ff700000, 0x00000000ff700000|100%| E|CS|TAMS 0x00000000ff600000| PB 0x00000000ff600000| Complete 
|2039|0x00000000ff700000, 0x00000000ff800000, 0x00000000ff800000|100%| E|CS|TAMS 0x00000000ff700000| PB 0x00000000ff700000| Complete 
|2040|0x00000000ff800000, 0x00000000ff900000, 0x00000000ff900000|100%| O|  |TAMS 0x00000000ff800000| PB 0x00000000ff800000| Untracked 
|2041|0x00000000ff900000, 0x00000000ffa00000, 0x00000000ffa00000|100%| O|  |TAMS 0x00000000ff900000| PB 0x00000000ff900000| Untracked 
|2042|0x00000000ffa00000, 0x00000000ffb00000, 0x00000000ffb00000|100%| O|  |TAMS 0x00000000ffa00000| PB 0x00000000ffa00000| Untracked 
|2043|0x00000000ffb00000, 0x00000000ffc00000, 0x00000000ffc00000|100%| O|  |TAMS 0x00000000ffb00000| PB 0x00000000ffb00000| Untracked 
|2044|0x00000000ffc00000, 0x00000000ffd00000, 0x00000000ffd00000|100%| O|  |TAMS 0x00000000ffc00000| PB 0x00000000ffc00000| Untracked 
|2045|0x00000000ffd00000, 0x00000000ffe00000, 0x00000000ffe00000|100%| O|  |TAMS 0x00000000ffd00000| PB 0x00000000ffd00000| Untracked 
|2046|0x00000000ffe00000, 0x00000000fff00000, 0x00000000fff00000|100%| O|  |TAMS 0x00000000ffe00000| PB 0x00000000ffe00000| Untracked 
|2047|0x00000000fff00000, 0x0000000100000000, 0x0000000100000000|100%| O|  |TAMS 0x00000000fff00000| PB 0x00000000fff00000| Untracked 

Card table byte_map: [0x0000015ec7090000,0x0000015ec7490000] _byte_map_base: 0x0000015ec6c90000

Marking Bits: (CMBitMap*) 0x0000015eb4635010
 Bits: [0x0000015ec7490000, 0x0000015ec9490000)

Polling page: 0x0000015eb2390000

Metaspace:

Usage:
  Non-class:    140.82 MB used.
      Class:     22.38 MB used.
       Both:    163.20 MB used.

Virtual space:
  Non-class space:      192.00 MB reserved,     142.06 MB ( 74%) committed,  3 nodes.
      Class space:        1.00 GB reserved,      23.56 MB (  2%) committed,  1 nodes.
             Both:        1.19 GB reserved,     165.62 MB ( 14%) committed. 

Chunk freelists:
   Non-Class:  1.81 MB
       Class:  8.47 MB
        Both:  10.29 MB

MaxMetaspaceSize: unlimited
CompressedClassSpaceSize: 1.00 GB
Initial GC threshold: 21.00 MB
Current GC threshold: 275.12 MB
CDS: off
 - commit_granule_bytes: 65536.
 - commit_granule_words: 8192.
 - virtual_space_node_default_size: 8388608.
 - enlarge_chunks_in_place: 1.
 - use_allocation_guard: 0.


Internal statistics:

num_allocs_failed_limit: 9.
num_arena_births: 4972.
num_arena_deaths: 66.
num_vsnodes_births: 4.
num_vsnodes_deaths: 0.
num_space_committed: 2648.
num_space_uncommitted: 0.
num_chunks_returned_to_freelist: 101.
num_chunks_taken_from_freelist: 11995.
num_chunk_merges: 36.
num_chunk_splits: 7966.
num_chunks_enlarged: 5198.
num_inconsistent_stats: 0.

CodeHeap 'non-profiled nmethods': size=120000Kb used=14151Kb max_used=14151Kb free=105848Kb
 bounds [0x0000015ebf210000, 0x0000015ebfff0000, 0x0000015ec6740000]
CodeHeap 'profiled nmethods': size=120000Kb used=36103Kb max_used=36103Kb free=83897Kb
 bounds [0x0000015eb7740000, 0x0000015eb9a90000, 0x0000015ebec70000]
CodeHeap 'non-nmethods': size=5760Kb used=2858Kb max_used=2949Kb free=2901Kb
 bounds [0x0000015ebec70000, 0x0000015ebef60000, 0x0000015ebf210000]
CodeCache: size=245760Kb, used=53112Kb, max_used=53203Kb, free=192646Kb
 total_blobs=19742, nmethods=18623, adapters=1022, full_count=0
Compilation: enabled, stopped_count=0, restarted_count=0

Compilation events (20 events):
Event: 249.289 Thread 0x0000015ecc2bcf40 nmethod 23334 0x0000015eb9a2c790 code [0x0000015eb9a2c940, 0x0000015eb9a2cba0]
Event: 249.289 Thread 0x0000015ecc2bcf40 23329       1       com.android.tools.r8.internal.Ob::I2 (3 bytes)
Event: 249.289 Thread 0x0000015ecc2bcf40 nmethod 23329 0x0000015ebffd0210 code [0x0000015ebffd03a0, 0x0000015ebffd0468]
Event: 249.289 Thread 0x0000015ecc2bcf40 23340       3       com.android.tools.r8.internal.zd::a (15 bytes)
Event: 249.289 Thread 0x0000015ecc2bcf40 nmethod 23340 0x0000015eb9a2cc90 code [0x0000015eb9a2cea0, 0x0000015eb9a2d5b8]
Event: 249.289 Thread 0x0000015ecc2bcf40 23341       3       com.android.tools.r8.internal.zd$$Lambda/0x000000010157f968::apply (16 bytes)
Event: 249.289 Thread 0x0000015ecc2bcf40 nmethod 23341 0x0000015eb9a2d890 code [0x0000015eb9a2da40, 0x0000015eb9a2dc70]
Event: 249.289 Thread 0x0000015ecc2bcf40 23345       3       com.android.tools.r8.internal.Oe::a (80 bytes)
Event: 249.290 Thread 0x0000015ecc2bcf40 nmethod 23345 0x0000015eb9a2dd10 code [0x0000015eb9a2df60, 0x0000015eb9a2e828]
Event: 249.290 Thread 0x0000015ecc2bcf40 23344       3       com.android.tools.r8.internal.t8::c (21 bytes)
Event: 249.290 Thread 0x0000015ecc2bcf40 nmethod 23344 0x0000015eb9a2ea90 code [0x0000015eb9a2ec40, 0x0000015eb9a2ef30]
Event: 249.290 Thread 0x0000015ecc2bcf40 23342       3       com.android.tools.r8.internal.zd$$Lambda/0x000000010157f968::<init> (15 bytes)
Event: 249.290 Thread 0x0000015ecc2bcf40 nmethod 23342 0x0000015eb9a2f010 code [0x0000015eb9a2f1c0, 0x0000015eb9a2f3e0]
Event: 249.290 Thread 0x0000015ecc2bcf40 23343       3       com.android.tools.r8.internal.RI::<init> (8 bytes)
Event: 249.290 Thread 0x0000015ecc2bcf40 nmethod 23343 0x0000015eb9a2f490 code [0x0000015eb9a2f640, 0x0000015eb9a2f8b8]
Event: 249.305 Thread 0x0000015ecc2bcf40 23346       3       com.android.tools.r8.internal.bb::<init> (7 bytes)
Event: 249.305 Thread 0x0000015ecc2bcf40 nmethod 23346 0x0000015eb83c6f10 code [0x0000015eb83c70c0, 0x0000015eb83c71f8]
Event: 249.305 Thread 0x0000015ecc2bcf40 23347       3       com.android.tools.r8.graph.L2::m (6 bytes)
Event: 249.305 Thread 0x0000015ecc2bcf40 nmethod 23347 0x0000015eb9a2fa10 code [0x0000015eb9a2fbc0, 0x0000015eb9a2fe18]
Event: 249.305 Thread 0x0000015ecc2bcf40 23348       3       com.android.tools.r8.graph.L2$$Lambda/0x0000000101574230::a (5 bytes)

GC Heap History (20 events):
Event: 18.719 GC heap before
{Heap before GC invocations=48 (full 0):
 garbage-first heap   total 270336K, used 239672K [0x0000000080000000, 0x0000000100000000)
  region size 1024K, 84 young (86016K), 10 survivors (10240K)
 Metaspace       used 134341K, committed 136640K, reserved 1179648K
  class space    used 18330K, committed 19456K, reserved 1048576K
}
Event: 18.727 GC heap after
{Heap after GC invocations=49 (full 0):
 garbage-first heap   total 270336K, used 159128K [0x0000000080000000, 0x0000000100000000)
  region size 1024K, 8 young (8192K), 8 survivors (8192K)
 Metaspace       used 134341K, committed 136640K, reserved 1179648K
  class space    used 18330K, committed 19456K, reserved 1048576K
}
Event: 26.569 GC heap before
{Heap before GC invocations=49 (full 0):
 garbage-first heap   total 270336K, used 199064K [0x0000000080000000, 0x0000000100000000)
  region size 1024K, 49 young (50176K), 8 survivors (8192K)
 Metaspace       used 137333K, committed 139776K, reserved 1179648K
  class space    used 18741K, committed 19904K, reserved 1048576K
}
Event: 26.576 GC heap after
{Heap after GC invocations=50 (full 0):
 garbage-first heap   total 324608K, used 161872K [0x0000000080000000, 0x0000000100000000)
  region size 1024K, 5 young (5120K), 5 survivors (5120K)
 Metaspace       used 137333K, committed 139776K, reserved 1179648K
  class space    used 18741K, committed 19904K, reserved 1048576K
}
Event: 26.576 GC heap before
{Heap before GC invocations=50 (full 0):
 garbage-first heap   total 324608K, used 162896K [0x0000000080000000, 0x0000000100000000)
  region size 1024K, 6 young (6144K), 5 survivors (5120K)
 Metaspace       used 137334K, committed 139776K, reserved 1179648K
  class space    used 18741K, committed 19904K, reserved 1048576K
}
Event: 26.580 GC heap after
{Heap after GC invocations=51 (full 0):
 garbage-first heap   total 324608K, used 162548K [0x0000000080000000, 0x0000000100000000)
  region size 1024K, 5 young (5120K), 5 survivors (5120K)
 Metaspace       used 137334K, committed 139776K, reserved 1179648K
  class space    used 18741K, committed 19904K, reserved 1048576K
}
Event: 27.663 GC heap before
{Heap before GC invocations=52 (full 0):
 garbage-first heap   total 324608K, used 279284K [0x0000000080000000, 0x0000000100000000)
  region size 1024K, 127 young (130048K), 5 survivors (5120K)
 Metaspace       used 149925K, committed 152384K, reserved 1179648K
  class space    used 20813K, committed 22016K, reserved 1048576K
}
Event: 27.676 GC heap after
{Heap after GC invocations=53 (full 0):
 garbage-first heap   total 324608K, used 165053K [0x0000000080000000, 0x0000000100000000)
  region size 1024K, 16 young (16384K), 16 survivors (16384K)
 Metaspace       used 149925K, committed 152384K, reserved 1179648K
  class space    used 20813K, committed 22016K, reserved 1048576K
}
Event: 28.447 GC heap before
{Heap before GC invocations=53 (full 0):
 garbage-first heap   total 324608K, used 287933K [0x0000000080000000, 0x0000000100000000)
  region size 1024K, 136 young (139264K), 16 survivors (16384K)
 Metaspace       used 157355K, committed 159872K, reserved 1245184K
  class space    used 21970K, committed 23232K, reserved 1048576K
}
Event: 28.453 GC heap after
{Heap after GC invocations=54 (full 0):
 garbage-first heap   total 324608K, used 156522K [0x0000000080000000, 0x0000000100000000)
  region size 1024K, 6 young (6144K), 6 survivors (6144K)
 Metaspace       used 157355K, committed 159872K, reserved 1245184K
  class space    used 21970K, committed 23232K, reserved 1048576K
}
Event: 28.552 GC heap before
{Heap before GC invocations=54 (full 0):
 garbage-first heap   total 324608K, used 175978K [0x0000000080000000, 0x0000000100000000)
  region size 1024K, 27 young (27648K), 6 survivors (6144K)
 Metaspace       used 157893K, committed 160384K, reserved 1245184K
  class space    used 22071K, committed 23296K, reserved 1048576K
}
Event: 28.558 GC heap after
{Heap after GC invocations=55 (full 0):
 garbage-first heap   total 324608K, used 159661K [0x0000000080000000, 0x0000000100000000)
  region size 1024K, 9 young (9216K), 9 survivors (9216K)
 Metaspace       used 157893K, committed 160384K, reserved 1245184K
  class space    used 22071K, committed 23296K, reserved 1048576K
}
Event: 236.693 GC heap before
{Heap before GC invocations=56 (full 0):
 garbage-first heap   total 324608K, used 281517K [0x0000000080000000, 0x0000000100000000)
  region size 1024K, 116 young (118784K), 9 survivors (9216K)
 Metaspace       used 165890K, committed 168384K, reserved 1245184K
  class space    used 22909K, committed 24128K, reserved 1048576K
}
Event: 236.699 GC heap after
{Heap after GC invocations=57 (full 0):
 garbage-first heap   total 324608K, used 154452K [0x0000000080000000, 0x0000000100000000)
  region size 1024K, 3 young (3072K), 3 survivors (3072K)
 Metaspace       used 165890K, committed 168384K, reserved 1245184K
  class space    used 22909K, committed 24128K, reserved 1048576K
}
Event: 238.143 GC heap before
{Heap before GC invocations=57 (full 0):
 garbage-first heap   total 324608K, used 276308K [0x0000000080000000, 0x0000000100000000)
  region size 1024K, 121 young (123904K), 3 survivors (3072K)
 Metaspace       used 166527K, committed 169024K, reserved 1245184K
  class space    used 22914K, committed 24128K, reserved 1048576K
}
Event: 238.167 GC heap after
{Heap after GC invocations=58 (full 0):
 garbage-first heap   total 324608K, used 179200K [0x0000000080000000, 0x0000000100000000)
  region size 1024K, 16 young (16384K), 16 survivors (16384K)
 Metaspace       used 166527K, committed 169024K, reserved 1245184K
  class space    used 22914K, committed 24128K, reserved 1048576K
}
Event: 238.525 GC heap before
{Heap before GC invocations=58 (full 0):
 garbage-first heap   total 324608K, used 210944K [0x0000000080000000, 0x0000000100000000)
  region size 1024K, 48 young (49152K), 16 survivors (16384K)
 Metaspace       used 166579K, committed 169024K, reserved 1245184K
  class space    used 22917K, committed 24128K, reserved 1048576K
}
Event: 238.538 GC heap after
{Heap after GC invocations=59 (full 0):
 garbage-first heap   total 324608K, used 191488K [0x0000000080000000, 0x0000000100000000)
  region size 1024K, 12 young (12288K), 12 survivors (12288K)
 Metaspace       used 166579K, committed 169024K, reserved 1245184K
  class space    used 22917K, committed 24128K, reserved 1048576K
}
Event: 242.096 GC heap before
{Heap before GC invocations=60 (full 0):
 garbage-first heap   total 329728K, used 288768K [0x0000000080000000, 0x0000000100000000)
  region size 1024K, 94 young (96256K), 12 survivors (12288K)
 Metaspace       used 166844K, committed 169344K, reserved 1245184K
  class space    used 22915K, committed 24128K, reserved 1048576K
}
Event: 242.103 GC heap after
{Heap after GC invocations=61 (full 0):
 garbage-first heap   total 329728K, used 191040K [0x0000000080000000, 0x0000000100000000)
  region size 1024K, 6 young (6144K), 6 survivors (6144K)
 Metaspace       used 166844K, committed 169344K, reserved 1245184K
  class space    used 22915K, committed 24128K, reserved 1048576K
}

Dll operation events (3 events):
Event: 0.008 Loaded shared library C:\Program Files\Android\Android Studio\jbr\bin\java.dll
Event: 0.012 Loaded shared library C:\Program Files\Android\Android Studio\jbr\bin\zip.dll
Event: 0.533 Loaded shared library C:\Program Files\Android\Android Studio\jbr\bin\verify.dll

Deoptimization events (20 events):
Event: 242.143 Thread 0x0000015ed496e020 Uncommon trap: trap_request=0xffffffc6 fr.pc=0x0000015ebf3dc750 relative=0x0000000000000450
Event: 242.143 Thread 0x0000015ed496e020 Uncommon trap: reason=bimorphic_or_optimized_type_check action=maybe_recompile pc=0x0000015ebf3dc750 method=java.util.Hashtable.get(Ljava/lang/Object;)Ljava/lang/Object; @ 6 c2
Event: 242.143 Thread 0x0000015ed496e020 DEOPT PACKING pc=0x0000015ebf3dc750 sp=0x00000042c8cfe510
Event: 242.143 Thread 0x0000015ed496e020 DEOPT UNPACKING pc=0x0000015ebecc43a2 sp=0x00000042c8cfe4b0 mode 2
Event: 242.143 Thread 0x0000015ed496e020 Uncommon trap: trap_request=0xffffffc6 fr.pc=0x0000015ebf71c488 relative=0x0000000000000928
Event: 242.143 Thread 0x0000015ed496e020 Uncommon trap: reason=bimorphic_or_optimized_type_check action=maybe_recompile pc=0x0000015ebf71c488 method=java.util.Hashtable.put(Ljava/lang/Object;Ljava/lang/Object;)Ljava/lang/Object; @ 18 c2
Event: 242.143 Thread 0x0000015ed496e020 DEOPT PACKING pc=0x0000015ebf71c488 sp=0x00000042c8cfe4e0
Event: 242.143 Thread 0x0000015ed496e020 DEOPT UNPACKING pc=0x0000015ebecc43a2 sp=0x00000042c8cfe4a8 mode 2
Event: 242.143 Thread 0x0000015ed496e020 Uncommon trap: trap_request=0xffffffc6 fr.pc=0x0000015ebf3dc750 relative=0x0000000000000450
Event: 242.143 Thread 0x0000015ed496e020 Uncommon trap: reason=bimorphic_or_optimized_type_check action=maybe_recompile pc=0x0000015ebf3dc750 method=java.util.Hashtable.get(Ljava/lang/Object;)Ljava/lang/Object; @ 6 c2
Event: 242.143 Thread 0x0000015ed496e020 DEOPT PACKING pc=0x0000015ebf3dc750 sp=0x00000042c8cfe510
Event: 242.143 Thread 0x0000015ed496e020 DEOPT UNPACKING pc=0x0000015ebecc43a2 sp=0x00000042c8cfe4b0 mode 2
Event: 242.143 Thread 0x0000015ed496e020 Uncommon trap: trap_request=0xffffffc6 fr.pc=0x0000015ebf71c488 relative=0x0000000000000928
Event: 242.143 Thread 0x0000015ed496e020 Uncommon trap: reason=bimorphic_or_optimized_type_check action=maybe_recompile pc=0x0000015ebf71c488 method=java.util.Hashtable.put(Ljava/lang/Object;Ljava/lang/Object;)Ljava/lang/Object; @ 18 c2
Event: 242.143 Thread 0x0000015ed496e020 DEOPT PACKING pc=0x0000015ebf71c488 sp=0x00000042c8cfe4e0
Event: 242.143 Thread 0x0000015ed496e020 DEOPT UNPACKING pc=0x0000015ebecc43a2 sp=0x00000042c8cfe4a8 mode 2
Event: 249.241 Thread 0x0000015ed18628d0 DEOPT PACKING pc=0x0000015eb93168f5 sp=0x00000042c7dfc870
Event: 249.241 Thread 0x0000015ed18628d0 DEOPT UNPACKING pc=0x0000015ebecc4b42 sp=0x00000042c7dfbd30 mode 0
Event: 249.262 Thread 0x0000015ed51b2710 DEOPT PACKING pc=0x0000015eb9519dec sp=0x00000042c91fc490
Event: 249.262 Thread 0x0000015ed51b2710 DEOPT UNPACKING pc=0x0000015ebecc4b42 sp=0x00000042c91fb950 mode 0

Classes loaded (20 events):
Event: 49.623 Loading class java/lang/StackStreamFactory
Event: 49.623 Loading class java/lang/StackStreamFactory done
Event: 49.623 Loading class java/lang/StackWalker$ExtendedOption
Event: 49.623 Loading class java/lang/StackWalker$ExtendedOption done
Event: 49.623 Loading class java/lang/StackStreamFactory$StackFrameTraverser
Event: 49.623 Loading class java/lang/StackStreamFactory$StackFrameTraverser done
Event: 49.624 Loading class java/lang/StackStreamFactory$WalkerState
Event: 49.624 Loading class java/lang/StackStreamFactory$WalkerState done
Event: 49.624 Loading class java/lang/StackStreamFactory$StackFrameTraverser$StackFrameBuffer
Event: 49.624 Loading class java/lang/StackStreamFactory$FrameBuffer
Event: 49.624 Loading class java/lang/StackStreamFactory$FrameBuffer done
Event: 49.624 Loading class java/lang/StackStreamFactory$StackFrameTraverser$StackFrameBuffer done
Event: 49.624 Loading class java/util/logging/LogRecord
Event: 49.625 Loading class java/util/logging/LogRecord done
Event: 236.547 Loading class jdk/internal/math/FormattedFPDecimal
Event: 236.547 Loading class jdk/internal/math/FormattedFPDecimal done
Event: 238.810 Loading class com/sun/org/apache/xerces/internal/dom/DeferredCommentImpl
Event: 238.810 Loading class com/sun/org/apache/xerces/internal/dom/DeferredCommentImpl done
Event: 248.505 Loading class java/rmi/server/Unreferenced
Event: 248.505 Loading class java/rmi/server/Unreferenced done

Classes unloaded (20 events):
Event: 28.630 Thread 0x0000015ecc144d20 Unloading class 0x000000010139b800 'jdk/internal/reflect/GeneratedSerializationConstructorAccessor203'
Event: 28.630 Thread 0x0000015ecc144d20 Unloading class 0x000000010139b000 'jdk/internal/reflect/GeneratedSerializationConstructorAccessor201'
Event: 28.630 Thread 0x0000015ecc144d20 Unloading class 0x000000010139b400 'jdk/internal/reflect/GeneratedSerializationConstructorAccessor202'
Event: 28.630 Thread 0x0000015ecc144d20 Unloading class 0x000000010139ac00 'jdk/internal/reflect/GeneratedSerializationConstructorAccessor200'
Event: 28.630 Thread 0x0000015ecc144d20 Unloading class 0x000000010139a800 'jdk/internal/reflect/GeneratedSerializationConstructorAccessor199'
Event: 238.600 Thread 0x0000015ecc144d20 Unloading class 0x000000010161b800 'java/lang/invoke/LambdaForm$DMH+0x000000010161b800'
Event: 238.600 Thread 0x0000015ecc144d20 Unloading class 0x000000010161b400 'java/lang/invoke/LambdaForm$DMH+0x000000010161b400'
Event: 238.600 Thread 0x0000015ecc144d20 Unloading class 0x000000010161ac00 'java/lang/invoke/LambdaForm$DMH+0x000000010161ac00'
Event: 238.600 Thread 0x0000015ecc144d20 Unloading class 0x000000010161a400 'java/lang/invoke/LambdaForm$DMH+0x000000010161a400'
Event: 238.600 Thread 0x0000015ecc144d20 Unloading class 0x000000010161a000 'java/lang/invoke/LambdaForm$MH+0x000000010161a000'
Event: 238.600 Thread 0x0000015ecc144d20 Unloading class 0x0000000101619800 'java/lang/invoke/LambdaForm$DMH+0x0000000101619800'
Event: 238.600 Thread 0x0000015ecc144d20 Unloading class 0x0000000101619000 'java/lang/invoke/LambdaForm$DMH+0x0000000101619000'
Event: 238.600 Thread 0x0000015ecc144d20 Unloading class 0x0000000101618800 'java/lang/invoke/LambdaForm$DMH+0x0000000101618800'
Event: 238.600 Thread 0x0000015ecc144d20 Unloading class 0x0000000101618400 'java/lang/invoke/LambdaForm$DMH+0x0000000101618400'
Event: 238.600 Thread 0x0000015ecc144d20 Unloading class 0x00000001015c4c00 'java/lang/invoke/LambdaForm$DMH+0x00000001015c4c00'
Event: 238.600 Thread 0x0000015ecc144d20 Unloading class 0x00000001015c4000 'java/lang/invoke/LambdaForm$DMH+0x00000001015c4000'
Event: 238.600 Thread 0x0000015ecc144d20 Unloading class 0x00000001015c4800 'java/lang/invoke/LambdaForm$DMH+0x00000001015c4800'
Event: 238.600 Thread 0x0000015ecc144d20 Unloading class 0x0000000101594c00 'java/lang/invoke/LambdaForm$DMH+0x0000000101594c00'
Event: 238.600 Thread 0x0000015ecc144d20 Unloading class 0x0000000101594800 'java/lang/invoke/LambdaForm$DMH+0x0000000101594800'
Event: 238.600 Thread 0x0000015ecc144d20 Unloading class 0x0000000101594000 'java/lang/invoke/LambdaForm$DMH+0x0000000101594000'

Classes redefined (0 events):
No events

Internal exceptions (20 events):
Event: 242.073 Thread 0x0000015ed185edc0 Exception <a 'sun/nio/fs/WindowsException'{0x000000008d36eea0}> (0x000000008d36eea0) 
thrown [s\src\hotspot\share\prims\jni.cpp, line 537]
Event: 242.073 Thread 0x0000015ed185edc0 Exception <a 'sun/nio/fs/WindowsException'{0x000000008d370ed0}> (0x000000008d370ed0) 
thrown [s\src\hotspot\share\prims\jni.cpp, line 537]
Event: 242.076 Thread 0x0000015ed185edc0 Exception <a 'sun/nio/fs/WindowsException'{0x000000008d377438}> (0x000000008d377438) 
thrown [s\src\hotspot\share\prims\jni.cpp, line 537]
Event: 242.082 Thread 0x0000015ed185edc0 Exception <a 'sun/nio/fs/WindowsException'{0x000000008d3957b8}> (0x000000008d3957b8) 
thrown [s\src\hotspot\share\prims\jni.cpp, line 537]
Event: 242.082 Thread 0x0000015ed185edc0 Exception <a 'sun/nio/fs/WindowsException'{0x000000008d3968b0}> (0x000000008d3968b0) 
thrown [s\src\hotspot\share\prims\jni.cpp, line 537]
Event: 248.999 Thread 0x0000015edce21c20 Exception <a 'sun/nio/fs/WindowsException'{0x00000000ff0300b8}> (0x00000000ff0300b8) 
thrown [s\src\hotspot\share\prims\jni.cpp, line 537]
Event: 249.024 Thread 0x0000015ed185ccf0 Exception <a 'sun/nio/fs/WindowsException'{0x0000000092b02fb0}> (0x0000000092b02fb0) 
thrown [s\src\hotspot\share\prims\jni.cpp, line 537]
Event: 249.025 Thread 0x0000015ed185ccf0 Exception <a 'sun/nio/fs/WindowsException'{0x0000000092b03b98}> (0x0000000092b03b98) 
thrown [s\src\hotspot\share\prims\jni.cpp, line 537]
Event: 249.025 Thread 0x0000015ed185ccf0 Exception <a 'sun/nio/fs/WindowsException'{0x0000000092b06210}> (0x0000000092b06210) 
thrown [s\src\hotspot\share\prims\jni.cpp, line 537]
Event: 249.025 Thread 0x0000015ed185ccf0 Exception <a 'sun/nio/fs/WindowsException'{0x0000000092b06da0}> (0x0000000092b06da0) 
thrown [s\src\hotspot\share\prims\jni.cpp, line 537]
Event: 249.025 Thread 0x0000015ed185ccf0 Exception <a 'sun/nio/fs/WindowsException'{0x0000000092b09198}> (0x0000000092b09198) 
thrown [s\src\hotspot\share\prims\jni.cpp, line 537]
Event: 249.025 Thread 0x0000015ed185ccf0 Exception <a 'sun/nio/fs/WindowsException'{0x0000000092b09d80}> (0x0000000092b09d80) 
thrown [s\src\hotspot\share\prims\jni.cpp, line 537]
Event: 249.031 Thread 0x0000015ed185ccf0 Exception <a 'sun/nio/fs/WindowsException'{0x0000000092b28f08}> (0x0000000092b28f08) 
thrown [s\src\hotspot\share\prims\jni.cpp, line 537]
Event: 249.032 Thread 0x0000015ed185ccf0 Exception <a 'sun/nio/fs/WindowsException'{0x0000000092b2e708}> (0x0000000092b2e708) 
thrown [s\src\hotspot\share\prims\jni.cpp, line 537]
Event: 249.034 Thread 0x0000015ed185ccf0 Exception <a 'sun/nio/fs/WindowsException'{0x0000000092b44be0}> (0x0000000092b44be0) 
thrown [s\src\hotspot\share\prims\jni.cpp, line 537]
Event: 249.034 Thread 0x0000015ed185ccf0 Exception <a 'sun/nio/fs/WindowsException'{0x0000000092b48790}> (0x0000000092b48790) 
thrown [s\src\hotspot\share\prims\jni.cpp, line 537]
Event: 249.063 Thread 0x0000015ed185ccf0 Exception <a 'sun/nio/fs/WindowsException'{0x00000000929cae48}> (0x00000000929cae48) 
thrown [s\src\hotspot\share\prims\jni.cpp, line 537]
Event: 249.066 Thread 0x0000015ed185ccf0 Exception <a 'sun/nio/fs/WindowsException'{0x00000000929eff68}> (0x00000000929eff68) 
thrown [s\src\hotspot\share\prims\jni.cpp, line 537]
Event: 249.066 Thread 0x0000015ed185ccf0 Exception <a 'sun/nio/fs/WindowsException'{0x00000000929f3908}> (0x00000000929f3908) 
thrown [s\src\hotspot\share\prims\jni.cpp, line 537]
Event: 249.074 Thread 0x0000015ed185ccf0 Exception <a 'sun/nio/fs/WindowsException'{0x00000000929f8690}> (0x00000000929f8690) 
thrown [s\src\hotspot\share\prims\jni.cpp, line 537]

ZGC Phase Switch (0 events):
No events

VM Operations (20 events):
Event: 238.143 Executing safepoint VM operation: G1CollectForAllocation (G1 Evacuation Pause)
Event: 238.167 Executing safepoint VM operation: G1CollectForAllocation (G1 Evacuation Pause) done
Event: 238.525 Executing safepoint VM operation: G1TryInitiateConcMark (G1 Humongous Allocation)
Event: 238.538 Executing safepoint VM operation: G1TryInitiateConcMark (G1 Humongous Allocation) done
Event: 238.600 Executing safepoint VM operation: G1PauseRemark
Event: 238.614 Executing safepoint VM operation: G1PauseRemark done
Event: 238.653 Executing safepoint VM operation: G1PauseCleanup
Event: 238.653 Executing safepoint VM operation: G1PauseCleanup done
Event: 238.972 Executing safepoint VM operation: ICBufferFull
Event: 238.972 Executing safepoint VM operation: ICBufferFull done
Event: 240.972 Executing safepoint VM operation: Cleanup
Event: 240.972 Executing safepoint VM operation: Cleanup done
Event: 241.973 Executing safepoint VM operation: Cleanup
Event: 241.973 Executing safepoint VM operation: Cleanup done
Event: 242.096 Executing safepoint VM operation: G1CollectForAllocation (G1 Evacuation Pause)
Event: 242.103 Executing safepoint VM operation: G1CollectForAllocation (G1 Evacuation Pause) done
Event: 244.103 Executing safepoint VM operation: Cleanup
Event: 244.103 Executing safepoint VM operation: Cleanup done
Event: 249.105 Executing safepoint VM operation: Cleanup
Event: 249.106 Executing safepoint VM operation: Cleanup done

Memory protections (0 events):
No events

Nmethod flushes (20 events):
Event: 238.612 Thread 0x0000015ecc144d20 flushing  nmethod 0x0000015eb9436d10
Event: 238.612 Thread 0x0000015ecc144d20 flushing  nmethod 0x0000015eb9439b10
Event: 238.612 Thread 0x0000015ecc144d20 flushing  nmethod 0x0000015eb943a490
Event: 238.612 Thread 0x0000015ecc144d20 flushing  nmethod 0x0000015eb946f810
Event: 238.612 Thread 0x0000015ecc144d20 flushing  nmethod 0x0000015eb946fb90
Event: 238.612 Thread 0x0000015ecc144d20 flushing  nmethod 0x0000015eb9472590
Event: 238.612 Thread 0x0000015ecc144d20 flushing  nmethod 0x0000015eb9472910
Event: 238.612 Thread 0x0000015ecc144d20 flushing  nmethod 0x0000015eb9472d10
Event: 238.612 Thread 0x0000015ecc144d20 flushing  nmethod 0x0000015eb9473590
Event: 238.612 Thread 0x0000015ecc144d20 flushing  nmethod 0x0000015eb9473a10
Event: 238.612 Thread 0x0000015ecc144d20 flushing  nmethod 0x0000015eb948de90
Event: 238.612 Thread 0x0000015ecc144d20 flushing  nmethod 0x0000015eb948e790
Event: 238.612 Thread 0x0000015ecc144d20 flushing  nmethod 0x0000015eb948f290
Event: 238.612 Thread 0x0000015ecc144d20 flushing  nmethod 0x0000015eb9491a10
Event: 238.612 Thread 0x0000015ecc144d20 flushing  nmethod 0x0000015eb9492810
Event: 238.612 Thread 0x0000015ecc144d20 flushing  nmethod 0x0000015eb952a190
Event: 238.612 Thread 0x0000015ecc144d20 flushing  nmethod 0x0000015eb952a610
Event: 238.612 Thread 0x0000015ecc144d20 flushing  nmethod 0x0000015eb952b510
Event: 238.612 Thread 0x0000015ecc144d20 flushing  nmethod 0x0000015eb952d190
Event: 238.612 Thread 0x0000015ecc144d20 flushing  nmethod 0x0000015eb95e7490

Events (20 events):
Event: 241.939 Thread 0x0000015ed185edc0 Thread added: 0x0000015ed496cc70
Event: 241.940 Thread 0x0000015ed185edc0 Thread added: 0x0000015ed496d300
Event: 241.953 Thread 0x0000015ed185edc0 Thread added: 0x0000015ed4969e80
Event: 242.085 Thread 0x0000015ed185edc0 Thread added: 0x0000015ed496aba0
Event: 242.104 Thread 0x0000015edce21c20 Thread added: 0x0000015ed496d990
Event: 242.142 Thread 0x0000015eddfa21a0 Thread added: 0x0000015ed496e020
Event: 243.507 Thread 0x0000015edc894fb0 Thread exited: 0x0000015edc894fb0
Event: 243.508 Thread 0x0000015edc895680 Thread exited: 0x0000015edc895680
Event: 248.501 Thread 0x0000015eddfa21a0 Thread added: 0x0000015ed496e6b0
Event: 249.076 Thread 0x0000015ed185ccf0 Thread added: 0x0000015ed496b230
Event: 249.077 Thread 0x0000015ed185ccf0 Thread added: 0x0000015ed496ed40
Event: 249.078 Thread 0x0000015ed185ccf0 Thread added: 0x0000015ed496f3d0
Event: 249.080 Thread 0x0000015ed185ccf0 Thread added: 0x0000015ed51b2080
Event: 249.080 Thread 0x0000015ed185ccf0 Thread added: 0x0000015ed51b3ac0
Event: 249.081 Thread 0x0000015ed185ccf0 Thread added: 0x0000015ed51b2710
Event: 249.085 Thread 0x0000015ed185ccf0 Thread added: 0x0000015ed51b5500
Event: 249.087 Thread 0x0000015ecc2bcf40 Thread added: 0x0000015edc893b40
Event: 249.088 Thread 0x0000015ed185ccf0 Thread added: 0x0000015ed51b3430
Event: 249.105 Thread 0x0000015ed185ccf0 Thread added: 0x0000015ed51b4150
Event: 249.129 Thread 0x0000015ecc2bcf40 Thread added: 0x0000015edc8926d0


Dynamic libraries:
0x00007ff737300000 - 0x00007ff73730a000 	C:\Program Files\Android\Android Studio\jbr\bin\java.exe
0x00007ffe6b3c0000 - 0x00007ffe6b627000 	C:\WINDOWS\SYSTEM32\ntdll.dll
0x00007ffe69620000 - 0x00007ffe696e9000 	C:\WINDOWS\System32\KERNEL32.DLL
0x00007ffe68880000 - 0x00007ffe68c77000 	C:\WINDOWS\System32\KERNELBASE.dll
0x00007ffe68dc0000 - 0x00007ffe68f0b000 	C:\WINDOWS\System32\ucrtbase.dll
0x00007ffe4fa60000 - 0x00007ffe4fa7b000 	C:\Program Files\Android\Android Studio\jbr\bin\VCRUNTIME140.dll
0x00007ffe14910000 - 0x00007ffe14928000 	C:\Program Files\Android\Android Studio\jbr\bin\jli.dll
0x00007ffe69a30000 - 0x00007ffe69bf6000 	C:\WINDOWS\System32\USER32.dll
0x00007ffe4b800000 - 0x00007ffe4ba92000 	C:\WINDOWS\WinSxS\amd64_microsoft.windows.common-controls_6595b64144ccf1df_6.0.26100.8457_none_3e0b2faee331e92d\COMCTL32.dll
0x00007ffe67f20000 - 0x00007ffe67f47000 	C:\WINDOWS\System32\win32u.dll
0x00007ffe694d0000 - 0x00007ffe69579000 	C:\WINDOWS\System32\msvcrt.dll
0x00007ffe693e0000 - 0x00007ffe6940b000 	C:\WINDOWS\System32\GDI32.dll
0x00007ffe67df0000 - 0x00007ffe67f1c000 	C:\WINDOWS\System32\gdi32full.dll
0x00007ffe68f10000 - 0x00007ffe68fb3000 	C:\WINDOWS\System32\msvcp_win.dll
0x00007ffe69240000 - 0x00007ffe69272000 	C:\WINDOWS\System32\IMM32.DLL
0x00007ffe62f70000 - 0x00007ffe62f7c000 	C:\Program Files\Android\Android Studio\jbr\bin\vcruntime140_1.dll
0x00007ffdefc90000 - 0x00007ffdefd1d000 	C:\Program Files\Android\Android Studio\jbr\bin\msvcp140.dll
0x00007ffdb4140000 - 0x00007ffdb4dd6000 	C:\Program Files\Android\Android Studio\jbr\bin\server\jvm.dll
0x00007ffe69410000 - 0x00007ffe694c6000 	C:\WINDOWS\System32\ADVAPI32.dll
0x00007ffe69830000 - 0x00007ffe698d7000 	C:\WINDOWS\System32\sechost.dll
0x00007ffe69710000 - 0x00007ffe69828000 	C:\WINDOWS\System32\RPCRT4.dll
0x00007ffe69e20000 - 0x00007ffe69ea0000 	C:\WINDOWS\System32\WS2_32.dll
0x00007ffe67ba0000 - 0x00007ffe67bfe000 	C:\WINDOWS\SYSTEM32\POWRPROF.dll
0x00007ffe5fdf0000 - 0x00007ffe5fe26000 	C:\WINDOWS\SYSTEM32\WINMM.dll
0x00007ffe596d0000 - 0x00007ffe596db000 	C:\WINDOWS\SYSTEM32\VERSION.dll
0x00007ffe67b80000 - 0x00007ffe67b94000 	C:\WINDOWS\SYSTEM32\UMPDC.dll
0x00007ffe66b20000 - 0x00007ffe66b3b000 	C:\WINDOWS\SYSTEM32\kernel.appcore.dll
0x00007ffe4fa50000 - 0x00007ffe4fa5a000 	C:\Program Files\Android\Android Studio\jbr\bin\jimage.dll
0x00007ffe656d0000 - 0x00007ffe65912000 	C:\WINDOWS\SYSTEM32\DBGHELP.DLL
0x00007ffe6aa60000 - 0x00007ffe6ade3000 	C:\WINDOWS\System32\combase.dll
0x00007ffe69950000 - 0x00007ffe69a29000 	C:\WINDOWS\System32\OLEAUT32.dll
0x00007ffe46ab0000 - 0x00007ffe46aeb000 	C:\WINDOWS\SYSTEM32\dbgcore.DLL
0x00007ffe68d10000 - 0x00007ffe68db8000 	C:\WINDOWS\System32\bcryptPrimitives.dll
0x00007ffe38aa0000 - 0x00007ffe38aae000 	C:\Program Files\Android\Android Studio\jbr\bin\instrument.dll
0x00007ffe4fa30000 - 0x00007ffe4fa50000 	C:\Program Files\Android\Android Studio\jbr\bin\java.dll
0x00007ffe4e560000 - 0x00007ffe4e578000 	C:\Program Files\Android\Android Studio\jbr\bin\zip.dll
0x00007ffe69f30000 - 0x00007ffe6a69e000 	C:\WINDOWS\System32\SHELL32.dll
0x00007ffe68010000 - 0x00007ffe6887c000 	C:\WINDOWS\System32\windows.storage.dll
0x00007ffe6b280000 - 0x00007ffe6b376000 	C:\WINDOWS\System32\SHCORE.dll
0x00007ffe69c00000 - 0x00007ffe69c66000 	C:\WINDOWS\System32\shlwapi.dll
0x00007ffe67d10000 - 0x00007ffe67d39000 	C:\WINDOWS\SYSTEM32\profapi.dll
0x00007ffe4e550000 - 0x00007ffe4e560000 	C:\Program Files\Android\Android Studio\jbr\bin\net.dll
0x00007ffe5fe30000 - 0x00007ffe5ff59000 	C:\WINDOWS\SYSTEM32\WINHTTP.dll
0x00007ffe670f0000 - 0x00007ffe6715c000 	C:\WINDOWS\system32\mswsock.dll
0x00007ffe4e530000 - 0x00007ffe4e546000 	C:\Program Files\Android\Android Studio\jbr\bin\nio.dll
0x00007ffe39d20000 - 0x00007ffe39d30000 	C:\Program Files\Android\Android Studio\jbr\bin\verify.dll
0x00007ffe139d0000 - 0x00007ffe139f7000 	C:\Users\yanfe\.gradle\native\1def1411415f61bf3af743bc5b6707747c0891f09f0c88961ee8f79bc544acac\windows-amd64\native-platform.dll
0x00007ffdea8e0000 - 0x00007ffdea958000 	C:\Users\yanfe\.gradle\native\0.2.7\x86_64-windows-gnu\gradle-fileevents.dll
0x00007ffe4a2d0000 - 0x00007ffe4a2d9000 	C:\Program Files\Android\Android Studio\jbr\bin\management.dll
0x00007ffe41ac0000 - 0x00007ffe41acb000 	C:\Program Files\Android\Android Studio\jbr\bin\management_ext.dll
0x00007ffe69700000 - 0x00007ffe69708000 	C:\WINDOWS\System32\PSAPI.DLL
0x00007ffe665a0000 - 0x00007ffe665d2000 	C:\WINDOWS\SYSTEM32\IPHLPAPI.DLL
0x00007ffe69940000 - 0x00007ffe6994a000 	C:\WINDOWS\System32\NSI.dll
0x00007ffe4a2e0000 - 0x00007ffe4a2e9000 	C:\Program Files\Android\Android Studio\jbr\bin\extnet.dll
0x00007ffe673d0000 - 0x00007ffe673eb000 	C:\WINDOWS\SYSTEM32\CRYPTSP.dll
0x00007ffe66ae0000 - 0x00007ffe66b19000 	C:\WINDOWS\system32\rsaenh.dll
0x00007ffe671a0000 - 0x00007ffe671d3000 	C:\WINDOWS\SYSTEM32\USERENV.dll
0x00007ffe67ce0000 - 0x00007ffe67d0a000 	C:\WINDOWS\SYSTEM32\bcrypt.dll
0x00007ffe673f0000 - 0x00007ffe673fc000 	C:\WINDOWS\SYSTEM32\CRYPTBASE.dll
0x00007ffe24300000 - 0x00007ffe24308000 	C:\WINDOWS\system32\wshunix.dll
0x00007ffe3a4e0000 - 0x00007ffe3a4f8000 	C:\WINDOWS\system32\napinsp.dll
0x00007ffe66640000 - 0x00007ffe66772000 	C:\WINDOWS\SYSTEM32\DNSAPI.dll
0x00007ffe39ca0000 - 0x00007ffe39cb3000 	C:\WINDOWS\System32\winrnr.dll
0x00007ffe39c70000 - 0x00007ffe39c92000 	C:\WINDOWS\system32\nlansp_c.dll
0x00007ffe39c50000 - 0x00007ffe39c66000 	C:\WINDOWS\system32\wshbth.dll
0x00007ffe5a290000 - 0x00007ffe5a29b000 	C:\Windows\System32\rasadhlp.dll
0x00007ffe61f10000 - 0x00007ffe61f96000 	C:\WINDOWS\System32\fwpuclnt.dll
0x00007ffe66ca0000 - 0x00007ffe66cd6000 	C:\WINDOWS\SYSTEM32\ntmarta.dll
0x00007ffe2db20000 - 0x00007ffe2db27000 	C:\Program Files\Android\Android Studio\jbr\bin\rmi.dll

JVMTI agents:
C:\Users\yanfe\.gradle\wrapper\dists\gradle-8.14.5-bin\690y85m0j9nfaub7xoiayko8a\gradle-8.14.5\lib\agents\gradle-instrumentation-agent-8.14.5.jar path:C:\Program Files\Android\Android Studio\jbr\bin\instrument.dll, loaded, initialized, instrumentlib options:none

dbghelp: loaded successfully - version: 4.0.5 - missing functions: none
symbol engine: initialized successfully - sym options: 0x614 - pdb path: .;C:\Program Files\Android\Android Studio\jbr\bin;C:\WINDOWS\SYSTEM32;C:\WINDOWS\WinSxS\amd64_microsoft.windows.common-controls_6595b64144ccf1df_6.0.26100.8457_none_3e0b2faee331e92d;C:\Program Files\Android\Android Studio\jbr\bin\server;C:\Users\yanfe\.gradle\native\1def1411415f61bf3af743bc5b6707747c0891f09f0c88961ee8f79bc544acac\windows-amd64;C:\Users\yanfe\.gradle\native\0.2.7\x86_64-windows-gnu

VM Arguments:
jvm_args: --add-opens=java.base/java.lang=ALL-UNNAMED --add-opens=java.base/java.lang.invoke=ALL-UNNAMED --add-opens=java.base/java.util=ALL-UNNAMED --add-opens=java.prefs/java.util.prefs=ALL-UNNAMED --add-exports=jdk.compiler/com.sun.tools.javac.api=ALL-UNNAMED --add-exports=jdk.compiler/com.sun.tools.javac.util=ALL-UNNAMED --add-opens=java.base/java.util=ALL-UNNAMED --add-opens=java.prefs/java.util.prefs=ALL-UNNAMED --add-opens=java.base/java.nio.charset=ALL-UNNAMED --add-opens=java.base/java.net=ALL-UNNAMED --add-opens=java.base/java.util.concurrent.atomic=ALL-UNNAMED --add-opens=java.xml/javax.xml.namespace=ALL-UNNAMED -Xmx2048m -Dfile.encoding=UTF-8 -Duser.country=BR -Duser.language=pt -Duser.variant -javaagent:C:\Users\yanfe\.gradle\wrapper\dists\gradle-8.14.5-bin\690y85m0j9nfaub7xoiayko8a\gradle-8.14.5\lib\agents\gradle-instrumentation-agent-8.14.5.jar 
java_command: org.gradle.launcher.daemon.bootstrap.GradleDaemon 8.14.5
java_class_path (initial): C:\Users\yanfe\.gradle\wrapper\dists\gradle-8.14.5-bin\690y85m0j9nfaub7xoiayko8a\gradle-8.14.5\lib\gradle-daemon-main-8.14.5.jar
Launcher Type: SUN_STANDARD

[Global flags]
     intx CICompilerCount                          = 4                                         {product} {ergonomic}
     uint ConcGCThreads                            = 3                                         {product} {ergonomic}
     uint G1ConcRefinementThreads                  = 10                                        {product} {ergonomic}
   size_t G1HeapRegionSize                         = 1048576                                   {product} {ergonomic}
    uintx GCDrainStackTargetSize                   = 64                                        {product} {ergonomic}
   size_t InitialHeapSize                          = 264241152                                 {product} {ergonomic}
   size_t MarkStackSize                            = 4194304                                   {product} {ergonomic}
   size_t MaxHeapSize                              = 2147483648                                {product} {command line}
   size_t MaxNewSize                               = 1287651328                                {product} {ergonomic}
   size_t MinHeapDeltaBytes                        = 1048576                                   {product} {ergonomic}
   size_t MinHeapSize                              = 8388608                                   {product} {ergonomic}
    uintx NonNMethodCodeHeapSize                   = 5839372                                {pd product} {ergonomic}
    uintx NonProfiledCodeHeapSize                  = 122909434                              {pd product} {ergonomic}
    uintx ProfiledCodeHeapSize                     = 122909434                              {pd product} {ergonomic}
    uintx ReservedCodeCacheSize                    = 251658240                              {pd product} {ergonomic}
     bool SegmentedCodeCache                       = true                                      {product} {ergonomic}
   size_t SoftMaxHeapSize                          = 2147483648                             {manageable} {ergonomic}
     bool UseCompressedOops                        = true                           {product lp64_product} {ergonomic}
     bool UseG1GC                                  = true                                      {product} {ergonomic}
     bool UseLargePagesIndividualAllocation        = false                                  {pd product} {ergonomic}

Logging:
Log output configuration:
 #0: stdout all=warning uptime,level,tags foldmultilines=false
 #1: stderr all=off uptime,level,tags foldmultilines=false

Release file:
JAVA_VERSION="21.0.10" 
MODULES="java.base java.compiler java.datatransfer java.xml java.prefs java.desktop java.instrument java.logging java.management java.security.sasl java.naming java.rmi java.management.rmi java.net.http java.scripting java.security.jgss java.transaction.xa java.sql java.sql.rowset java.xml.crypto java.se java.smartcardio jdk.accessibility jdk.internal.jvmstat jdk.attach jdk.charsets jdk.internal.opt jdk.zipfs jdk.compiler jdk.crypto.ec jdk.crypto.cryptoki jdk.dynalink jdk.hotspot.agent jdk.httpserver jdk.internal.ed jdk.internal.le jdk.internal.vm.ci jdk.jartool jdk.javadoc jdk.jcmd jdk.jdeps jdk.jdwp.agent jdk.jdi jdk.jfr jdk.jlink jdk.jsobject jdk.localedata jdk.management jdk.management.agent jdk.management.jfr jdk.naming.dns jdk.naming.rmi jdk.net jdk.sctp jdk.security.auth jdk.security.jgss jdk.unsupported jdk.unsupported.desktop jdk.xml.dom" 
IMPLEMENTOR="JetBrains s.r.o." 
JAVA_RUNTIME_VERSION="21.0.10+-14961533-b1163.108" 
LIBC="default" 
OS_ARCH="x86_64" 
OS_NAME="Windows" 
SOURCE=".:git:1351622c2ff2" 

Environment Variables:
PATH=C:\Program Files (x86)\Common Files\Oracle\Java\java8path;C:\Program Files (x86)\Common Files\Oracle\Java\javapath;C:\Program Files (x86)\Falcon\MinGW\bin;C:\WINDOWS\system32;C:\WINDOWS;C:\WINDOWS\System32\Wbem;C:\WINDOWS\System32\WindowsPowerShell\v1.0\;C:\WINDOWS\System32\OpenSSH\;C:\Program Files\nodejs\;C:\Program Files\dotnet\;%MAVEN_HOME%\bin;%GRADLE_HOME%\bin;C:\Program Files\Git\cmd;C:\Program Files\Docker\Docker\resources\bin;C:\Users\yanfe\AppData\Local\Programs\Python\Python313\Scripts\;C:\Users\yanfe\AppData\Local\Programs\Python\Python313\;C:\Users\yanfe\AppData\Local\Microsoft\WindowsApps;C:\Users\yanfe\AppData\Roaming\npm;C:\Users\yanfe\AppData\Local\Programs\Microsoft VS Code\bin;C:\Users\yanfe\AppData\Local\Programs\Antigravity\bin
USERNAME=yanfe
OS=Windows_NT
PROCESSOR_IDENTIFIER=Intel64 Family 6 Model 186 Stepping 3, GenuineIntel
TMP=C:\Users\yanfe\AppData\Local\Temp
TEMP=C:\Users\yanfe\AppData\Local\Temp




Periodic native trim disabled

JNI global refs:
JNI global refs: 32, weak refs: 18

JNI global refs memory usage: 835, weak refs: 833

Process memory usage:
Resident Set Size: 770676K (4% of 16453064K total physical memory with 1978588K free physical memory)

OOME stack traces (most recent first):
Classloader memory used:
Loader org.gradle.internal.classloader.VisitableURLClassLoader$InstrumentingVisitableURLClassLoader: 66615K
Loader org.gradle.internal.classloader.VisitableURLClassLoader                         : 49053K
Loader bootstrap                                                                       : 33669K
Loader org.gradle.initialization.MixInLegacyTypesClassLoader                           : 13302K
Loader java.net.URLClassLoader                                                         : 2690K
Loader jdk.internal.reflect.DelegatingClassLoader                                      : 721K
Loader jdk.internal.loader.ClassLoaders$PlatformClassLoader                            : 551K
Loader jdk.internal.loader.ClassLoaders$AppClassLoader                                 : 235K
Loader org.gradle.groovy.scripts.internal.DefaultScriptCompilationHandler$ScriptClassLoader: 138K
Loader org.gradle.internal.classloader.VisitableURLClassLoader                         : 109K
Loader org.codehaus.groovy.runtime.callsite.CallSiteClassLoader                        : 27632B
Loader sun.reflect.misc.MethodUtil                                                     : 2984B

Classes loaded by more than one classloader:
Class Program                                                                         : loaded 5 times (x 72B)
Class kotlin.text.StringsKt__StringsKt                                                : loaded 2 times (x 71B)
Class com.google.common.io.LineReader                                                 : loaded 2 times (x 72B)
Class com.google.common.base.PairwiseEquivalence                                      : loaded 2 times (x 83B)
Class com.google.common.base.Equivalence$Identity                                     : loaded 2 times (x 82B)
Class com.google.common.collect.RegularImmutableMap$KeySet                            : loaded 2 times (x 150B)
Class org.gradle.internal.classloader.FilteringClassLoader                            : loaded 2 times (x 105B)
Class kotlin.io.FilesKt__FileTreeWalkKt                                               : loaded 2 times (x 71B)
Class kotlin.sequences.FilteringSequence$iterator$1                                   : loaded 2 times (x 79B)
Class kotlin.sequences.SequencesKt__SequenceBuilderKt                                 : loaded 2 times (x 71B)
Class kotlin.collections.CollectionsKt__ReversedViewsKt                               : loaded 2 times (x 71B)
Class com.google.common.cache.LocalCache$ValueIterator                                : loaded 2 times (x 86B)
Class [Lcom.google.common.collect.MapMakerInternalMap$Segment;                        : loaded 2 times (x 69B)
Class com.google.common.io.FileWriteMode                                              : loaded 2 times (x 79B)
Class [Lcom.google.common.base.AbstractIterator$State;                                : loaded 2 times (x 69B)
Class com.google.common.base.CharMatcher$IsEither                                     : loaded 2 times (x 111B)
Class org.gradle.internal.classloader.ClassLoaderHierarchy                            : loaded 2 times (x 70B)
Class [Lcom.google.common.cache.RemovalCause;                                         : loaded 2 times (x 69B)
Class com.google.common.collect.AbstractMapBasedMultimap$WrappedCollection            : loaded 2 times (x 124B)
Class com.google.common.collect.ImmutableEnumSet                                      : loaded 2 times (x 146B)
Class com.google.common.util.concurrent.ExecutionError                                : loaded 2 times (x 82B)
Class com.google.common.collect.ImmutableList$1                                       : loaded 2 times (x 97B)
Class org.gradle.api.internal.classpath.ManifestUtil                                  : loaded 2 times (x 71B)
Class com.google.common.io.ByteArrayDataOutput                                        : loaded 2 times (x 70B)
Class com.google.common.collect.RegularImmutableMap                                   : loaded 2 times (x 121B)
Class com.google.common.collect.ImmutableMap$MapViewOfValuesAsSingletonSets           : loaded 2 times (x 125B)
Class com.google.common.reflect.TypeCapture                                           : loaded 2 times (x 71B)
Class com.google.common.cache.LocalCache$Values                                       : loaded 2 times (x 118B)
Class com.google.common.collect.TransformedListIterator                               : loaded 2 times (x 93B)
Class [Lorg.objectweb.asm.Symbol;                                                     : loaded 2 times (x 69B)
Class org.objectweb.asm.ClassVisitor                                                  : loaded 2 times (x 88B)
Class com.google.common.collect.UnmodifiableListIterator                              : loaded 2 times (x 95B)
Class org.jetbrains.kotlin.name.FqNameUnsafe$1                                        : loaded 2 times (x 74B)
Class com.google.common.collect.MapMakerInternalMap$StrongKeyDummyValueEntry$LinkedStrongKeyDummyValueEntry: loaded 2 times (x 82B)
Class com.google.common.collect.MapMakerInternalMap$Strength                          : loaded 2 times (x 80B)
Class com.google.common.base.Platform$JdkPatternCompiler                              : loaded 2 times (x 75B)
Class org.objectweb.asm.MethodTooLargeException                                       : loaded 2 times (x 83B)
Class [Lcom.google.common.cache.CacheBuilder$OneWeigher;                              : loaded 2 times (x 69B)
Class com.google.common.base.Suppliers                                                : loaded 2 times (x 71B)
Class org.gradle.internal.classloader.DefaultClassLoaderFactory                       : loaded 2 times (x 82B)
Class kotlin.sequences.SequencesKt___SequencesKt                                      : loaded 2 times (x 71B)
Class kotlin.collections.AbstractList$Companion                                       : loaded 2 times (x 71B)
Class com.google.common.io.ByteSource$ConcatenatedByteSource                          : loaded 2 times (x 85B)
Class [Lcom.google.common.collect.AbstractIterator$State;                             : loaded 2 times (x 69B)
Class com.google.common.base.CharMatcher$None                                         : loaded 2 times (x 112B)
Class org.gradle.internal.classloader.ClassLoaderVisitor                              : loaded 2 times (x 76B)
Class [Lcom.google.common.collect.ImmutableMapEntry;                                  : loaded 2 times (x 69B)
Class org.gradle.api.internal.classpath.EffectiveClassPath                            : loaded 2 times (x 90B)
Class kotlin.text.StringsKt__AppendableKt                                             : loaded 2 times (x 71B)
Class com.google.common.collect.ImmutableRangeSet                                     : loaded 2 times (x 115B)
Class com.google.common.collect.ImmutableEnumMap                                      : loaded 2 times (x 125B)
Class com.google.common.collect.ListMultimap                                          : loaded 2 times (x 70B)
Class com.google.common.collect.ImmutableSet$SerializedForm                           : loaded 2 times (x 73B)
Class com.google.common.collect.Iterators$EmptyModifiableIterator                     : loaded 2 times (x 86B)
Class com.google.common.collect.Sets$1                                                : loaded 2 times (x 139B)
Class org.objectweb.asm.AnnotationVisitor                                             : loaded 2 times (x 78B)
Class com.google.common.base.Splitter                                                 : loaded 2 times (x 72B)
Class org.gradle.api.internal.DefaultClassPathProvider                                : loaded 2 times (x 76B)
Class kotlin.sequences.Sequence                                                       : loaded 2 times (x 70B)
Class kotlin.text.StringsKt__StringNumberConversionsJVMKt                             : loaded 2 times (x 71B)
Class [Lcom.google.common.base.Function;                                              : loaded 2 times (x 69B)
Class com.google.common.collect.MapMakerInternalMap$Strength$1                        : loaded 2 times (x 80B)
Class com.google.common.collect.Maps$ViewCachingAbstractMap                           : loaded 2 times (x 125B)
Class com.google.common.collect.Sets$2                                                : loaded 2 times (x 139B)
Class [Lorg.gradle.api.internal.ClassPathProvider;                                    : loaded 2 times (x 69B)
Class org.gradle.api.internal.ClassPathProvider                                       : loaded 2 times (x 70B)
Class com.google.common.reflect.Types$ClassOwnership$1                                : loaded 2 times (x 80B)
Class com.google.common.collect.MapMakerInternalMap$Strength$2                        : loaded 2 times (x 80B)
Class [Lorg.objectweb.asm.AnnotationVisitor;                                          : loaded 2 times (x 69B)
Class com.google.common.collect.Sets$3                                                : loaded 2 times (x 139B)
Class com.google.common.cache.LocalCache$LocalLoadingCache                            : loaded 2 times (x 134B)
Class com.google.common.base.AbstractIterator$State                                   : loaded 2 times (x 79B)
Class org.gradle.internal.service.UnknownServiceException                             : loaded 2 times (x 83B)
Class com.google.common.reflect.Types$ClassOwnership$2                                : loaded 2 times (x 80B)
Class com.google.common.reflect.TypeResolver                                          : loaded 2 times (x 72B)
Class com.google.common.io.ByteArrayDataInput                                         : loaded 2 times (x 70B)
Class com.google.common.collect.MapMakerInternalMap$StrongValueEntry                  : loaded 2 times (x 70B)
Class com.google.common.collect.Sets$4                                                : loaded 2 times (x 139B)
Class org.objectweb.asm.ModuleVisitor                                                 : loaded 2 times (x 81B)
Class com.google.common.cache.LocalCache$Strength$1                                   : loaded 2 times (x 81B)
Class com.google.common.reflect.Types$ClassOwnership$3                                : loaded 2 times (x 71B)
Class com.google.common.collect.Collections2$FilteredCollection                       : loaded 2 times (x 119B)
Class com.google.common.util.concurrent.SettableFuture                                : loaded 2 times (x 114B)
Class com.google.common.cache.LocalCache$Strength$2                                   : loaded 2 times (x 81B)
Class kotlin.collections.ArraysKt___ArraysJvmKt                                       : loaded 2 times (x 71B)
Class kotlin.collections.CollectionsKt__CollectionsKt                                 : loaded 2 times (x 71B)
Class kotlin.text.StringsKt__RegexExtensionsJVMKt                                     : loaded 2 times (x 71B)
Class [Lcom.google.common.collect.Maps$EntryFunction;                                 : loaded 2 times (x 69B)
Class com.google.common.io.ByteStreams                                                : loaded 2 times (x 71B)
Class com.google.common.collect.Interners$InternerImpl                                : loaded 2 times (x 75B)
Class com.google.common.collect.Interner                                              : loaded 2 times (x 70B)
Class com.google.common.collect.TransformedIterator                                   : loaded 2 times (x 80B)
Class com.google.common.cache.LocalCache$Strength$3                                   : loaded 2 times (x 81B)
Class com.google.common.collect.MapDifference                                         : loaded 2 times (x 70B)
Class com.google.common.base.Splitter$1                                               : loaded 2 times (x 77B)
Class kotlin._Assertions                                                              : loaded 2 times (x 71B)
Class com.google.common.reflect.Invokable                                             : loaded 2 times (x 103B)
Class com.google.common.collect.MapMaker$Dummy                                        : loaded 2 times (x 79B)
Class org.objectweb.asm.FieldWriter                                                   : loaded 2 times (x 78B)
Class com.google.common.cache.CacheBuilder$NullListener                               : loaded 2 times (x 82B)
Class ijKotlinCoroutineJvmDebugInit1_3da1ylyzglnrmhss5n37ry50n$_run_closure1$_closure2: loaded 2 times (x 139B)
Class org.gradle.internal.classpath.TransformedClassPath                              : loaded 2 times (x 96B)
Class org.gradle.internal.classloader.InstrumentingClassLoader                        : loaded 2 times (x 70B)
Class kotlin.enums.EnumEntriesList                                                    : loaded 2 times (x 223B)
Class com.google.common.reflect.Types$ParameterizedTypeImpl                           : loaded 2 times (x 81B)
Class com.google.common.collect.Maps$IteratorBasedAbstractMap$1                       : loaded 2 times (x 138B)
Class com.google.common.collect.ImmutableListMultimap                                 : loaded 2 times (x 176B)
Class com.google.common.collect.ImmutableRangeSet$AsSet                               : loaded 2 times (x 299B)
Class com.google.common.cache.CacheLoader$FunctionToCacheLoader                       : loaded 2 times (x 75B)
Class com.google.common.collect.Iterators$ArrayItr                                    : loaded 2 times (x 97B)
Class com.google.common.collect.ImmutableCollection$Builder                           : loaded 2 times (x 76B)
Class kotlin.comparisons.ComparisonsKt___ComparisonsJvmKt                             : loaded 2 times (x 71B)
Class kotlin.collections.CollectionsKt__IteratorsJVMKt                                : loaded 2 times (x 71B)
Class com.google.common.reflect.TypeResolver$TypeVariableKey                          : loaded 2 times (x 72B)
Class com.google.common.collect.EmptyImmutableListMultimap                            : loaded 2 times (x 176B)
Class com.google.common.collect.BaseImmutableMultimap                                 : loaded 2 times (x 123B)
Class com.google.common.base.Joiner                                                   : loaded 2 times (x 79B)
Class com.google.common.base.MoreObjects                                              : loaded 2 times (x 71B)
Class org.jetbrains.kotlin.build.report.metrics.GradleBuildTime                       : loaded 2 times (x 86B)
Class [Lorg.objectweb.asm.Type;                                                       : loaded 2 times (x 69B)
Class com.google.common.collect.Platform                                              : loaded 2 times (x 71B)
Class com.google.common.collect.UnmodifiableIterator                                  : loaded 2 times (x 80B)
Class org.gradle.internal.service.ServiceLocator                                      : loaded 2 times (x 70B)
Class kotlin.Pair                                                                     : loaded 2 times (x 72B)
Class [Lkotlin.Function;                                                              : loaded 2 times (x 69B)
Class com.google.common.base.Ascii                                                    : loaded 2 times (x 71B)
Class com.google.common.collect.SingletonImmutableBiMap                               : loaded 2 times (x 143B)
Class com.google.common.cache.LocalCache$1                                            : loaded 2 times (x 89B)
Class com.google.common.collect.AbstractMapEntry                                      : loaded 2 times (x 81B)
Class kotlin.io.CloseableKt                                                           : loaded 2 times (x 71B)
Class kotlin.collections.CollectionsKt__MutableCollectionsKt                          : loaded 2 times (x 71B)
Class com.google.common.reflect.TypeToken$SimpleTypeToken                             : loaded 2 times (x 73B)
Class com.google.common.io.ByteSource$ByteArrayByteSource                             : loaded 2 times (x 85B)
Class com.google.common.collect.MapMakerInternalMap$AbstractStrongKeyEntry            : loaded 2 times (x 80B)
Class com.google.common.collect.Sets$ImprovedAbstractSet                              : loaded 2 times (x 135B)
Class com.google.common.collect.ImmutableList$Builder                                 : loaded 2 times (x 77B)
Class com.google.common.cache.LocalCache$2                                            : loaded 2 times (x 142B)
Class com.google.common.collect.AbstractMultimap                                      : loaded 2 times (x 123B)
Class kotlin.io.TerminateException                                                    : loaded 2 times (x 82B)
Class kotlin.io.FilesKt__FilePathComponentsKt                                         : loaded 2 times (x 71B)
Class com.google.common.collect.ImmutableRangeSet$1                                   : loaded 2 times (x 209B)
Class com.google.common.collect.RegularImmutableAsList                                : loaded 2 times (x 216B)
Class com.google.common.base.Optional                                                 : loaded 2 times (x 80B)
Class com.google.common.collect.Range                                                 : loaded 2 times (x 87B)
Class com.google.common.util.concurrent.AbstractFuture$Trusted                        : loaded 2 times (x 70B)
Class com.google.common.collect.Iterators                                             : loaded 2 times (x 71B)
Class ijJvmDebugger1_daw5cryx6e9qsprzp6x99juui$_run_closure1                          : loaded 2 times (x 139B)
Class [Lorg.jetbrains.kotlin.build.report.metrics.BuildTime;                          : loaded 2 times (x 69B)
Class com.google.common.io.ByteSink$AsCharSink                                        : loaded 2 times (x 80B)
Class com.google.common.util.concurrent.UncheckedExecutionException                   : loaded 2 times (x 82B)
Class com.google.common.collect.Lists$StringAsImmutableList                           : loaded 2 times (x 207B)
Class org.gradle.internal.InternalTransformer                                         : loaded 2 times (x 70B)
Class kotlin.collections.EmptyList                                                    : loaded 2 times (x 174B)
Class kotlin.collections.MapsKt__MapsJVMKt                                            : loaded 2 times (x 71B)
Class com.google.common.collect.AbstractMapBasedMultimap$KeySet$1                     : loaded 2 times (x 82B)
Class org.objectweb.asm.ClassWriter                                                   : loaded 2 times (x 106B)
Class com.google.common.cache.CacheLoader$UnsupportedLoadingOperationException        : loaded 2 times (x 82B)
Class com.google.common.base.CharMatcher$And                                          : loaded 2 times (x 112B)
Class org.gradle.internal.classloader.ClasspathUtil$1                                 : loaded 2 times (x 76B)
Class com.google.common.collect.FluentIterable$1                                      : loaded 2 times (x 81B)
Class com.google.common.base.Objects                                                  : loaded 2 times (x 71B)
Class org.objectweb.asm.FieldVisitor                                                  : loaded 2 times (x 77B)
Class com.google.common.collect.IndexedImmutableSet                                   : loaded 2 times (x 150B)
Class com.google.common.collect.ImmutableMap$1                                        : loaded 2 times (x 81B)
Class com.google.common.collect.BiMap                                                 : loaded 2 times (x 70B)
Class org.gradle.api.internal.classpath.DefaultModuleRegistry$DefaultModule           : loaded 2 times (x 86B)
Class org.jetbrains.kotlin.name.ClassId                                               : loaded 2 times (x 72B)
Class com.google.common.reflect.Reflection                                            : loaded 2 times (x 71B)
Class com.google.common.base.Absent                                                   : loaded 2 times (x 80B)
Class com.google.common.collect.FluentIterable$2                                      : loaded 2 times (x 81B)
Class com.google.common.primitives.Ints                                               : loaded 2 times (x 71B)
Class com.google.common.collect.AbstractIterator                                      : loaded 2 times (x 82B)
Class kotlin.collections.ArraysKt__ArraysKt                                           : loaded 2 times (x 71B)
Class com.google.common.collect.FluentIterable$3                                      : loaded 2 times (x 81B)
Class com.google.common.math.MathPreconditions                                        : loaded 2 times (x 71B)
Class com.google.common.collect.Multiset                                              : loaded 2 times (x 70B)
Class com.google.common.collect.ArrayListMultimapGwtSerializationDependencies         : loaded 2 times (x 172B)
Class com.google.common.collect.ObjectArrays                                          : loaded 2 times (x 71B)
Class com.google.common.collect.AbstractIndexedListIterator                           : loaded 2 times (x 96B)
Class kotlin.collections.SetsKt__SetsJVMKt                                            : loaded 2 times (x 71B)
Class kotlin.Function                                                                 : loaded 2 times (x 70B)
Class com.google.common.collect.ImmutableMapEntrySet                                  : loaded 2 times (x 151B)
Class ijJvmDebugger1_daw5cryx6e9qsprzp6x99juui                                        : loaded 2 times (x 179B)
Class org.gradle.api.internal.classpath.Module                                        : loaded 2 times (x 70B)
Class kotlin.io.FileAlreadyExistsException                                            : loaded 2 times (x 82B)
Class com.google.common.cache.Weigher                                                 : loaded 2 times (x 70B)
Class org.gradle.api.internal.classpath.UnknownModuleException                        : loaded 2 times (x 82B)
Class com.google.common.base.Stopwatch                                                : loaded 2 times (x 72B)
Class com.google.common.cache.LocalCache$Strength                                     : loaded 2 times (x 81B)
Class com.google.common.cache.Cache                                                   : loaded 2 times (x 70B)
Class org.jetbrains.kotlin.build.report.metrics.BuildMetricsReporter                  : loaded 2 times (x 70B)
Class com.google.common.io.AppendableWriter                                           : loaded 2 times (x 100B)
Class com.google.common.util.concurrent.AbstractFuture$Cancellation                   : loaded 2 times (x 72B)
Class com.google.common.collect.ImmutableMap$Builder                                  : loaded 2 times (x 82B)
Class com.google.common.base.NullnessCasts                                            : loaded 2 times (x 71B)
Class kotlin.io.ByteStreamsKt                                                         : loaded 2 times (x 71B)
Class com.google.common.collect.Maps$EntryFunction$1                                  : loaded 2 times (x 91B)
Class com.google.common.base.Present                                                  : loaded 2 times (x 81B)
Class com.google.common.collect.AbstractMapBasedMultimap$WrappedCollection$WrappedIterator: loaded 2 times (x 84B)
Class com.google.common.cache.RemovalListener                                         : loaded 2 times (x 70B)
Class org.gradle.api.internal.DefaultClassPathRegistry                                : loaded 2 times (x 76B)
Class com.google.common.reflect.Invokable$ConstructorInvokable                        : loaded 2 times (x 107B)
Class com.google.common.collect.Maps$EntryFunction$2                                  : loaded 2 times (x 91B)
Class com.google.common.collect.ImmutableMultimap$Keys                                : loaded 2 times (x 166B)
Class com.google.common.primitives.IntsMethodsForWeb                                  : loaded 2 times (x 71B)
Class com.google.common.collect.Multimap                                              : loaded 2 times (x 70B)
Class org.gradle.api.internal.ClassPathRegistry                                       : loaded 2 times (x 70B)
Class org.gradle.internal.classpath.DefaultClassPath$ImmutableUniqueList              : loaded 2 times (x 199B)
Class kotlin.text.StringsKt__StringsJVMKt                                             : loaded 2 times (x 71B)
Class com.google.common.reflect.TypeToken                                             : loaded 2 times (x 73B)
Class com.google.common.collect.NullnessCasts                                         : loaded 2 times (x 71B)
Class com.google.common.collect.MapMakerInternalMap$Segment                           : loaded 2 times (x 142B)
Class com.google.common.base.ExtraObjectsMethodsForWeb                                : loaded 2 times (x 71B)
Class kotlin.collections.SetsKt                                                       : loaded 2 times (x 71B)
Class kotlin.text.StringsKt__IndentKt                                                 : loaded 2 times (x 71B)
Class kotlin.NotImplementedError                                                      : loaded 2 times (x 82B)
Class com.google.common.cache.RemovalCause                                            : loaded 2 times (x 80B)
Class com.google.common.io.ByteSink                                                   : loaded 2 times (x 76B)
Class com.google.common.cache.CacheBuilder                                            : loaded 2 times (x 72B)
Class com.google.common.collect.SingletonImmutableList                                : loaded 2 times (x 207B)
Class Settings_gradle$1                                                               : loaded 2 times (x 74B)
Class org.gradle.internal.classpath.ClassPath                                         : loaded 2 times (x 70B)
Class org.gradle.api.UncheckedIOException                                             : loaded 2 times (x 82B)
Class [Lcom.google.common.reflect.Types$JavaVersion;                                  : loaded 2 times (x 69B)
Class com.google.common.collect.Interners$InternerBuilder                             : loaded 2 times (x 76B)
Class com.google.common.io.Files$FileByteSource                                       : loaded 2 times (x 85B)
Class com.google.common.collect.ImmutableList$ReverseImmutableList                    : loaded 2 times (x 208B)
Class com.google.common.base.JdkPattern                                               : loaded 2 times (x 75B)
Class kotlin.collections.MapsKt__MapsKt                                               : loaded 2 times (x 71B)
Class com.google.common.io.CharStreams$NullWriter                                     : loaded 2 times (x 99B)
Class org.objectweb.asm.SymbolTable$Entry                                             : loaded 2 times (x 74B)
Class org.objectweb.asm.Edge                                                          : loaded 2 times (x 72B)
Class com.google.common.base.Suppliers$SupplierOfInstance                             : loaded 2 times (x 79B)
Class com.google.common.collect.Iterators$1                                           : loaded 2 times (x 81B)
Class kotlin.UninitializedPropertyAccessException                                     : loaded 2 times (x 82B)
Class com.google.common.reflect.TypeToken$1                                           : loaded 2 times (x 110B)
Class com.google.common.cache.LocalCache$ComputingValueReference                      : loaded 2 times (x 96B)
Class com.google.common.collect.SingletonImmutableSet                                 : loaded 2 times (x 146B)
Class com.google.common.collect.ImmutableMap$IteratorBasedImmutableMap                : loaded 2 times (x 125B)
Class ijKotlinCoroutineJvmDebugInit1_3da1ylyzglnrmhss5n37ry50n                        : loaded 2 times (x 179B)
Class com.google.common.reflect.TypeToken$2                                           : loaded 2 times (x 110B)
Class com.google.common.cache.LocalCache$Segment                                      : loaded 2 times (x 154B)
Class com.google.common.collect.SortedIterable                                        : loaded 2 times (x 70B)
Class [Lorg.objectweb.asm.SymbolTable$Entry;                                          : loaded 2 times (x 69B)
Class com.google.common.cache.CacheLoader                                             : loaded 2 times (x 74B)
Class com.google.common.collect.Iterators$4                                           : loaded 2 times (x 82B)
Class com.google.common.collect.ImmutableBiMap                                        : loaded 2 times (x 143B)
Class com.google.common.collect.AbstractListMultimap                                  : loaded 2 times (x 172B)
Class org.gradle.internal.installation.GradleInstallation$1                           : loaded 2 times (x 75B)
Class org.gradle.api.internal.classpath.ModuleRegistry                                : loaded 2 times (x 70B)
Class com.google.common.util.concurrent.internal.InternalFutureFailureAccess          : loaded 2 times (x 72B)
Class com.google.common.collect.Iterators$5                                           : loaded 2 times (x 82B)
Class com.google.common.collect.ImmutableSet$JdkBackedSetBuilderImpl                  : loaded 2 times (x 76B)
Class com.google.common.base.Splitter$SplittingIterator                               : loaded 2 times (x 84B)
Class org.jetbrains.kotlin.name.FqNameUnsafe                                          : loaded 2 times (x 72B)
Class com.google.common.collect.Iterators$6                                           : loaded 2 times (x 81B)
Class com.google.common.collect.ImmutableMultimap$Values                              : loaded 2 times (x 126B)
Class com.google.common.cache.LocalCache$LocalManualCache$1                           : loaded 2 times (x 75B)
Class com.google.common.base.CharMatcher$ForPredicate                                 : loaded 2 times (x 112B)
Class kotlin.io.FilesKt__UtilsKt                                                      : loaded 2 times (x 71B)
Class kotlin.collections.CollectionsKt__CollectionsJVMKt                              : loaded 2 times (x 71B)
Class com.google.common.collect.ImmutableCollection                                   : loaded 2 times (x 125B)
Class com.google.common.base.CharMatcher$AnyOf                                        : loaded 2 times (x 112B)
Class org.gradle.api.internal.classpath.DefaultModuleRegistry                         : loaded 2 times (x 86B)
Class kotlin.sequences.SequencesKt                                                    : loaded 2 times (x 71B)
Class kotlin.collections.CollectionsKt__IteratorsKt                                   : loaded 2 times (x 71B)
Class org.jetbrains.kotlin.build.report.metrics.GradleBuildTime$Companion             : loaded 2 times (x 71B)
Class com.google.common.util.concurrent.ListenableFuture                              : loaded 2 times (x 70B)
Class com.google.common.cache.ReferenceEntry                                          : loaded 2 times (x 70B)
Class com.google.common.collect.ImmutableSet$CachingAsList                            : loaded 2 times (x 147B)
Class com.google.common.base.Converter                                                : loaded 2 times (x 90B)
Class com.google.common.collect.Lists                                                 : loaded 2 times (x 71B)
Class kotlin.text.StringsKt                                                           : loaded 2 times (x 71B)
Class com.google.common.util.concurrent.AbstractFuture                                : loaded 2 times (x 106B)
Class com.google.common.base.FunctionalEquivalence                                    : loaded 2 times (x 83B)
Class com.google.common.collect.Iterators$9                                           : loaded 2 times (x 81B)
Class com.google.common.collect.AbstractMapBasedMultimap                              : loaded 2 times (x 139B)
Class com.google.common.collect.ImmutableAsList                                       : loaded 2 times (x 209B)
Class kotlin.LazyKt__LazyJVMKt                                                        : loaded 2 times (x 71B)
Class com.google.common.reflect.TypeResolver$TypeTable                                : loaded 2 times (x 73B)
Class com.google.common.io.CharStreams                                                : loaded 2 times (x 71B)
Class com.google.common.collect.ImmutableMultiset                                     : loaded 2 times (x 163B)
Class org.objectweb.asm.RecordComponentVisitor                                        : loaded 2 times (x 77B)
Class com.google.common.cache.CacheLoader$SupplierToCacheLoader                       : loaded 2 times (x 75B)
Class ijJvmDebugger1_daw5cryx6e9qsprzp6x99juui$_run_closure1$_closure2                : loaded 2 times (x 140B)
Class kotlin.io.FilesKt__FileReadWriteKt                                              : loaded 2 times (x 71B)
Class kotlin.text.StringsKt__StringNumberConversionsKt                                : loaded 2 times (x 71B)
Class com.google.common.reflect.TypeResolver$TypeTable$1                              : loaded 2 times (x 73B)
Class com.google.common.collect.Maps$EntryTransformer                                 : loaded 2 times (x 70B)
Class org.gradle.internal.service.ServiceLookupException                              : loaded 2 times (x 82B)
Class com.google.common.collect.ImmutableSortedSet                                    : loaded 2 times (x 299B)
Class [Lcom.google.common.cache.LocalCache$EntryFactory;                              : loaded 2 times (x 69B)
Class org.gradle.internal.classloader.ClassLoaderFactory                              : loaded 2 times (x 70B)
Class com.google.common.cache.LocalCache$LocalManualCache                             : loaded 2 times (x 99B)
Class com.google.common.base.CharMatcher$IsNot                                        : loaded 2 times (x 111B)
Class com.google.common.base.CommonPattern                                            : loaded 2 times (x 74B)
Class org.gradle.internal.service.CachingServiceLocator                               : loaded 2 times (x 82B)
Class com.google.common.collect.AbstractMapBasedMultimap$KeySet                       : loaded 2 times (x 137B)
Class com.google.common.collect.RegularImmutableSortedSet                             : loaded 2 times (x 299B)
Class com.google.common.math.IntMath                                                  : loaded 2 times (x 71B)
Class org.jetbrains.kotlin.build.report.metrics.BuildTime                             : loaded 2 times (x 70B)
Class com.google.common.reflect.Types$TypeVariableInvocationHandler                   : loaded 2 times (x 75B)
Class com.google.common.collect.MapMakerInternalMap$InternalEntry                     : loaded 2 times (x 70B)
Class com.google.common.collect.ImmutableMapEntry                                     : loaded 2 times (x 85B)
Class org.jetbrains.kotlin.name.FqName                                                : loaded 2 times (x 72B)
Class kotlin.enums.EnumEntries                                                        : loaded 2 times (x 70B)
Class org.jetbrains.kotlin.build.report.metrics.DoNothingBuildMetricsReporter         : loaded 2 times (x 86B)
Class com.google.common.base.Predicates                                               : loaded 2 times (x 71B)
Class com.google.common.collect.ImmutableMultimap                                     : loaded 2 times (x 147B)
Class com.google.common.base.Equivalence                                              : loaded 2 times (x 82B)
Class com.google.common.collect.ImmutableMapEntry$NonTerminalImmutableMapEntry        : loaded 2 times (x 85B)
Class com.google.common.base.Function                                                 : loaded 2 times (x 70B)
Class org.jetbrains.kotlin.name.ClassId$Companion                                     : loaded 2 times (x 71B)
Class com.google.common.collect.IndexedImmutableSet$1                                 : loaded 2 times (x 212B)
Class com.google.common.cache.CacheBuilder$OneWeigher                                 : loaded 2 times (x 82B)
Class com.google.common.collect.RegularImmutableList                                  : loaded 2 times (x 212B)
Class com.google.common.reflect.Types$ClassOwnership$1LocalClass                      : loaded 2 times (x 71B)
Class com.google.common.collect.Maps$EntryFunction                                    : loaded 2 times (x 91B)
Class org.gradle.internal.classloader.ClasspathUtil                                   : loaded 2 times (x 71B)
Class kotlin.io.FileSystemException                                                   : loaded 2 times (x 82B)
Class com.google.common.util.concurrent.Uninterruptibles                              : loaded 2 times (x 71B)
Class kotlin.jvm.internal.DefaultConstructorMarker                                    : loaded 2 times (x 71B)
Class com.google.common.io.CharSource                                                 : loaded 2 times (x 85B)
Class com.google.common.collect.Maps                                                  : loaded 2 times (x 71B)
Class org.gradle.api.specs.Spec                                                       : loaded 2 times (x 70B)
Class org.jetbrains.kotlin.name.Name                                                  : loaded 2 times (x 75B)
Class com.google.common.reflect.Types$JavaVersion                                     : loaded 2 times (x 83B)
Class com.google.common.collect.MapMaker                                              : loaded 2 times (x 72B)
Class [Lcom.google.common.collect.ImmutableEntry;                                     : loaded 2 times (x 69B)
Class com.google.common.cache.LocalCache$LoadingValueReference                        : loaded 2 times (x 96B)
Class kotlin.SynchronizedLazyImpl                                                     : loaded 2 times (x 76B)
Class kotlin.text.StringsKt__RegexExtensionsKt                                        : loaded 2 times (x 71B)
Class com.google.common.reflect.Invokable$MethodInvokable                             : loaded 2 times (x 107B)
Class com.google.common.io.LineReader$1                                               : loaded 2 times (x 75B)
Class com.google.common.collect.CollectSpliterators                                   : loaded 2 times (x 71B)
Class com.google.common.collect.AbstractMapBasedMultimap$AsMap                        : loaded 2 times (x 128B)
Class com.google.common.collect.MapMakerInternalMap$StrongKeyDummyValueEntry          : loaded 2 times (x 82B)
Class com.google.common.base.Platform                                                 : loaded 2 times (x 71B)
Class kotlin.sequences.SequencesKt__SequencesJVMKt                                    : loaded 2 times (x 71B)
Class kotlin.collections.AbstractList                                                 : loaded 2 times (x 197B)
Class kotlin.collections.AbstractCollection                                           : loaded 2 times (x 117B)
Class com.google.common.collect.AbstractMapBasedMultimap$WrappedList                  : loaded 2 times (x 205B)
Class [Lorg.objectweb.asm.AnnotationWriter;                                           : loaded 2 times (x 69B)
Class com.google.common.collect.Maps$8                                                : loaded 2 times (x 82B)
Class kotlin.LazyKt__LazyKt                                                           : loaded 2 times (x 71B)
Class kotlin.text.StringsKt__StringBuilderJVMKt                                       : loaded 2 times (x 71B)
Class com.google.common.base.Predicates$CompositionPredicate                          : loaded 2 times (x 88B)
Class [Lcom.google.common.collect.Iterators$EmptyModifiableIterator;                  : loaded 2 times (x 69B)
Class com.google.common.collect.ImmutableRangeSet$Builder                             : loaded 2 times (x 77B)
Class com.google.common.collect.Sets$SetView                                          : loaded 2 times (x 138B)
Class com.google.common.cache.LocalCache$StrongValueReference                         : loaded 2 times (x 90B)
Class kotlin.UNINITIALIZED_VALUE                                                      : loaded 2 times (x 71B)
Class com.google.common.graph.SuccessorsFunction                                      : loaded 2 times (x 70B)
Class org.objectweb.asm.Type                                                          : loaded 2 times (x 72B)
Class org.gradle.internal.classloader.VisitableURLClassLoader$InstrumentingVisitableURLClassLoader: loaded 2 times (x 123B)
Class kotlin.comparisons.ComparisonsKt__ComparisonsKt                                 : loaded 2 times (x 71B)
Class kotlin.ranges.RangesKt__RangesKt                                                : loaded 2 times (x 71B)
Class kotlin.collections.SetsKt___SetsKt                                              : loaded 2 times (x 71B)
Class kotlin.sequences.SequencesKt__SequencesKt                                       : loaded 2 times (x 71B)
Class com.google.common.collect.MapMakerInternalMap$StrongKeyDummyValueEntry$Helper   : loaded 2 times (x 79B)
Class com.google.common.io.Files$FileByteSink                                         : loaded 2 times (x 77B)
Class org.objectweb.asm.ByteVector                                                    : loaded 2 times (x 79B)
Class [Lcom.google.common.cache.CacheBuilder$NullListener;                            : loaded 2 times (x 69B)
Class com.google.common.math.IntMath$1                                                : loaded 2 times (x 71B)
Class org.gradle.internal.classloader.VisitableURLClassLoader$Spec                    : loaded 2 times (x 74B)
Class org.gradle.internal.classpath.DefaultClassPath                                  : loaded 2 times (x 90B)
Class kotlin.comparisons.ComparisonsKt                                                : loaded 2 times (x 71B)
Class kotlin.comparisons.ComparisonsKt___ComparisonsKt                                : loaded 2 times (x 71B)
Class kotlin.sequences.FilteringSequence                                              : loaded 2 times (x 75B)
Class [Lorg.jetbrains.kotlin.build.report.metrics.GradleBuildTime;                    : loaded 2 times (x 69B)
Class com.google.common.reflect.Types$ClassOwnership                                  : loaded 2 times (x 80B)
Class org.objectweb.asm.Symbol                                                        : loaded 2 times (x 73B)
Class com.google.common.base.AbstractIterator                                         : loaded 2 times (x 80B)
Class com.google.common.collect.Sets$FilteredSet                                      : loaded 2 times (x 137B)
Class com.google.common.io.Java8Compatibility                                         : loaded 2 times (x 71B)
Class com.google.common.io.Closer                                                     : loaded 2 times (x 78B)
Class com.google.common.collect.RegularImmutableMap$Values                            : loaded 2 times (x 207B)
Class com.google.common.collect.ImmutableSet                                          : loaded 2 times (x 145B)
Class com.google.common.base.CharMatcher$BitSetMatcher                                : loaded 2 times (x 112B)
Class org.gradle.internal.classloader.ClassLoaderSpec                                 : loaded 2 times (x 71B)
Class kotlin.collections.CollectionsKt___CollectionsJvmKt                             : loaded 2 times (x 71B)
Class com.google.common.io.ByteSource$EmptyByteSource                                 : loaded 2 times (x 85B)
Class org.objectweb.asm.AnnotationWriter                                              : loaded 2 times (x 79B)
Class com.google.common.cache.CacheStats                                              : loaded 2 times (x 71B)
Class kotlin.TuplesKt                                                                 : loaded 2 times (x 71B)
Class kotlin.Unit                                                                     : loaded 2 times (x 71B)
Class kotlin.sequences.SequencesKt___SequencesJvmKt                                   : loaded 2 times (x 71B)
Class com.google.common.collect.ImmutableMultisetGwtSerializationDependencies         : loaded 2 times (x 125B)
Class com.google.common.collect.Interners                                             : loaded 2 times (x 71B)
Class com.google.common.io.Closer$Suppressor                                          : loaded 2 times (x 70B)
Class com.google.common.io.LineProcessor                                              : loaded 2 times (x 70B)
Class org.objectweb.asm.RecordComponentWriter                                         : loaded 2 times (x 78B)
Class com.google.common.util.concurrent.AbstractFuture$Listener                       : loaded 2 times (x 72B)
Class com.google.common.base.CharMatcher$Or                                           : loaded 2 times (x 112B)
Class Settings_gradle$1$1                                                             : loaded 2 times (x 74B)
Class kotlin.ranges.RangesKt                                                          : loaded 2 times (x 71B)
Class org.objectweb.asm.Attribute                                                     : loaded 2 times (x 77B)
Class com.google.common.base.Supplier                                                 : loaded 2 times (x 70B)
Class org.gradle.internal.classloader.VisitableURLClassLoader                         : loaded 2 times (x 117B)
Class kotlin.collections.ArraysUtilJVM                                                : loaded 2 times (x 71B)
Class kotlin.jvm.functions.Function0                                                  : loaded 2 times (x 70B)
Class com.google.common.collect.ImmutableList$SerializedForm                          : loaded 2 times (x 73B)
Class Settings_gradle                                                                 : loaded 2 times (x 128B)
Class org.gradle.internal.Cast                                                        : loaded 2 times (x 71B)
Class org.gradle.api.Action                                                           : loaded 2 times (x 70B)
Class kotlin.jvm.functions.Function1                                                  : loaded 2 times (x 70B)
Class com.google.common.collect.MapMakerInternalMap                                   : loaded 2 times (x 161B)
Class com.google.common.base.Strings                                                  : loaded 2 times (x 71B)
Class com.google.common.collect.Sets                                                  : loaded 2 times (x 71B)
Class org.objectweb.asm.Handler                                                       : loaded 2 times (x 72B)
Class com.google.common.base.Ticker                                                   : loaded 2 times (x 72B)
Class com.google.common.base.CharMatcher$FastMatcher                                  : loaded 2 times (x 111B)
Class kotlin.jvm.functions.Function2                                                  : loaded 2 times (x 70B)
Class com.google.common.cache.RemovalCause$1                                          : loaded 2 times (x 80B)
Class [Lcom.google.common.cache.LocalCache$Segment;                                   : loaded 2 times (x 69B)
Class [Lcom.google.common.cache.LocalCache$Strength;                                  : loaded 2 times (x 69B)
Class com.google.common.cache.CacheBuilder$1                                          : loaded 2 times (x 85B)
Class com.google.common.collect.ImmutableMap                                          : loaded 2 times (x 120B)
Class com.google.common.base.Predicate                                                : loaded 2 times (x 70B)
Class org.gradle.internal.classpath.DefaultClassPath$ImmutableUniqueList$Builder      : loaded 2 times (x 75B)
Class kotlin.jvm.functions.Function3                                                  : loaded 2 times (x 70B)
Class kotlin.collections.MapsKt___MapsJvmKt                                           : loaded 2 times (x 71B)
Class com.google.common.cache.RemovalCause$2                                          : loaded 2 times (x 80B)
Class com.google.common.collect.MapMakerInternalMap$WeakValueReference                : loaded 2 times (x 70B)
Class com.google.common.collect.AbstractRangeSet                                      : loaded 2 times (x 114B)
Class com.google.common.cache.LocalCache                                              : loaded 2 times (x 187B)
Class com.google.common.cache.CacheBuilder$2                                          : loaded 2 times (x 72B)
Class com.google.common.base.CharMatcher$NegatedFastMatcher                           : loaded 2 times (x 113B)
Class kotlin.collections.CollectionsKt___CollectionsKt                                : loaded 2 times (x 71B)
Class com.google.common.cache.RemovalCause$3                                          : loaded 2 times (x 80B)
Class [Lcom.google.common.collect.AbstractMapEntry;                                   : loaded 2 times (x 69B)
Class com.google.common.collect.ImmutableEntry                                        : loaded 2 times (x 82B)
Class com.google.common.collect.ArrayListMultimap                                     : loaded 2 times (x 172B)
Class org.gradle.api.GradleException                                                  : loaded 2 times (x 82B)
Class kotlin.text.StringsKt___StringsJvmKt                                            : loaded 2 times (x 71B)
Class com.google.common.cache.RemovalCause$4                                          : loaded 2 times (x 80B)
Class com.google.common.base.Suppliers$MemoizingSupplier                              : loaded 2 times (x 79B)
Class com.google.common.collect.CollectPreconditions                                  : loaded 2 times (x 71B)
Class kotlin.collections.MapsKt___MapsKt                                              : loaded 2 times (x 71B)
Class kotlin.io.FilesKt                                                               : loaded 2 times (x 71B)
Class kotlin.collections.ArraysKt___ArraysKt                                          : loaded 2 times (x 71B)
Class com.google.common.cache.RemovalCause$5                                          : loaded 2 times (x 80B)
Class com.google.common.collect.Maps$AbstractFilteredMap                              : loaded 2 times (x 127B)
Class [Lcom.google.common.collect.MapMakerInternalMap$Strength;                       : loaded 2 times (x 69B)
Class [Lcom.google.common.io.FileWriteMode;                                           : loaded 2 times (x 69B)
Class com.google.common.collect.SortedMapDifference                                   : loaded 2 times (x 70B)
Class kotlin.collections.MapsKt__MapWithDefaultKt                                     : loaded 2 times (x 71B)
Class com.google.common.collect.Iterables$4                                           : loaded 2 times (x 81B)
Class com.google.common.collect.MapMakerInternalMap$StrongKeyDummyValueSegment        : loaded 2 times (x 142B)
Class com.google.common.io.Files                                                      : loaded 2 times (x 71B)
Class com.google.common.cache.LocalCache$WriteThroughEntry                            : loaded 2 times (x 79B)
Class com.google.common.cache.LocalCache$HashIterator                                 : loaded 2 times (x 86B)
Class com.google.common.cache.LocalCache$EntryFactory                                 : loaded 2 times (x 83B)
Class kotlin.collections.CollectionsKt__MutableCollectionsJVMKt                       : loaded 2 times (x 71B)
Class kotlin.enums.EnumEntriesKt                                                      : loaded 2 times (x 71B)
Class kotlin.text.StringsKt___StringsKt                                               : loaded 2 times (x 71B)
Class com.google.common.reflect.Types$NativeTypeVariableEquals                        : loaded 2 times (x 71B)
Class com.google.common.reflect.TypeParameter                                         : loaded 2 times (x 72B)
Class com.google.common.collect.Iterables$5                                           : loaded 2 times (x 81B)
Class [Lcom.google.common.collect.MapMaker$Dummy;                                     : loaded 2 times (x 69B)
Class com.google.common.cache.LocalCache$AbstractReferenceEntry                       : loaded 2 times (x 107B)
Class com.google.common.base.CharMatcher$Whitespace                                   : loaded 2 times (x 112B)
Class org.gradle.internal.IoActions                                                   : loaded 2 times (x 71B)
Class com.google.common.collect.ImmutableMapKeySet                                    : loaded 2 times (x 150B)
Class com.google.common.collect.ImmutableRangeSet$ComplementRanges                    : loaded 2 times (x 207B)
Class org.objectweb.asm.SymbolTable                                                   : loaded 2 times (x 72B)
Class com.google.common.cache.CacheLoader$InvalidCacheLoadException                   : loaded 2 times (x 82B)
Class com.google.common.collect.ImmutableSet$RegularSetBuilderImpl                    : loaded 2 times (x 77B)
Class org.gradle.internal.classloader.SystemClassLoaderSpec                           : loaded 2 times (x 71B)
Class kotlin.jvm.internal.Intrinsics                                                  : loaded 2 times (x 71B)
Class com.google.common.collect.FluentIterable                                        : loaded 2 times (x 81B)
Class com.google.common.cache.LocalCache$StrongEntry                                  : loaded 2 times (x 108B)
Class com.google.common.util.concurrent.AbstractFuture$TrustedFuture                  : loaded 2 times (x 114B)
Class com.google.common.cache.LoadingCache                                            : loaded 2 times (x 70B)
Class kotlin.collections.MapsKt                                                       : loaded 2 times (x 71B)
Class kotlin.collections.CollectionsKt__IterablesKt                                   : loaded 2 times (x 71B)
Class com.google.common.io.ByteStreams$LimitedInputStream                             : loaded 2 times (x 92B)
Class com.google.common.base.Suppliers$NonSerializableMemoizingSupplier               : loaded 2 times (x 79B)
Class org.objectweb.asm.MethodWriter                                                  : loaded 2 times (x 106B)
Class [Lcom.google.common.cache.Weigher;                                              : loaded 2 times (x 69B)
Class com.google.common.collect.RegularImmutableMap$BucketOverflowException           : loaded 2 times (x 82B)
Class kotlin.KotlinNullPointerException                                               : loaded 2 times (x 83B)
Class com.google.common.collect.ImmutableMultimap$1                                   : loaded 2 times (x 82B)
Class com.google.common.collect.AbstractMapBasedMultimap$RandomAccessWrappedList      : loaded 2 times (x 205B)
Class kotlin.ranges.RangesKt___RangesKt                                               : loaded 2 times (x 71B)
Class com.google.common.reflect.Types$JavaVersion$1                                   : loaded 2 times (x 83B)
Class com.google.common.collect.AbstractIterator$State                                : loaded 2 times (x 79B)
Class com.google.common.collect.ImmutableMultimap$2                                   : loaded 2 times (x 81B)
Class com.google.common.collect.RegularImmutableBiMap                                 : loaded 2 times (x 148B)
Class com.google.common.cache.LocalCache$ValueReference                               : loaded 2 times (x 70B)
Class com.google.common.base.CharMatcher$Negated                                      : loaded 2 times (x 113B)
Class com.google.common.base.CharMatcher$Is                                           : loaded 2 times (x 111B)
Class kotlin.collections.ArraysKt                                                     : loaded 2 times (x 71B)
Class com.google.common.reflect.Types$JavaVersion$2                                   : loaded 2 times (x 83B)
Class com.google.common.reflect.Types                                                 : loaded 2 times (x 71B)
Class com.google.common.hash.PrimitiveSink                                            : loaded 2 times (x 70B)
Class com.google.common.base.PatternCompiler                                          : loaded 2 times (x 70B)
Class com.google.common.util.concurrent.AbstractFuture$Failure                        : loaded 2 times (x 72B)
Class com.google.common.base.Equivalence$Equals                                       : loaded 2 times (x 82B)
Class com.google.common.collect.Hashing                                               : loaded 2 times (x 71B)
Class com.google.common.base.Preconditions                                            : loaded 2 times (x 71B)
Class kotlin.collections.SetsKt__SetsKt                                               : loaded 2 times (x 71B)
Class kotlin.LazyKt                                                                   : loaded 2 times (x 71B)
Class com.google.common.reflect.Types$JavaVersion$3                                   : loaded 2 times (x 83B)
Class com.google.common.collect.ImmutableSetMultimap                                  : loaded 2 times (x 180B)
Class com.google.common.io.CharSink                                                   : loaded 2 times (x 79B)
Class com.google.common.base.Joiner$1                                                 : loaded 2 times (x 80B)
Class org.objectweb.asm.Label                                                         : loaded 2 times (x 73B)
Class org.objectweb.asm.CurrentFrame                                                  : loaded 2 times (x 73B)
Class org.objectweb.asm.ClassTooLargeException                                        : loaded 2 times (x 83B)
Class com.google.common.collect.PeekingIterator                                       : loaded 2 times (x 70B)
Class com.google.common.base.CharMatcher                                              : loaded 2 times (x 111B)
Class kotlin.collections.ArraysKt__ArraysJVMKt                                        : loaded 2 times (x 71B)
Class com.google.common.reflect.Types$JavaVersion$4                                   : loaded 2 times (x 83B)
Class com.google.common.io.ByteSource$AsCharSource                                    : loaded 2 times (x 86B)
Class com.google.common.collect.MapMakerInternalMap$InternalEntryHelper               : loaded 2 times (x 70B)
Class com.google.common.collect.Table                                                 : loaded 2 times (x 70B)
Class com.google.common.collect.Maps$IteratorBasedAbstractMap                         : loaded 2 times (x 125B)
Class com.google.common.collect.RangeGwtSerializationDependencies                     : loaded 2 times (x 71B)
Class com.google.common.base.Joiner$2                                                 : loaded 2 times (x 79B)
Class org.objectweb.asm.Frame                                                         : loaded 2 times (x 73B)
Class org.objectweb.asm.MethodVisitor                                                 : loaded 2 times (x 105B)
Class com.google.common.cache.LocalCache$EntryFactory$1                               : loaded 2 times (x 83B)
Class [Lcom.google.common.cache.RemovalListener;                                      : loaded 2 times (x 69B)
Class com.google.common.base.CharMatcher$1                                            : loaded 2 times (x 113B)
Class com.google.common.base.CharMatcher$NamedFastMatcher                             : loaded 2 times (x 112B)
Class kotlin.text.StringsKt__StringBuilderKt                                          : loaded 2 times (x 71B)
Class com.google.common.reflect.Types$JavaVersion$5                                   : loaded 2 times (x 71B)
Class [Lcom.google.common.reflect.Types$ClassOwnership;                               : loaded 2 times (x 69B)
Class com.google.common.collect.RangeSet                                              : loaded 2 times (x 70B)
Class com.google.common.cache.LocalCache$EntryFactory$2                               : loaded 2 times (x 83B)
Class org.gradle.api.internal.classpath.GlobalCacheRootsProvider                      : loaded 2 times (x 70B)
Class kotlin.Lazy                                                                     : loaded 2 times (x 70B)
Class kotlin.NoWhenBranchMatchedException                                             : loaded 2 times (x 82B)
Class com.google.common.collect.CollectCollectors                                     : loaded 2 times (x 71B)
Class org.objectweb.asm.ModuleWriter                                                  : loaded 2 times (x 82B)
Class com.google.common.cache.LocalCache$EntryFactory$3                               : loaded 2 times (x 83B)
Class com.google.common.base.Ticker$1                                                 : loaded 2 times (x 72B)
Class com.google.common.collect.ImmutableMapEntrySet$RegularEntrySet                  : loaded 2 times (x 151B)
Class com.google.common.collect.Maps$BiMapConverter                                   : loaded 2 times (x 90B)
Class [Lkotlin.jvm.functions.Function1;                                               : loaded 2 times (x 69B)
Class com.google.common.collect.CollectSpliterators$1                                 : loaded 2 times (x 90B)
Class com.google.common.collect.SetMultimap                                           : loaded 2 times (x 70B)
Class com.google.common.cache.LocalCache$EntryFactory$4                               : loaded 2 times (x 83B)
Class com.google.common.collect.ImmutableSet$Builder                                  : loaded 2 times (x 85B)
Class com.google.common.base.CharMatcher$InRange                                      : loaded 2 times (x 111B)
Class kotlin.sequences.ConstrainedOnceSequence                                        : loaded 2 times (x 75B)
Class com.google.common.io.ByteStreams$1                                              : loaded 2 times (x 85B)
Class com.google.common.cache.LocalCache$EntryFactory$5                               : loaded 2 times (x 83B)
Class kotlin.jvm.internal.markers.KMappedMarker                                       : loaded 2 times (x 70B)
Class com.google.common.cache.LocalCache$EntryFactory$6                               : loaded 2 times (x 83B)
Class org.gradle.internal.installation.CurrentGradleInstallationLocator               : loaded 2 times (x 71B)
Class com.google.common.io.ByteSource$SlicedByteSource                                : loaded 2 times (x 85B)
Class com.google.common.collect.ImmutableMultimap$Builder                             : loaded 2 times (x 83B)
Class com.google.common.collect.Maps$KeySet                                           : loaded 2 times (x 137B)
Class com.google.common.cache.LocalCache$EntryFactory$7                               : loaded 2 times (x 83B)
Class com.google.common.collect.ImmutableSet$EmptySetBuilderImpl                      : loaded 2 times (x 76B)
Class com.google.common.collect.ImmutableList                                         : loaded 2 times (x 206B)
Class ijKotlinCoroutineJvmDebugInit1_3da1ylyzglnrmhss5n37ry50n$_run_closure1          : loaded 2 times (x 139B)
Class org.gradle.internal.service.DefaultServiceLocator                               : loaded 2 times (x 83B)
Class com.google.common.collect.ImmutableMultimap$EntryCollection                     : loaded 2 times (x 127B)
Class com.google.common.collect.Maps$EntrySet                                         : loaded 2 times (x 136B)
Class com.google.common.cache.LocalCache$EntryFactory$8                               : loaded 2 times (x 83B)
Class com.google.common.collect.ImmutableSet$SetBuilderImpl                           : loaded 2 times (x 76B)
Class org.gradle.internal.installation.CurrentGradleInstallation                      : loaded 2 times (x 73B)
Class com.google.common.cache.CacheLoader$1                                           : loaded 2 times (x 75B)
Class com.google.common.collect.ForwardingObject                                      : loaded 2 times (x 72B)
Class com.google.common.collect.ImmutableList$SubList                                 : loaded 2 times (x 208B)
Class org.gradle.util.internal.GUtil                                                  : loaded 2 times (x 71B)
Class kotlin.io.NoSuchFileException                                                   : loaded 2 times (x 82B)
Class kotlin.collections.CollectionsKt                                                : loaded 2 times (x 71B)
Class com.google.common.io.ByteSource                                                 : loaded 2 times (x 84B)
Class com.google.common.cache.AbstractCache$StatsCounter                              : loaded 2 times (x 70B)
Class com.google.common.reflect.Types$TypeVariableImpl                                : loaded 2 times (x 72B)
Class com.google.common.io.LineBuffer                                                 : loaded 2 times (x 75B)
Class com.google.common.collect.MapMakerInternalMap$1                                 : loaded 2 times (x 83B)
Class com.google.common.collect.Iterators$MergingIterator                             : loaded 2 times (x 81B)
Class com.google.common.collect.RegularImmutableSet                                   : loaded 2 times (x 148B)
Class org.gradle.internal.installation.GradleInstallation                             : loaded 2 times (x 75B)
Class com.google.common.collect.Iterables                                             : loaded 2 times (x 71B)
Class com.google.common.base.Splitter$Strategy                                        : loaded 2 times (x 70B)

---------------  S Y S T E M  ---------------

OS:
 Windows 11 , 64 bit Build 26100 (10.0.26100.8328)
OS uptime: 0 days 0:58 hours
Hyper-V role detected

CPU: total 12 (initial active 12) (6 cores per cpu, 2 threads per core) family 6 model 186 stepping 3 microcode 0x411f, cx8, cmov, fxsr, ht, mmx, 3dnowpref, sse, sse2, sse3, ssse3, sse4.1, sse4.2, popcnt, lzcnt, tsc, tscinvbit, avx, avx2, aes, erms, clmul, bmi1, bmi2, adx, sha, fma, vzeroupper, clflush, clflushopt, clwb, hv, serialize, rdtscp, rdpid, fsrm, f16c, cet_ibt, cet_ss
Processor Information for processor 0
  Max Mhz: 1300, Current Mhz: 1300, Mhz Limit: 1300
Processor Information for processor 1
  Max Mhz: 1300, Current Mhz: 1300, Mhz Limit: 1300
Processor Information for processor 2
  Max Mhz: 1300, Current Mhz: 1300, Mhz Limit: 1300
Processor Information for processor 3
  Max Mhz: 1300, Current Mhz: 1300, Mhz Limit: 1300
Processor Information for processor 4
  Max Mhz: 1300, Current Mhz: 900, Mhz Limit: 897
Processor Information for processor 5
  Max Mhz: 1300, Current Mhz: 900, Mhz Limit: 897
Processor Information for processor 6
  Max Mhz: 1300, Current Mhz: 900, Mhz Limit: 897
Processor Information for processor 7
  Max Mhz: 1300, Current Mhz: 900, Mhz Limit: 897
Processor Information for processor 8
  Max Mhz: 1300, Current Mhz: 900, Mhz Limit: 897
Processor Information for processor 9
  Max Mhz: 1300, Current Mhz: 900, Mhz Limit: 897
Processor Information for processor 10
  Max Mhz: 1300, Current Mhz: 900, Mhz Limit: 897
Processor Information for processor 11
  Max Mhz: 1300, Current Mhz: 900, Mhz Limit: 897

Memory: 4k page, system-wide physical 16067M (1953M free)
TotalPageFile size 16067M (AvailPageFile size 23M)
current process WorkingSet (physical memory assigned to process): 753M, peak: 756M
current process commit charge ("private bytes"): 790M, peak: 793M

vm_info: OpenJDK 64-Bit Server VM (21.0.10+-14961533-b1163.108) for windows-amd64 JRE (21.0.10+-14961533-b1163.108), built on 2026-03-02T19:58:50Z by "builder" with MS VC++ 16.10 / 16.11 (VS2019)

END.
