#
# There is insufficient memory for the Java Runtime Environment to continue.
# Native memory allocation (malloc) failed to allocate 1202800 bytes. Error detail: Chunk::new
# Possible reasons:
#   The system is out of physical RAM or swap space
#   This process is running with CompressedOops enabled, and the Java Heap may be blocking the growth of the native heap
# Possible solutions:
#   Reduce memory load on the system
#   Increase physical memory or swap space
#   Check if swap backing store is full
#   Decrease Java heap size (-Xmx/-Xms)
#   Decrease number of Java threads
#   Decrease Java thread stack sizes (-Xss)
#   Set larger code cache with -XX:ReservedCodeCacheSize=
#   JVM is running with Unscaled Compressed Oops mode in which the Java heap is
#     placed in the first 4GB address space. The Java Heap base address is the
#     maximum limit for the native heap growth. Please use -XX:HeapBaseMinAddress
#     to set the Java Heap base and to place the Java Heap above 4GB virtual address.
# This output file may be truncated or incomplete.
#
#  Out of Memory Error (arena.cpp:168), pid=6996, tid=25392
#
# JRE version: OpenJDK Runtime Environment (21.0.10) (build 21.0.10+-14961533-b1163.108)
# Java VM: OpenJDK 64-Bit Server VM (21.0.10+-14961533-b1163.108, mixed mode, tiered, compressed oops, compressed class ptrs, g1 gc, windows-amd64)
# No core dump will be written. Minidumps are not enabled by default on client versions of Windows
#

---------------  S U M M A R Y ------------

Command Line: --add-opens=java.base/java.lang=ALL-UNNAMED --add-opens=java.base/java.lang.invoke=ALL-UNNAMED --add-opens=java.base/java.util=ALL-UNNAMED --add-opens=java.prefs/java.util.prefs=ALL-UNNAMED --add-exports=jdk.compiler/com.sun.tools.javac.api=ALL-UNNAMED --add-exports=jdk.compiler/com.sun.tools.javac.util=ALL-UNNAMED --add-opens=java.base/java.util=ALL-UNNAMED --add-opens=java.prefs/java.util.prefs=ALL-UNNAMED --add-opens=java.base/java.nio.charset=ALL-UNNAMED --add-opens=java.base/java.net=ALL-UNNAMED --add-opens=java.base/java.util.concurrent.atomic=ALL-UNNAMED --add-opens=java.xml/javax.xml.namespace=ALL-UNNAMED -Xmx2048m -Dfile.encoding=UTF-8 -Duser.country=BR -Duser.language=pt -Duser.variant -javaagent:C:\Users\yanfe\.gradle\wrapper\dists\gradle-8.14.5-bin\690y85m0j9nfaub7xoiayko8a\gradle-8.14.5\lib\agents\gradle-instrumentation-agent-8.14.5.jar org.gradle.launcher.daemon.bootstrap.GradleDaemon 8.14.5

Host: 13th Gen Intel(R) Core(TM) i5-1335U, 12 cores, 15G,  Windows 11 , 64 bit Build 26100 (10.0.26100.8328)
Time: Thu Jun  4 22:40:50 2026 Hora oficial do Brasil elapsed time: 18.814175 seconds (0d 0h 0m 18s)

---------------  T H R E A D  ---------------

Current thread (0x000002105f213f70):  JavaThread "C2 CompilerThread2" daemon [_thread_in_native, id=25392, stack(0x000000e3d5400000,0x000000e3d5500000) (1024K)]


Current CompileTask:
C2:18814 14954       4       org.gradle.tooling.internal.adapter.ProtocolToModelAdapter$InvocationHandlerImpl::invoke (176 bytes)

Stack: [0x000000e3d5400000,0x000000e3d5500000]
Native frames: (J=compiled Java code, j=interpreted, Vv=VM code, C=native code)
V  [jvm.dll+0x6d78a9]
V  [jvm.dll+0x8665b3]
V  [jvm.dll+0x868bde]
V  [jvm.dll+0x8692c3]
V  [jvm.dll+0x280ee6]
V  [jvm.dll+0xc07cd]
V  [jvm.dll+0xc0d03]
V  [jvm.dll+0x3ba0cb]
V  [jvm.dll+0x1dfe64]
V  [jvm.dll+0x249d24]
V  [jvm.dll+0x2491a1]
V  [jvm.dll+0x1c76e4]
V  [jvm.dll+0x25891e]
V  [jvm.dll+0x256e66]
V  [jvm.dll+0x3f513e]
V  [jvm.dll+0x80fd28]
V  [jvm.dll+0x6d60fd]
C  [ucrtbase.dll+0x37b0]
C  [KERNEL32.DLL+0x2e957]
C  [ntdll.dll+0x427c]


---------------  P R O C E S S  ---------------

Threads class SMR info:
_java_thread_list=0x000002106c678e30, length=177, elements={
0x0000021042a0cc20, 0x000002105a654740, 0x000002105a6750c0, 0x000002105a675b20,
0x000002105a6a3390, 0x000002105a6a6620, 0x000002105a6a6c90, 0x000002105a6a7300,
0x000002105a6a9450, 0x000002105a6a9b00, 0x000002105f042e30, 0x00000210607f6510,
0x000002106146e230, 0x00000210604f7f60, 0x000002106145a130, 0x000002106145b3b0,
0x0000021061459310, 0x000002106145ab70, 0x0000021061480290, 0x000002106147db30,
0x000002106147d4a0, 0x000002106147f570, 0x000002106147e1c0, 0x000002106147e850,
0x0000021061480920, 0x000002106147eee0, 0x00000210622d1910, 0x00000210622d2630,
0x00000210622d3350, 0x00000210622d0bf0, 0x00000210622d0560, 0x00000210622d1fa0,
0x00000210622d1280, 0x00000210622cfed0, 0x00000210622d2cc0, 0x00000210618bd710,
0x00000210618c1220, 0x00000210618c0500, 0x00000210618bf7e0, 0x00000210618bdda0,
0x00000210618c18b0, 0x00000210618bf150, 0x00000210618c0b90, 0x00000210618bfe70,
0x00000210618c1f40, 0x00000210618c25d0, 0x00000210618c32f0, 0x00000210618c2c60,
0x00000210618c3980, 0x00000210618c46a0, 0x00000210618c4010, 0x00000210618c4d30,
0x00000210639bf880, 0x00000210639bf1f0, 0x00000210639be4d0, 0x00000210639bff10,
0x00000210639bca90, 0x00000210639bd120, 0x00000210639bd7b0, 0x00000210639bde40,
0x00000210639beb60, 0x0000021064b2b0f0, 0x0000021064b29020, 0x0000021064b296b0,
0x0000021064b2b780, 0x0000021064b29d40, 0x0000021064b2a3d0, 0x0000021064b2aa60,
0x0000021064b28990, 0x0000021064b2ec00, 0x0000021064b2be10, 0x0000021064b2c4a0,
0x0000021064b2f290, 0x0000021064b2f920, 0x0000021064b2dee0, 0x0000021064b2ffb0,
0x00000210626e4040, 0x00000210626e2c90, 0x00000210626e39b0, 0x00000210626e18e0,
0x00000210626e0bc0, 0x00000210626e2600, 0x00000210626e3320, 0x00000210626e46d0,
0x00000210626e1f70, 0x00000210626e1250, 0x00000210626e4d60, 0x00000210626e53f0,
0x00000210626e6e30, 0x00000210626e67a0, 0x00000210626e74c0, 0x00000210626e7b50,
0x00000210626e5a80, 0x00000210626e6110, 0x00000210626e81e0, 0x0000021064c6d870,
0x0000021064c6df00, 0x0000021064c6cb50, 0x0000021064c6f2b0, 0x0000021064c6be30,
0x0000021064c6ec20, 0x0000021064c6f940, 0x0000021064c6c4c0, 0x0000021064c6ffd0,
0x0000021063554e10, 0x0000021063556ee0, 0x000002106cb40a10, 0x000002106cb41730,
0x000002106cb3fcf0, 0x000002106cb41dc0, 0x000002106cb3efd0, 0x000002106c934aa0,
0x000002106c935130, 0x000002106c934410, 0x000002106c9357c0, 0x000002106c932340,
0x000002106c935e50, 0x000002106c933d80, 0x000002106c9329d0, 0x000002106c9364e0,
0x000002106c933060, 0x000002106c9336f0, 0x0000021064bb6ed0, 0x000002105f213f70,
0x000002106c939960, 0x000002106c937f20, 0x00000210635561c0, 0x0000021063559cd0,
0x000002106c6b6210, 0x000002106c6b68a0, 0x000002106c6b3420, 0x000002106c6b9000,
0x000002106c6b75c0, 0x000002106c6ba3b0, 0x000002106c6b9690, 0x000002106c6b7c50,
0x000002106c6b9d20, 0x000002106c6b82e0, 0x000002106c6b6f30, 0x000002106c6bc480,
0x000002106c6bd1a0, 0x000002106c6baa40, 0x000002106c6be550, 0x000002106c6bd830,
0x000002106c6bb0d0, 0x000002106c6bbdf0, 0x000002106c6bdec0, 0x000002106c6bebe0,
0x000002106c6bcb10, 0x000002106c6bb760, 0x000002106c6bf900, 0x000002106c6bff90,
0x000002106c6c19d0, 0x000002106c6c0620, 0x000002106c6c0cb0, 0x000002106c6c1340,
0x0000021062683d60, 0x00000210626808e0, 0x0000021062680f70, 0x00000210626829b0,
0x0000021062681c90, 0x0000021062683040, 0x00000210626843f0, 0x00000210626836d0,
0x0000021062684a80, 0x0000021062681600, 0x00000210626864c0, 0x00000210626871e0,
0x0000021062687870, 0x0000021062687f00, 0x0000021062685e30, 0x0000021062688590,
0x0000021062685110, 0x0000021062686b50, 0x0000021062688c20, 0x00000210626857a0,
0x000002106268b380
}

Java Threads: ( => current thread )
  0x0000021042a0cc20 JavaThread "main"                              [_thread_blocked, id=15352, stack(0x000000e3cd600000,0x000000e3cd700000) (1024K)]
  0x000002105a654740 JavaThread "Common-Cleaner"             daemon [_thread_blocked, id=31080, stack(0x000000e3cde00000,0x000000e3cdf00000) (1024K)]
  0x000002105a6750c0 JavaThread "Reference Handler"          daemon [_thread_blocked, id=18140, stack(0x000000e3cdf00000,0x000000e3ce000000) (1024K)]
  0x000002105a675b20 JavaThread "Finalizer"                  daemon [_thread_blocked, id=4388, stack(0x000000e3ce000000,0x000000e3ce100000) (1024K)]
  0x000002105a6a3390 JavaThread "Signal Dispatcher"          daemon [_thread_blocked, id=30628, stack(0x000000e3ce100000,0x000000e3ce200000) (1024K)]
  0x000002105a6a6620 JavaThread "Attach Listener"            daemon [_thread_blocked, id=26380, stack(0x000000e3ce200000,0x000000e3ce300000) (1024K)]
  0x000002105a6a6c90 JavaThread "Service Thread"             daemon [_thread_blocked, id=27132, stack(0x000000e3ce300000,0x000000e3ce400000) (1024K)]
  0x000002105a6a7300 JavaThread "Monitor Deflation Thread"   daemon [_thread_blocked, id=17112, stack(0x000000e3ce400000,0x000000e3ce500000) (1024K)]
  0x000002105a6a9450 JavaThread "C2 CompilerThread0"         daemon [_thread_in_native, id=30288, stack(0x000000e3ce500000,0x000000e3ce600000) (1024K)]
  0x000002105a6a9b00 JavaThread "C1 CompilerThread0"         daemon [_thread_blocked, id=26180, stack(0x000000e3ce600000,0x000000e3ce700000) (1024K)]
  0x000002105f042e30 JavaThread "Notification Thread"        daemon [_thread_blocked, id=4796, stack(0x000000e3ce700000,0x000000e3ce800000) (1024K)]
  0x00000210607f6510 JavaThread "Daemon health stats"               [_thread_blocked, id=29972, stack(0x000000e3cef00000,0x000000e3cf000000) (1024K)]
  0x000002106146e230 JavaThread "Incoming local TCP Connector on port 59365"        [_thread_in_native, id=1132, stack(0x000000e3cf000000,0x000000e3cf100000) (1024K)]
  0x00000210604f7f60 JavaThread "Daemon periodic checks"            [_thread_blocked, id=15460, stack(0x000000e3cf100000,0x000000e3cf200000) (1024K)]
  0x000002106145a130 JavaThread "Daemon"                            [_thread_blocked, id=17052, stack(0x000000e3cf200000,0x000000e3cf300000) (1024K)]
  0x000002106145b3b0 JavaThread "Handler for socket connection from /127.0.0.1:59365 to /127.0.0.1:59366"        [_thread_in_native, id=31436, stack(0x000000e3cf300000,0x000000e3cf400000) (1024K)]
  0x0000021061459310 JavaThread "Cancel handler"                    [_thread_blocked, id=19168, stack(0x000000e3cfa00000,0x000000e3cfb00000) (1024K)]
  0x000002106145ab70 JavaThread "Daemon worker"                     [_thread_in_vm, id=11956, stack(0x000000e3cfb00000,0x000000e3cfc00000) (1024K)]
  0x0000021061480290 JavaThread "Asynchronous log dispatcher for DefaultDaemonConnection: socket connection from /127.0.0.1:59365 to /127.0.0.1:59366"        [_thread_blocked, id=3040, stack(0x000000e3cfc00000,0x000000e3cfd00000) (1024K)]
  0x000002106147db30 JavaThread "Stdin handler"                     [_thread_blocked, id=2036, stack(0x000000e3cfd00000,0x000000e3cfe00000) (1024K)]
  0x000002106147d4a0 JavaThread "Daemon client event forwarder"        [_thread_blocked, id=9336, stack(0x000000e3cfe00000,0x000000e3cff00000) (1024K)]
  0x000002106147f570 JavaThread "Cache worker for journal cache (C:\Users\yanfe\.gradle\caches\journal-1)"        [_thread_blocked, id=18688, stack(0x000000e3cff00000,0x000000e3d0000000) (1024K)]
  0x000002106147e1c0 JavaThread "File lock request listener"        [_thread_in_native, id=25268, stack(0x000000e3d0000000,0x000000e3d0100000) (1024K)]
  0x000002106147e850 JavaThread "Cache worker for file hash cache (C:\Users\yanfe\.gradle\caches\8.14.5\fileHashes)"        [_thread_blocked, id=24380, stack(0x000000e3d0100000,0x000000e3d0200000) (1024K)]
  0x0000021061480920 JavaThread "Cache worker for file hash cache (C:\Users\yanfe\projeto-navegacao\app-mobile\.gradle\8.14.5\fileHashes)"        [_thread_blocked, id=21940, stack(0x000000e3d0200000,0x000000e3d0300000) (1024K)]
  0x000002106147eee0 JavaThread "Cache worker for Build Output Cleanup Cache (C:\Users\yanfe\projeto-navegacao\app-mobile\.gradle\buildOutputCleanup)"        [_thread_blocked, id=7732, stack(0x000000e3d0300000,0x000000e3d0400000) (1024K)]
  0x00000210622d1910 JavaThread "File watcher server"        daemon [_thread_in_native, id=26120, stack(0x000000e3d0400000,0x000000e3d0500000) (1024K)]
  0x00000210622d2630 JavaThread "File watcher consumer"      daemon [_thread_blocked, id=29684, stack(0x000000e3d0500000,0x000000e3d0600000) (1024K)]
  0x00000210622d3350 JavaThread "jar transforms"                    [_thread_blocked, id=22616, stack(0x000000e3d0600000,0x000000e3d0700000) (1024K)]
  0x00000210622d0bf0 JavaThread "jar transforms Thread 2"           [_thread_blocked, id=456, stack(0x000000e3d0700000,0x000000e3d0800000) (1024K)]
  0x00000210622d0560 JavaThread "jar transforms Thread 3"           [_thread_blocked, id=1444, stack(0x000000e3d0800000,0x000000e3d0900000) (1024K)]
  0x00000210622d1fa0 JavaThread "jar transforms Thread 4"           [_thread_blocked, id=16120, stack(0x000000e3d0900000,0x000000e3d0a00000) (1024K)]
  0x00000210622d1280 JavaThread "jar transforms Thread 5"           [_thread_blocked, id=27984, stack(0x000000e3d0a00000,0x000000e3d0b00000) (1024K)]
  0x00000210622cfed0 JavaThread "jar transforms Thread 6"           [_thread_blocked, id=22380, stack(0x000000e3d0b00000,0x000000e3d0c00000) (1024K)]
  0x00000210622d2cc0 JavaThread "jar transforms Thread 7"           [_thread_blocked, id=7380, stack(0x000000e3d0c00000,0x000000e3d0d00000) (1024K)]
  0x00000210618bd710 JavaThread "jar transforms Thread 8"           [_thread_blocked, id=31632, stack(0x000000e3d0d00000,0x000000e3d0e00000) (1024K)]
  0x00000210618c1220 JavaThread "jar transforms Thread 9"           [_thread_blocked, id=24744, stack(0x000000e3d0e00000,0x000000e3d0f00000) (1024K)]
  0x00000210618c0500 JavaThread "jar transforms Thread 10"          [_thread_blocked, id=7868, stack(0x000000e3d0f00000,0x000000e3d1000000) (1024K)]
  0x00000210618bf7e0 JavaThread "jar transforms Thread 11"          [_thread_blocked, id=7216, stack(0x000000e3d1000000,0x000000e3d1100000) (1024K)]
  0x00000210618bdda0 JavaThread "jar transforms Thread 12"          [_thread_blocked, id=14360, stack(0x000000e3d1100000,0x000000e3d1200000) (1024K)]
  0x00000210618c18b0 JavaThread "Cache worker for checksums cache (C:\Users\yanfe\projeto-navegacao\app-mobile\.gradle\8.14.5\checksums)"        [_thread_blocked, id=9088, stack(0x000000e3d1200000,0x000000e3d1300000) (1024K)]
  0x00000210618bf150 JavaThread "Cache worker for file content cache (C:\Users\yanfe\.gradle\caches\8.14.5\fileContent)"        [_thread_blocked, id=10280, stack(0x000000e3d1300000,0x000000e3d1400000) (1024K)]
  0x00000210618c0b90 JavaThread "Cache worker for cache directory md-supplier (C:\Users\yanfe\.gradle\caches\8.14.5\md-supplier)"        [_thread_blocked, id=4932, stack(0x000000e3d1400000,0x000000e3d1500000) (1024K)]
  0x00000210618bfe70 JavaThread "Cache worker for cache directory md-rule (C:\Users\yanfe\.gradle\caches\8.14.5\md-rule)"        [_thread_blocked, id=19980, stack(0x000000e3d1500000,0x000000e3d1600000) (1024K)]
  0x00000210618c1f40 JavaThread "Unconstrained build operations"        [_thread_blocked, id=20340, stack(0x000000e3d1600000,0x000000e3d1700000) (1024K)]
  0x00000210618c25d0 JavaThread "Unconstrained build operations Thread 2"        [_thread_blocked, id=18852, stack(0x000000e3d1700000,0x000000e3d1800000) (1024K)]
  0x00000210618c32f0 JavaThread "Unconstrained build operations Thread 3"        [_thread_blocked, id=9548, stack(0x000000e3d1800000,0x000000e3d1900000) (1024K)]
  0x00000210618c2c60 JavaThread "Unconstrained build operations Thread 4"        [_thread_blocked, id=11508, stack(0x000000e3d1900000,0x000000e3d1a00000) (1024K)]
  0x00000210618c3980 JavaThread "Unconstrained build operations Thread 5"        [_thread_blocked, id=30312, stack(0x000000e3d1a00000,0x000000e3d1b00000) (1024K)]
  0x00000210618c46a0 JavaThread "Unconstrained build operations Thread 6"        [_thread_blocked, id=28300, stack(0x000000e3d1b00000,0x000000e3d1c00000) (1024K)]
  0x00000210618c4010 JavaThread "Unconstrained build operations Thread 7"        [_thread_blocked, id=10980, stack(0x000000e3d1c00000,0x000000e3d1d00000) (1024K)]
  0x00000210618c4d30 JavaThread "Unconstrained build operations Thread 8"        [_thread_blocked, id=16632, stack(0x000000e3d1d00000,0x000000e3d1e00000) (1024K)]
  0x00000210639bf880 JavaThread "Unconstrained build operations Thread 9"        [_thread_blocked, id=29304, stack(0x000000e3d1e00000,0x000000e3d1f00000) (1024K)]
  0x00000210639bf1f0 JavaThread "Unconstrained build operations Thread 10"        [_thread_blocked, id=2728, stack(0x000000e3d1f00000,0x000000e3d2000000) (1024K)]
  0x00000210639be4d0 JavaThread "Unconstrained build operations Thread 11"        [_thread_blocked, id=29824, stack(0x000000e3d2000000,0x000000e3d2100000) (1024K)]
  0x00000210639bff10 JavaThread "Unconstrained build operations Thread 12"        [_thread_blocked, id=28224, stack(0x000000e3d2100000,0x000000e3d2200000) (1024K)]
  0x00000210639bca90 JavaThread "Unconstrained build operations Thread 13"        [_thread_blocked, id=14292, stack(0x000000e3d2200000,0x000000e3d2300000) (1024K)]
  0x00000210639bd120 JavaThread "Unconstrained build operations Thread 14"        [_thread_blocked, id=20184, stack(0x000000e3d2300000,0x000000e3d2400000) (1024K)]
  0x00000210639bd7b0 JavaThread "Unconstrained build operations Thread 15"        [_thread_blocked, id=14900, stack(0x000000e3d2400000,0x000000e3d2500000) (1024K)]
  0x00000210639bde40 JavaThread "Unconstrained build operations Thread 16"        [_thread_blocked, id=22892, stack(0x000000e3d2500000,0x000000e3d2600000) (1024K)]
  0x00000210639beb60 JavaThread "Unconstrained build operations Thread 17"        [_thread_blocked, id=14628, stack(0x000000e3d2600000,0x000000e3d2700000) (1024K)]
  0x0000021064b2b0f0 JavaThread "Unconstrained build operations Thread 18"        [_thread_blocked, id=13080, stack(0x000000e3d2700000,0x000000e3d2800000) (1024K)]
  0x0000021064b29020 JavaThread "Unconstrained build operations Thread 19"        [_thread_blocked, id=27160, stack(0x000000e3d2800000,0x000000e3d2900000) (1024K)]
  0x0000021064b296b0 JavaThread "Unconstrained build operations Thread 20"        [_thread_blocked, id=13340, stack(0x000000e3d2900000,0x000000e3d2a00000) (1024K)]
  0x0000021064b2b780 JavaThread "Unconstrained build operations Thread 21"        [_thread_blocked, id=27572, stack(0x000000e3d2a00000,0x000000e3d2b00000) (1024K)]
  0x0000021064b29d40 JavaThread "Unconstrained build operations Thread 22"        [_thread_blocked, id=7008, stack(0x000000e3d2b00000,0x000000e3d2c00000) (1024K)]
  0x0000021064b2a3d0 JavaThread "Unconstrained build operations Thread 23"        [_thread_blocked, id=28792, stack(0x000000e3d2c00000,0x000000e3d2d00000) (1024K)]
  0x0000021064b2aa60 JavaThread "Unconstrained build operations Thread 24"        [_thread_blocked, id=9696, stack(0x000000e3d2d00000,0x000000e3d2e00000) (1024K)]
  0x0000021064b28990 JavaThread "Unconstrained build operations Thread 25"        [_thread_blocked, id=22900, stack(0x000000e3d2e00000,0x000000e3d2f00000) (1024K)]
  0x0000021064b2ec00 JavaThread "Unconstrained build operations Thread 26"        [_thread_blocked, id=12360, stack(0x000000e3d2f00000,0x000000e3d3000000) (1024K)]
  0x0000021064b2be10 JavaThread "Unconstrained build operations Thread 27"        [_thread_blocked, id=6016, stack(0x000000e3d3100000,0x000000e3d3200000) (1024K)]
  0x0000021064b2c4a0 JavaThread "Unconstrained build operations Thread 28"        [_thread_blocked, id=18732, stack(0x000000e3d3200000,0x000000e3d3300000) (1024K)]
  0x0000021064b2f290 JavaThread "Unconstrained build operations Thread 29"        [_thread_blocked, id=18276, stack(0x000000e3d3300000,0x000000e3d3400000) (1024K)]
  0x0000021064b2f920 JavaThread "Unconstrained build operations Thread 30"        [_thread_blocked, id=30624, stack(0x000000e3d3400000,0x000000e3d3500000) (1024K)]
  0x0000021064b2dee0 JavaThread "Unconstrained build operations Thread 31"        [_thread_blocked, id=17468, stack(0x000000e3d3500000,0x000000e3d3600000) (1024K)]
  0x0000021064b2ffb0 JavaThread "Unconstrained build operations Thread 32"        [_thread_blocked, id=19368, stack(0x000000e3d3600000,0x000000e3d3700000) (1024K)]
  0x00000210626e4040 JavaThread "Unconstrained build operations Thread 33"        [_thread_blocked, id=21540, stack(0x000000e3d3700000,0x000000e3d3800000) (1024K)]
  0x00000210626e2c90 JavaThread "Unconstrained build operations Thread 34"        [_thread_blocked, id=29780, stack(0x000000e3d3800000,0x000000e3d3900000) (1024K)]
  0x00000210626e39b0 JavaThread "Unconstrained build operations Thread 35"        [_thread_blocked, id=16028, stack(0x000000e3d3900000,0x000000e3d3a00000) (1024K)]
  0x00000210626e18e0 JavaThread "Unconstrained build operations Thread 36"        [_thread_blocked, id=10100, stack(0x000000e3d3a00000,0x000000e3d3b00000) (1024K)]
  0x00000210626e0bc0 JavaThread "Unconstrained build operations Thread 37"        [_thread_blocked, id=20964, stack(0x000000e3d3b00000,0x000000e3d3c00000) (1024K)]
  0x00000210626e2600 JavaThread "Unconstrained build operations Thread 38"        [_thread_blocked, id=29156, stack(0x000000e3d3c00000,0x000000e3d3d00000) (1024K)]
  0x00000210626e3320 JavaThread "Unconstrained build operations Thread 39"        [_thread_blocked, id=18456, stack(0x000000e3d3d00000,0x000000e3d3e00000) (1024K)]
  0x00000210626e46d0 JavaThread "Unconstrained build operations Thread 40"        [_thread_blocked, id=3892, stack(0x000000e3d3e00000,0x000000e3d3f00000) (1024K)]
  0x00000210626e1f70 JavaThread "Unconstrained build operations Thread 41"        [_thread_blocked, id=21428, stack(0x000000e3d3f00000,0x000000e3d4000000) (1024K)]
  0x00000210626e1250 JavaThread "Unconstrained build operations Thread 42"        [_thread_blocked, id=27336, stack(0x000000e3d4000000,0x000000e3d4100000) (1024K)]
  0x00000210626e4d60 JavaThread "Unconstrained build operations Thread 43"        [_thread_blocked, id=3444, stack(0x000000e3d4100000,0x000000e3d4200000) (1024K)]
  0x00000210626e53f0 JavaThread "Unconstrained build operations Thread 44"        [_thread_blocked, id=19848, stack(0x000000e3d4200000,0x000000e3d4300000) (1024K)]
  0x00000210626e6e30 JavaThread "Unconstrained build operations Thread 45"        [_thread_blocked, id=12584, stack(0x000000e3d4300000,0x000000e3d4400000) (1024K)]
  0x00000210626e67a0 JavaThread "Unconstrained build operations Thread 46"        [_thread_blocked, id=30892, stack(0x000000e3d4400000,0x000000e3d4500000) (1024K)]
  0x00000210626e74c0 JavaThread "Unconstrained build operations Thread 47"        [_thread_blocked, id=804, stack(0x000000e3d4500000,0x000000e3d4600000) (1024K)]
  0x00000210626e7b50 JavaThread "Unconstrained build operations Thread 48"        [_thread_blocked, id=2820, stack(0x000000e3d4600000,0x000000e3d4700000) (1024K)]
  0x00000210626e5a80 JavaThread "Unconstrained build operations Thread 49"        [_thread_blocked, id=25792, stack(0x000000e3d4700000,0x000000e3d4800000) (1024K)]
  0x00000210626e6110 JavaThread "Unconstrained build operations Thread 50"        [_thread_blocked, id=9352, stack(0x000000e3d4800000,0x000000e3d4900000) (1024K)]
  0x00000210626e81e0 JavaThread "Unconstrained build operations Thread 51"        [_thread_blocked, id=31512, stack(0x000000e3d4900000,0x000000e3d4a00000) (1024K)]
  0x0000021064c6d870 JavaThread "Unconstrained build operations Thread 52"        [_thread_blocked, id=23776, stack(0x000000e3d4a00000,0x000000e3d4b00000) (1024K)]
  0x0000021064c6df00 JavaThread "Unconstrained build operations Thread 53"        [_thread_blocked, id=23192, stack(0x000000e3d4b00000,0x000000e3d4c00000) (1024K)]
  0x0000021064c6cb50 JavaThread "Unconstrained build operations Thread 54"        [_thread_blocked, id=27424, stack(0x000000e3d4c00000,0x000000e3d4d00000) (1024K)]
  0x0000021064c6f2b0 JavaThread "Unconstrained build operations Thread 55"        [_thread_blocked, id=27728, stack(0x000000e3d4d00000,0x000000e3d4e00000) (1024K)]
  0x0000021064c6be30 JavaThread "Unconstrained build operations Thread 56"        [_thread_blocked, id=27116, stack(0x000000e3d4e00000,0x000000e3d4f00000) (1024K)]
  0x0000021064c6ec20 JavaThread "Unconstrained build operations Thread 57"        [_thread_blocked, id=21576, stack(0x000000e3d4f00000,0x000000e3d5000000) (1024K)]
  0x0000021064c6f940 JavaThread "Unconstrained build operations Thread 58"        [_thread_blocked, id=30144, stack(0x000000e3d5000000,0x000000e3d5100000) (1024K)]
  0x0000021064c6c4c0 JavaThread "Unconstrained build operations Thread 59"        [_thread_blocked, id=17124, stack(0x000000e3d5100000,0x000000e3d5200000) (1024K)]
  0x0000021064c6ffd0 JavaThread "Memory manager"                    [_thread_blocked, id=31624, stack(0x000000e3ce900000,0x000000e3cea00000) (1024K)]
  0x0000021063554e10 JavaThread "Problems report writer"            [_thread_blocked, id=26904, stack(0x000000e3d5300000,0x000000e3d5400000) (1024K)]
  0x0000021063556ee0 JavaThread "build event listener"              [_thread_blocked, id=24600, stack(0x000000e3d5200000,0x000000e3d5300000) (1024K)]
  0x000002106cb40a10 JavaThread "pool-3-thread-1"                   [_thread_blocked, id=18416, stack(0x000000e3d5500000,0x000000e3d5600000) (1024K)]
  0x000002106cb41730 JavaThread "included builds"                   [_thread_blocked, id=13552, stack(0x000000e3d5600000,0x000000e3d5700000) (1024K)]
  0x000002106cb3fcf0 JavaThread "Execution worker"                  [_thread_blocked, id=24432, stack(0x000000e3d5700000,0x000000e3d5800000) (1024K)]
  0x000002106cb41dc0 JavaThread "Execution worker Thread 2"         [_thread_blocked, id=30644, stack(0x000000e3d5800000,0x000000e3d5900000) (1024K)]
  0x000002106cb3efd0 JavaThread "Execution worker Thread 3"         [_thread_blocked, id=27352, stack(0x000000e3d5900000,0x000000e3d5a00000) (1024K)]
  0x000002106c934aa0 JavaThread "Execution worker Thread 4"         [_thread_blocked, id=8384, stack(0x000000e3d5a00000,0x000000e3d5b00000) (1024K)]
  0x000002106c935130 JavaThread "Execution worker Thread 5"         [_thread_blocked, id=10352, stack(0x000000e3d5b00000,0x000000e3d5c00000) (1024K)]
  0x000002106c934410 JavaThread "Execution worker Thread 6"         [_thread_blocked, id=2276, stack(0x000000e3d5c00000,0x000000e3d5d00000) (1024K)]
  0x000002106c9357c0 JavaThread "Execution worker Thread 7"         [_thread_blocked, id=26940, stack(0x000000e3d5d00000,0x000000e3d5e00000) (1024K)]
  0x000002106c932340 JavaThread "Execution worker Thread 8"         [_thread_blocked, id=8300, stack(0x000000e3d5e00000,0x000000e3d5f00000) (1024K)]
  0x000002106c935e50 JavaThread "Execution worker Thread 9"         [_thread_blocked, id=22564, stack(0x000000e3d5f00000,0x000000e3d6000000) (1024K)]
  0x000002106c933d80 JavaThread "Execution worker Thread 10"        [_thread_blocked, id=20132, stack(0x000000e3d6000000,0x000000e3d6100000) (1024K)]
  0x000002106c9329d0 JavaThread "Execution worker Thread 11"        [_thread_blocked, id=28132, stack(0x000000e3d6100000,0x000000e3d6200000) (1024K)]
  0x000002106c9364e0 JavaThread "Cache worker for execution history cache (C:\Users\yanfe\projeto-navegacao\app-mobile\.gradle\8.14.5\executionHistory)"        [_thread_blocked, id=25372, stack(0x000000e3d6200000,0x000000e3d6300000) (1024K)]
  0x000002106c933060 JavaThread "idea-tooling-model-converter"        [_thread_blocked, id=5452, stack(0x000000e3d6300000,0x000000e3d6400000) (1024K)]
  0x000002106c9336f0 JavaThread "Unconstrained build operations Thread 60"        [_thread_blocked, id=30116, stack(0x000000e3d6400000,0x000000e3d6500000) (1024K)]
  0x0000021064bb6ed0 JavaThread "C2 CompilerThread1"         daemon [_thread_in_native, id=25752, stack(0x000000e3ce800000,0x000000e3ce900000) (1024K)]
=>0x000002105f213f70 JavaThread "C2 CompilerThread2"         daemon [_thread_in_native, id=25392, stack(0x000000e3d5400000,0x000000e3d5500000) (1024K)]
  0x000002106c939960 JavaThread "Unconstrained build operations Thread 61"        [_thread_blocked, id=11604, stack(0x000000e3d6500000,0x000000e3d6600000) (1024K)]
  0x000002106c937f20 JavaThread "Unconstrained build operations Thread 62"        [_thread_blocked, id=27700, stack(0x000000e3d6600000,0x000000e3d6700000) (1024K)]
  0x00000210635561c0 JavaThread "Unconstrained build operations Thread 63"        [_thread_blocked, id=10816, stack(0x000000e3d6700000,0x000000e3d6800000) (1024K)]
  0x0000021063559cd0 JavaThread "Unconstrained build operations Thread 64"        [_thread_blocked, id=30600, stack(0x000000e3d6800000,0x000000e3d6900000) (1024K)]
  0x000002106c6b6210 JavaThread "Unconstrained build operations Thread 65"        [_thread_blocked, id=25192, stack(0x000000e3d6900000,0x000000e3d6a00000) (1024K)]
  0x000002106c6b68a0 JavaThread "Unconstrained build operations Thread 66"        [_thread_blocked, id=18940, stack(0x000000e3d6a00000,0x000000e3d6b00000) (1024K)]
  0x000002106c6b3420 JavaThread "Unconstrained build operations Thread 67"        [_thread_blocked, id=28632, stack(0x000000e3d6b00000,0x000000e3d6c00000) (1024K)]
  0x000002106c6b9000 JavaThread "Unconstrained build operations Thread 68"        [_thread_blocked, id=22948, stack(0x000000e3d6c00000,0x000000e3d6d00000) (1024K)]
  0x000002106c6b75c0 JavaThread "Unconstrained build operations Thread 69"        [_thread_blocked, id=22108, stack(0x000000e3d6d00000,0x000000e3d6e00000) (1024K)]
  0x000002106c6ba3b0 JavaThread "Unconstrained build operations Thread 70"        [_thread_blocked, id=30536, stack(0x000000e3d6e00000,0x000000e3d6f00000) (1024K)]
  0x000002106c6b9690 JavaThread "Unconstrained build operations Thread 71"        [_thread_blocked, id=9804, stack(0x000000e3d6f00000,0x000000e3d7000000) (1024K)]
  0x000002106c6b7c50 JavaThread "Unconstrained build operations Thread 72"        [_thread_blocked, id=20084, stack(0x000000e3d7000000,0x000000e3d7100000) (1024K)]
  0x000002106c6b9d20 JavaThread "Unconstrained build operations Thread 73"        [_thread_blocked, id=20592, stack(0x000000e3d7100000,0x000000e3d7200000) (1024K)]
  0x000002106c6b82e0 JavaThread "Unconstrained build operations Thread 74"        [_thread_blocked, id=24124, stack(0x000000e3d7200000,0x000000e3d7300000) (1024K)]
  0x000002106c6b6f30 JavaThread "Unconstrained build operations Thread 75"        [_thread_blocked, id=30784, stack(0x000000e3d7300000,0x000000e3d7400000) (1024K)]
  0x000002106c6bc480 JavaThread "Unconstrained build operations Thread 76"        [_thread_blocked, id=26200, stack(0x000000e3d7400000,0x000000e3d7500000) (1024K)]
  0x000002106c6bd1a0 JavaThread "Unconstrained build operations Thread 77"        [_thread_blocked, id=26468, stack(0x000000e3d7500000,0x000000e3d7600000) (1024K)]
  0x000002106c6baa40 JavaThread "Unconstrained build operations Thread 78"        [_thread_blocked, id=5392, stack(0x000000e3d7600000,0x000000e3d7700000) (1024K)]
  0x000002106c6be550 JavaThread "Unconstrained build operations Thread 79"        [_thread_blocked, id=25612, stack(0x000000e3d7700000,0x000000e3d7800000) (1024K)]
  0x000002106c6bd830 JavaThread "Unconstrained build operations Thread 80"        [_thread_blocked, id=1984, stack(0x000000e3d7800000,0x000000e3d7900000) (1024K)]
  0x000002106c6bb0d0 JavaThread "Unconstrained build operations Thread 81"        [_thread_blocked, id=16124, stack(0x000000e3d7900000,0x000000e3d7a00000) (1024K)]
  0x000002106c6bbdf0 JavaThread "Unconstrained build operations Thread 82"        [_thread_blocked, id=27660, stack(0x000000e3d7a00000,0x000000e3d7b00000) (1024K)]
  0x000002106c6bdec0 JavaThread "Unconstrained build operations Thread 83"        [_thread_blocked, id=3248, stack(0x000000e3d7b00000,0x000000e3d7c00000) (1024K)]
  0x000002106c6bebe0 JavaThread "Unconstrained build operations Thread 84"        [_thread_blocked, id=2024, stack(0x000000e3d7c00000,0x000000e3d7d00000) (1024K)]
  0x000002106c6bcb10 JavaThread "Unconstrained build operations Thread 85"        [_thread_blocked, id=22836, stack(0x000000e3d7d00000,0x000000e3d7e00000) (1024K)]
  0x000002106c6bb760 JavaThread "Unconstrained build operations Thread 86"        [_thread_blocked, id=1312, stack(0x000000e3d7e00000,0x000000e3d7f00000) (1024K)]
  0x000002106c6bf900 JavaThread "Unconstrained build operations Thread 87"        [_thread_blocked, id=14408, stack(0x000000e3d7f00000,0x000000e3d8000000) (1024K)]
  0x000002106c6bff90 JavaThread "Unconstrained build operations Thread 88"        [_thread_blocked, id=26020, stack(0x000000e3d8000000,0x000000e3d8100000) (1024K)]
  0x000002106c6c19d0 JavaThread "Unconstrained build operations Thread 89"        [_thread_blocked, id=28184, stack(0x000000e3d8100000,0x000000e3d8200000) (1024K)]
  0x000002106c6c0620 JavaThread "Unconstrained build operations Thread 90"        [_thread_blocked, id=25256, stack(0x000000e3d8200000,0x000000e3d8300000) (1024K)]
  0x000002106c6c0cb0 JavaThread "Unconstrained build operations Thread 91"        [_thread_blocked, id=11456, stack(0x000000e3d8300000,0x000000e3d8400000) (1024K)]
  0x000002106c6c1340 JavaThread "Unconstrained build operations Thread 92"        [_thread_blocked, id=30768, stack(0x000000e3d8400000,0x000000e3d8500000) (1024K)]
  0x0000021062683d60 JavaThread "Unconstrained build operations Thread 93"        [_thread_blocked, id=21088, stack(0x000000e3d8500000,0x000000e3d8600000) (1024K)]
  0x00000210626808e0 JavaThread "Unconstrained build operations Thread 94"        [_thread_blocked, id=25904, stack(0x000000e3d8600000,0x000000e3d8700000) (1024K)]
  0x0000021062680f70 JavaThread "Unconstrained build operations Thread 95"        [_thread_blocked, id=25628, stack(0x000000e3d8700000,0x000000e3d8800000) (1024K)]
  0x00000210626829b0 JavaThread "Unconstrained build operations Thread 96"        [_thread_blocked, id=26880, stack(0x000000e3d8800000,0x000000e3d8900000) (1024K)]
  0x0000021062681c90 JavaThread "Unconstrained build operations Thread 97"        [_thread_blocked, id=25480, stack(0x000000e3d8900000,0x000000e3d8a00000) (1024K)]
  0x0000021062683040 JavaThread "Unconstrained build operations Thread 98"        [_thread_blocked, id=7608, stack(0x000000e3d8a00000,0x000000e3d8b00000) (1024K)]
  0x00000210626843f0 JavaThread "Unconstrained build operations Thread 99"        [_thread_blocked, id=18828, stack(0x000000e3d8b00000,0x000000e3d8c00000) (1024K)]
  0x00000210626836d0 JavaThread "Unconstrained build operations Thread 100"        [_thread_blocked, id=16440, stack(0x000000e3d8c00000,0x000000e3d8d00000) (1024K)]
  0x0000021062684a80 JavaThread "Unconstrained build operations Thread 101"        [_thread_blocked, id=10344, stack(0x000000e3d8d00000,0x000000e3d8e00000) (1024K)]
  0x0000021062681600 JavaThread "Unconstrained build operations Thread 102"        [_thread_blocked, id=29808, stack(0x000000e3d8e00000,0x000000e3d8f00000) (1024K)]
  0x00000210626864c0 JavaThread "Unconstrained build operations Thread 103"        [_thread_blocked, id=18564, stack(0x000000e3d8f00000,0x000000e3d9000000) (1024K)]
  0x00000210626871e0 JavaThread "Unconstrained build operations Thread 104"        [_thread_blocked, id=16776, stack(0x000000e3d9000000,0x000000e3d9100000) (1024K)]
  0x0000021062687870 JavaThread "Unconstrained build operations Thread 105"        [_thread_blocked, id=16200, stack(0x000000e3d9100000,0x000000e3d9200000) (1024K)]
  0x0000021062687f00 JavaThread "Unconstrained build operations Thread 106"        [_thread_blocked, id=28836, stack(0x000000e3d9200000,0x000000e3d9300000) (1024K)]
  0x0000021062685e30 JavaThread "Unconstrained build operations Thread 107"        [_thread_blocked, id=2584, stack(0x000000e3d9300000,0x000000e3d9400000) (1024K)]
  0x0000021062688590 JavaThread "Unconstrained build operations Thread 108"        [_thread_blocked, id=26044, stack(0x000000e3d9400000,0x000000e3d9500000) (1024K)]
  0x0000021062685110 JavaThread "Unconstrained build operations Thread 109"        [_thread_blocked, id=5868, stack(0x000000e3d9500000,0x000000e3d9600000) (1024K)]
  0x0000021062686b50 JavaThread "Unconstrained build operations Thread 110"        [_thread_blocked, id=29028, stack(0x000000e3d9600000,0x000000e3d9700000) (1024K)]
  0x0000021062688c20 JavaThread "Unconstrained build operations Thread 111"        [_thread_blocked, id=13940, stack(0x000000e3d9700000,0x000000e3d9800000) (1024K)]
  0x00000210626857a0 JavaThread "Unconstrained build operations Thread 112"        [_thread_blocked, id=20732, stack(0x000000e3d9800000,0x000000e3d9900000) (1024K)]
  0x000002106268b380 JavaThread "Unconstrained build operations Thread 113"        [_thread_blocked, id=30924, stack(0x000000e3d9900000,0x000000e3d9a00000) (1024K)]
Total: 177

Other Threads:
  0x000002105a62cd80 VMThread "VM Thread"                           [id=16548, stack(0x000000e3cdd00000,0x000000e3cde00000) (1024K)]
  0x000002105a5e09d0 WatcherThread "VM Periodic Task Thread"        [id=1404, stack(0x000000e3cdc00000,0x000000e3cdd00000) (1024K)]
  0x0000021042a638d0 WorkerThread "GC Thread#0"                     [id=19116, stack(0x000000e3cd700000,0x000000e3cd800000) (1024K)]
  0x000002105f438de0 WorkerThread "GC Thread#1"                     [id=27048, stack(0x000000e3cea00000,0x000000e3ceb00000) (1024K)]
  0x000002105f439190 WorkerThread "GC Thread#2"                     [id=21236, stack(0x000000e3ceb00000,0x000000e3cec00000) (1024K)]
  0x000002105f439540 WorkerThread "GC Thread#3"                     [id=19196, stack(0x000000e3cec00000,0x000000e3ced00000) (1024K)]
  0x000002105f395150 WorkerThread "GC Thread#4"                     [id=29544, stack(0x000000e3ced00000,0x000000e3cee00000) (1024K)]
  0x000002105f395500 WorkerThread "GC Thread#5"                     [id=1792, stack(0x000000e3cee00000,0x000000e3cef00000) (1024K)]
  0x00000210614b3a00 WorkerThread "GC Thread#6"                     [id=18508, stack(0x000000e3cf400000,0x000000e3cf500000) (1024K)]
  0x000002106145c3a0 WorkerThread "GC Thread#7"                     [id=29576, stack(0x000000e3cf500000,0x000000e3cf600000) (1024K)]
  0x000002106144bab0 WorkerThread "GC Thread#8"                     [id=6512, stack(0x000000e3cf600000,0x000000e3cf700000) (1024K)]
  0x000002106144d880 WorkerThread "GC Thread#9"                     [id=21604, stack(0x000000e3cf700000,0x000000e3cf800000) (1024K)]
  0x0000021042a747d0 ConcurrentGCThread "G1 Main Marker"            [id=24668, stack(0x000000e3cd800000,0x000000e3cd900000) (1024K)]
  0x0000021042a751f0 WorkerThread "G1 Conc#0"                       [id=14440, stack(0x000000e3cd900000,0x000000e3cda00000) (1024K)]
  0x000002106144beb0 WorkerThread "G1 Conc#1"                       [id=23788, stack(0x000000e3cf800000,0x000000e3cf900000) (1024K)]
  0x000002106144c260 WorkerThread "G1 Conc#2"                       [id=452, stack(0x000000e3cf900000,0x000000e3cfa00000) (1024K)]
  0x000002105a0261a0 ConcurrentGCThread "G1 Refine#0"               [id=24840, stack(0x000000e3cda00000,0x000000e3cdb00000) (1024K)]
  0x000002105a027ae0 ConcurrentGCThread "G1 Service"                [id=2476, stack(0x000000e3cdb00000,0x000000e3cdc00000) (1024K)]
Total: 18

Threads with active compile tasks:
C2 CompilerThread0  18835 14960       4       org.gradle.tooling.internal.adapter.ProtocolToModelAdapter$SafeMethodInvoker::invoke (118 bytes)
C1 CompilerThread0  18835 15079       3       kotlin.reflect.jvm.internal.impl.metadata.jvm.JvmProtoBuf$JvmMethodSignature$1::parsePartialFrom (7 bytes)
C2 CompilerThread1  18835 14972       4       org.gradle.tooling.internal.adapter.ProtocolToModelAdapter$PropertyCachingMethodInvoker::invoke (110 bytes)
C2 CompilerThread2  18835 14954       4       org.gradle.tooling.internal.adapter.ProtocolToModelAdapter$InvocationHandlerImpl::invoke (176 bytes)
Total: 4

VM state: not at safepoint (normal execution)

VM Mutex/Monitor currently owned by a thread:  ([mutex/lock_event])
[0x00007ffa35a07050] CompiledIC_lock - owner thread: 0x0000000000000000

Heap address: 0x0000000080000000, size: 2048 MB, Compressed Oops mode: 32-bit

CDS archive(s) not mapped
Compressed class space mapped at: 0x0000000100000000-0x0000000140000000, reserved size: 1073741824
Narrow klass base: 0x0000000000000000, Narrow klass shift: 3, Narrow klass range: 0x140000000

GC Precious Log:
 CardTable entry size: 512
 Card Set container configuration: InlinePtr #cards 5 size 8 Array Of Cards #cards 12 size 40 Howl #buckets 4 coarsen threshold 1843 Howl Bitmap #cards 512 size 80 coarsen threshold 460 Card regions per heap region 1 cards per card region 2048
 CPUs: 12 total, 12 available
 Memory: 16067M
 Large Page Support: Disabled
 NUMA Support: Disabled
 Compressed Oops: Enabled (32-bit)
 Heap Region Size: 1M
 Heap Min Capacity: 8M
 Heap Initial Capacity: 252M
 Heap Max Capacity: 2G
 Pre-touch: Disabled
 Parallel Workers: 10
 Concurrent Workers: 3
 Concurrent Refinement Workers: 10
 Periodic GC: Disabled

Heap:
 garbage-first heap   total 263168K, used 205232K [0x0000000080000000, 0x0000000100000000)
  region size 1024K, 52 young (53248K), 10 survivors (10240K)
 Metaspace       used 138668K, committed 140992K, reserved 1179648K
  class space    used 18997K, committed 20096K, reserved 1048576K

Heap Regions: E=young(eden), S=young(survivor), O=old, HS=humongous(starts), HC=humongous(continues), CS=collection set, F=free, TAMS=top-at-mark-start, PB=parsable bottom
|   0|0x0000000080000000, 0x0000000080100000, 0x0000000080100000|100%|HS|  |TAMS 0x0000000080000000| PB 0x0000000080000000| Complete 
|   1|0x0000000080100000, 0x0000000080200000, 0x0000000080200000|100%|HC|  |TAMS 0x0000000080100000| PB 0x0000000080100000| Complete 
|   2|0x0000000080200000, 0x0000000080300000, 0x0000000080300000|100%|HC|  |TAMS 0x0000000080200000| PB 0x0000000080200000| Complete 
|   3|0x0000000080300000, 0x0000000080400000, 0x0000000080400000|100%| O|  |TAMS 0x0000000080300000| PB 0x0000000080300000| Untracked 
|   4|0x0000000080400000, 0x0000000080500000, 0x0000000080500000|100%| O|  |TAMS 0x0000000080400000| PB 0x0000000080400000| Untracked 
|   5|0x0000000080500000, 0x0000000080600000, 0x0000000080600000|100%| O|  |TAMS 0x0000000080500000| PB 0x0000000080500000| Untracked 
|   6|0x0000000080600000, 0x0000000080700000, 0x0000000080700000|100%|HS|  |TAMS 0x0000000080600000| PB 0x0000000080600000| Complete 
|   7|0x0000000080700000, 0x0000000080800000, 0x0000000080800000|100%| O|  |TAMS 0x0000000080700000| PB 0x0000000080700000| Untracked 
|   8|0x0000000080800000, 0x0000000080900000, 0x0000000080900000|100%| O|  |TAMS 0x0000000080800000| PB 0x0000000080800000| Untracked 
|   9|0x0000000080900000, 0x0000000080a00000, 0x0000000080a00000|100%| O|  |TAMS 0x0000000080900000| PB 0x0000000080900000| Untracked 
|  10|0x0000000080a00000, 0x0000000080b00000, 0x0000000080b00000|100%| O|  |TAMS 0x0000000080a00000| PB 0x0000000080a00000| Untracked 
|  11|0x0000000080b00000, 0x0000000080c00000, 0x0000000080c00000|100%| O|  |TAMS 0x0000000080b00000| PB 0x0000000080b00000| Untracked 
|  12|0x0000000080c00000, 0x0000000080d00000, 0x0000000080d00000|100%| O|  |TAMS 0x0000000080c00000| PB 0x0000000080c00000| Untracked 
|  13|0x0000000080d00000, 0x0000000080e00000, 0x0000000080e00000|100%| O|  |TAMS 0x0000000080d00000| PB 0x0000000080d00000| Untracked 
|  14|0x0000000080e00000, 0x0000000080f00000, 0x0000000080f00000|100%| O|  |TAMS 0x0000000080e00000| PB 0x0000000080e00000| Untracked 
|  15|0x0000000080f00000, 0x0000000081000000, 0x0000000081000000|100%| O|  |TAMS 0x0000000080f00000| PB 0x0000000080f00000| Untracked 
|  16|0x0000000081000000, 0x0000000081100000, 0x0000000081100000|100%|HS|  |TAMS 0x0000000081000000| PB 0x0000000081000000| Complete 
|  17|0x0000000081100000, 0x0000000081200000, 0x0000000081200000|100%|HC|  |TAMS 0x0000000081100000| PB 0x0000000081100000| Complete 
|  18|0x0000000081200000, 0x0000000081300000, 0x0000000081300000|100%|HC|  |TAMS 0x0000000081200000| PB 0x0000000081200000| Complete 
|  19|0x0000000081300000, 0x0000000081400000, 0x0000000081400000|100%|HC|  |TAMS 0x0000000081300000| PB 0x0000000081300000| Complete 
|  20|0x0000000081400000, 0x0000000081500000, 0x0000000081500000|100%|HC|  |TAMS 0x0000000081400000| PB 0x0000000081400000| Complete 
|  21|0x0000000081500000, 0x0000000081600000, 0x0000000081600000|100%|HC|  |TAMS 0x0000000081500000| PB 0x0000000081500000| Complete 
|  22|0x0000000081600000, 0x0000000081700000, 0x0000000081700000|100%|HS|  |TAMS 0x0000000081600000| PB 0x0000000081600000| Complete 
|  23|0x0000000081700000, 0x0000000081800000, 0x0000000081800000|100%|HC|  |TAMS 0x0000000081700000| PB 0x0000000081700000| Complete 
|  24|0x0000000081800000, 0x0000000081900000, 0x0000000081900000|100%|HS|  |TAMS 0x0000000081800000| PB 0x0000000081800000| Complete 
|  25|0x0000000081900000, 0x0000000081a00000, 0x0000000081a00000|100%|HS|  |TAMS 0x0000000081900000| PB 0x0000000081900000| Complete 
|  26|0x0000000081a00000, 0x0000000081b00000, 0x0000000081b00000|100%|HC|  |TAMS 0x0000000081a00000| PB 0x0000000081a00000| Complete 
|  27|0x0000000081b00000, 0x0000000081c00000, 0x0000000081c00000|100%|HC|  |TAMS 0x0000000081b00000| PB 0x0000000081b00000| Complete 
|  28|0x0000000081c00000, 0x0000000081d00000, 0x0000000081d00000|100%|HC|  |TAMS 0x0000000081c00000| PB 0x0000000081c00000| Complete 
|  29|0x0000000081d00000, 0x0000000081e00000, 0x0000000081e00000|100%|HC|  |TAMS 0x0000000081d00000| PB 0x0000000081d00000| Complete 
|  30|0x0000000081e00000, 0x0000000081f00000, 0x0000000081f00000|100%|HC|  |TAMS 0x0000000081e00000| PB 0x0000000081e00000| Complete 
|  31|0x0000000081f00000, 0x0000000082000000, 0x0000000082000000|100%|HS|  |TAMS 0x0000000081f00000| PB 0x0000000081f00000| Complete 
|  32|0x0000000082000000, 0x0000000082100000, 0x0000000082100000|100%|HC|  |TAMS 0x0000000082000000| PB 0x0000000082000000| Complete 
|  33|0x0000000082100000, 0x0000000082200000, 0x0000000082200000|100%|HS|  |TAMS 0x0000000082100000| PB 0x0000000082100000| Complete 
|  34|0x0000000082200000, 0x0000000082300000, 0x0000000082300000|100%| O|  |TAMS 0x0000000082200000| PB 0x0000000082200000| Untracked 
|  35|0x0000000082300000, 0x0000000082400000, 0x0000000082400000|100%| O|  |TAMS 0x0000000082300000| PB 0x0000000082300000| Untracked 
|  36|0x0000000082400000, 0x0000000082500000, 0x0000000082500000|100%| O|  |TAMS 0x0000000082400000| PB 0x0000000082400000| Untracked 
|  37|0x0000000082500000, 0x0000000082600000, 0x0000000082600000|100%| O|  |TAMS 0x0000000082500000| PB 0x0000000082500000| Untracked 
|  38|0x0000000082600000, 0x0000000082700000, 0x0000000082700000|100%| O|  |TAMS 0x0000000082600000| PB 0x0000000082600000| Untracked 
|  39|0x0000000082700000, 0x0000000082800000, 0x0000000082800000|100%| O|  |TAMS 0x0000000082700000| PB 0x0000000082700000| Untracked 
|  40|0x0000000082800000, 0x0000000082900000, 0x0000000082900000|100%| O|  |TAMS 0x0000000082800000| PB 0x0000000082800000| Untracked 
|  41|0x0000000082900000, 0x0000000082a00000, 0x0000000082a00000|100%| O|  |TAMS 0x0000000082900000| PB 0x0000000082900000| Untracked 
|  42|0x0000000082a00000, 0x0000000082b00000, 0x0000000082b00000|100%| O|  |TAMS 0x0000000082a00000| PB 0x0000000082a00000| Untracked 
|  43|0x0000000082b00000, 0x0000000082c00000, 0x0000000082c00000|100%|HS|  |TAMS 0x0000000082b00000| PB 0x0000000082b00000| Complete 
|  44|0x0000000082c00000, 0x0000000082d00000, 0x0000000082d00000|100%|HC|  |TAMS 0x0000000082c00000| PB 0x0000000082c00000| Complete 
|  45|0x0000000082d00000, 0x0000000082e00000, 0x0000000082e00000|100%| O|  |TAMS 0x0000000082d00000| PB 0x0000000082d00000| Untracked 
|  46|0x0000000082e00000, 0x0000000082f00000, 0x0000000082f00000|100%| O|  |TAMS 0x0000000082e00000| PB 0x0000000082e00000| Untracked 
|  47|0x0000000082f00000, 0x0000000083000000, 0x0000000083000000|100%| O|  |TAMS 0x0000000082f00000| PB 0x0000000082f00000| Untracked 
|  48|0x0000000083000000, 0x0000000083100000, 0x0000000083100000|100%| O|  |TAMS 0x0000000083000000| PB 0x0000000083000000| Untracked 
|  49|0x0000000083100000, 0x0000000083200000, 0x0000000083200000|100%| O|  |TAMS 0x0000000083100000| PB 0x0000000083100000| Untracked 
|  50|0x0000000083200000, 0x0000000083300000, 0x0000000083300000|100%| O|  |TAMS 0x0000000083200000| PB 0x0000000083200000| Untracked 
|  51|0x0000000083300000, 0x0000000083400000, 0x0000000083400000|100%| O|  |TAMS 0x0000000083300000| PB 0x0000000083300000| Untracked 
|  52|0x0000000083400000, 0x0000000083500000, 0x0000000083500000|100%| O|  |TAMS 0x0000000083400000| PB 0x0000000083400000| Untracked 
|  53|0x0000000083500000, 0x0000000083600000, 0x0000000083600000|100%| O|  |TAMS 0x0000000083500000| PB 0x0000000083500000| Untracked 
|  54|0x0000000083600000, 0x0000000083700000, 0x0000000083700000|100%| O|  |TAMS 0x0000000083600000| PB 0x0000000083600000| Untracked 
|  55|0x0000000083700000, 0x0000000083800000, 0x0000000083800000|100%| O|  |TAMS 0x0000000083700000| PB 0x0000000083700000| Untracked 
|  56|0x0000000083800000, 0x0000000083900000, 0x0000000083900000|100%| O|  |TAMS 0x0000000083800000| PB 0x0000000083800000| Untracked 
|  57|0x0000000083900000, 0x0000000083a00000, 0x0000000083a00000|100%| O|Cm|TAMS 0x0000000083900000| PB 0x0000000083900000| Complete 
|  58|0x0000000083a00000, 0x0000000083b00000, 0x0000000083b00000|100%| O|  |TAMS 0x0000000083a00000| PB 0x0000000083a00000| Untracked 
|  59|0x0000000083b00000, 0x0000000083c00000, 0x0000000083c00000|100%| O|  |TAMS 0x0000000083b00000| PB 0x0000000083b00000| Untracked 
|  60|0x0000000083c00000, 0x0000000083d00000, 0x0000000083d00000|100%| O|  |TAMS 0x0000000083c00000| PB 0x0000000083c00000| Untracked 
|  61|0x0000000083d00000, 0x0000000083e00000, 0x0000000083e00000|100%| O|  |TAMS 0x0000000083d00000| PB 0x0000000083d00000| Untracked 
|  62|0x0000000083e00000, 0x0000000083f00000, 0x0000000083f00000|100%| O|  |TAMS 0x0000000083e00000| PB 0x0000000083e00000| Untracked 
|  63|0x0000000083f00000, 0x0000000084000000, 0x0000000084000000|100%| O|  |TAMS 0x0000000083f00000| PB 0x0000000083f00000| Untracked 
|  64|0x0000000084000000, 0x0000000084100000, 0x0000000084100000|100%| O|  |TAMS 0x0000000084000000| PB 0x0000000084000000| Untracked 
|  65|0x0000000084100000, 0x0000000084200000, 0x0000000084200000|100%| O|  |TAMS 0x0000000084100000| PB 0x0000000084100000| Untracked 
|  66|0x0000000084200000, 0x0000000084300000, 0x0000000084300000|100%| O|  |TAMS 0x0000000084200000| PB 0x0000000084200000| Untracked 
|  67|0x0000000084300000, 0x0000000084400000, 0x0000000084400000|100%| O|  |TAMS 0x0000000084300000| PB 0x0000000084300000| Untracked 
|  68|0x0000000084400000, 0x0000000084500000, 0x0000000084500000|100%| O|  |TAMS 0x0000000084400000| PB 0x0000000084400000| Untracked 
|  69|0x0000000084500000, 0x0000000084600000, 0x0000000084600000|100%| O|  |TAMS 0x0000000084500000| PB 0x0000000084500000| Untracked 
|  70|0x0000000084600000, 0x0000000084700000, 0x0000000084700000|100%|HS|  |TAMS 0x0000000084600000| PB 0x0000000084600000| Complete 
|  71|0x0000000084700000, 0x0000000084800000, 0x0000000084800000|100%|HS|  |TAMS 0x0000000084700000| PB 0x0000000084700000| Complete 
|  72|0x0000000084800000, 0x0000000084900000, 0x0000000084900000|100%|HS|  |TAMS 0x0000000084800000| PB 0x0000000084800000| Complete 
|  73|0x0000000084900000, 0x0000000084a00000, 0x0000000084a00000|100%|HC|  |TAMS 0x0000000084900000| PB 0x0000000084900000| Complete 
|  74|0x0000000084a00000, 0x0000000084b00000, 0x0000000084b00000|100%| O|  |TAMS 0x0000000084a00000| PB 0x0000000084a00000| Untracked 
|  75|0x0000000084b00000, 0x0000000084c00000, 0x0000000084c00000|100%|HS|  |TAMS 0x0000000084b00000| PB 0x0000000084b00000| Complete 
|  76|0x0000000084c00000, 0x0000000084d00000, 0x0000000084d00000|100%| O|  |TAMS 0x0000000084c00000| PB 0x0000000084c00000| Untracked 
|  77|0x0000000084d00000, 0x0000000084e00000, 0x0000000084e00000|100%|HS|  |TAMS 0x0000000084d00000| PB 0x0000000084d00000| Complete 
|  78|0x0000000084e00000, 0x0000000084f00000, 0x0000000084f00000|100%|HC|  |TAMS 0x0000000084e00000| PB 0x0000000084e00000| Complete 
|  79|0x0000000084f00000, 0x0000000085000000, 0x0000000085000000|100%|HS|  |TAMS 0x0000000084f00000| PB 0x0000000084f00000| Complete 
|  80|0x0000000085000000, 0x0000000085100000, 0x0000000085100000|100%|HS|  |TAMS 0x0000000085000000| PB 0x0000000085000000| Complete 
|  81|0x0000000085100000, 0x0000000085200000, 0x0000000085200000|100%|HC|  |TAMS 0x0000000085100000| PB 0x0000000085100000| Complete 
|  82|0x0000000085200000, 0x0000000085300000, 0x0000000085300000|100%|HC|  |TAMS 0x0000000085200000| PB 0x0000000085200000| Complete 
|  83|0x0000000085300000, 0x0000000085400000, 0x0000000085400000|100%|HS|  |TAMS 0x0000000085300000| PB 0x0000000085300000| Complete 
|  84|0x0000000085400000, 0x0000000085500000, 0x0000000085500000|100%| O|  |TAMS 0x0000000085400000| PB 0x0000000085400000| Untracked 
|  85|0x0000000085500000, 0x0000000085600000, 0x0000000085600000|100%| O|  |TAMS 0x0000000085500000| PB 0x0000000085500000| Untracked 
|  86|0x0000000085600000, 0x0000000085700000, 0x0000000085700000|100%| O|  |TAMS 0x0000000085600000| PB 0x0000000085600000| Untracked 
|  87|0x0000000085700000, 0x0000000085800000, 0x0000000085800000|100%| O|  |TAMS 0x0000000085700000| PB 0x0000000085700000| Untracked 
|  88|0x0000000085800000, 0x0000000085900000, 0x0000000085900000|100%| O|  |TAMS 0x0000000085800000| PB 0x0000000085800000| Untracked 
|  89|0x0000000085900000, 0x0000000085a00000, 0x0000000085a00000|100%|HS|  |TAMS 0x0000000085900000| PB 0x0000000085900000| Complete 
|  90|0x0000000085a00000, 0x0000000085b00000, 0x0000000085b00000|100%| O|  |TAMS 0x0000000085a00000| PB 0x0000000085a00000| Untracked 
|  91|0x0000000085b00000, 0x0000000085c00000, 0x0000000085c00000|100%| O|  |TAMS 0x0000000085b00000| PB 0x0000000085b00000| Untracked 
|  92|0x0000000085c00000, 0x0000000085d00000, 0x0000000085d00000|100%| O|  |TAMS 0x0000000085c00000| PB 0x0000000085c00000| Untracked 
|  93|0x0000000085d00000, 0x0000000085e00000, 0x0000000085e00000|100%| O|  |TAMS 0x0000000085d00000| PB 0x0000000085d00000| Untracked 
|  94|0x0000000085e00000, 0x0000000085f00000, 0x0000000085f00000|100%|HS|  |TAMS 0x0000000085e00000| PB 0x0000000085e00000| Complete 
|  95|0x0000000085f00000, 0x0000000086000000, 0x0000000086000000|100%| O|  |TAMS 0x0000000085f00000| PB 0x0000000085f00000| Untracked 
|  96|0x0000000086000000, 0x0000000086100000, 0x0000000086100000|100%| O|  |TAMS 0x0000000086000000| PB 0x0000000086000000| Untracked 
|  97|0x0000000086100000, 0x0000000086200000, 0x0000000086200000|100%| O|  |TAMS 0x0000000086100000| PB 0x0000000086100000| Untracked 
|  98|0x0000000086200000, 0x0000000086300000, 0x0000000086300000|100%| O|  |TAMS 0x0000000086200000| PB 0x0000000086200000| Untracked 
|  99|0x0000000086300000, 0x0000000086400000, 0x0000000086400000|100%| O|  |TAMS 0x0000000086300000| PB 0x0000000086300000| Untracked 
| 100|0x0000000086400000, 0x0000000086500000, 0x0000000086500000|100%|HS|  |TAMS 0x0000000086400000| PB 0x0000000086400000| Complete 
| 101|0x0000000086500000, 0x0000000086600000, 0x0000000086600000|100%|HC|  |TAMS 0x0000000086500000| PB 0x0000000086500000| Complete 
| 102|0x0000000086600000, 0x0000000086700000, 0x0000000086700000|100%|HC|  |TAMS 0x0000000086600000| PB 0x0000000086600000| Complete 
| 103|0x0000000086700000, 0x0000000086800000, 0x0000000086800000|100%| O|  |TAMS 0x0000000086700000| PB 0x0000000086700000| Untracked 
| 104|0x0000000086800000, 0x0000000086900000, 0x0000000086900000|100%| O|  |TAMS 0x0000000086800000| PB 0x0000000086800000| Untracked 
| 105|0x0000000086900000, 0x0000000086a00000, 0x0000000086a00000|100%| O|  |TAMS 0x0000000086900000| PB 0x0000000086900000| Untracked 
| 106|0x0000000086a00000, 0x0000000086b00000, 0x0000000086b00000|100%| O|  |TAMS 0x0000000086a00000| PB 0x0000000086a00000| Untracked 
| 107|0x0000000086b00000, 0x0000000086c00000, 0x0000000086c00000|100%| O|  |TAMS 0x0000000086b00000| PB 0x0000000086b00000| Untracked 
| 108|0x0000000086c00000, 0x0000000086d00000, 0x0000000086d00000|100%| O|  |TAMS 0x0000000086c00000| PB 0x0000000086c00000| Untracked 
| 109|0x0000000086d00000, 0x0000000086e00000, 0x0000000086e00000|100%| O|  |TAMS 0x0000000086d00000| PB 0x0000000086d00000| Untracked 
| 110|0x0000000086e00000, 0x0000000086f00000, 0x0000000086f00000|100%| O|  |TAMS 0x0000000086e00000| PB 0x0000000086e00000| Untracked 
| 111|0x0000000086f00000, 0x0000000087000000, 0x0000000087000000|100%| O|  |TAMS 0x0000000086f00000| PB 0x0000000086f00000| Untracked 
| 112|0x0000000087000000, 0x0000000087100000, 0x0000000087100000|100%| O|  |TAMS 0x0000000087000000| PB 0x0000000087000000| Untracked 
| 113|0x0000000087100000, 0x0000000087200000, 0x0000000087200000|100%| O|  |TAMS 0x0000000087100000| PB 0x0000000087100000| Untracked 
| 114|0x0000000087200000, 0x0000000087300000, 0x0000000087300000|100%| O|  |TAMS 0x0000000087200000| PB 0x0000000087200000| Untracked 
| 115|0x0000000087300000, 0x0000000087400000, 0x0000000087400000|100%|HS|  |TAMS 0x0000000087300000| PB 0x0000000087300000| Complete 
| 116|0x0000000087400000, 0x0000000087500000, 0x0000000087500000|100%|HC|  |TAMS 0x0000000087400000| PB 0x0000000087400000| Complete 
| 117|0x0000000087500000, 0x0000000087600000, 0x0000000087600000|100%| O|  |TAMS 0x0000000087500000| PB 0x0000000087500000| Untracked 
| 118|0x0000000087600000, 0x0000000087700000, 0x0000000087700000|100%| O|  |TAMS 0x0000000087600000| PB 0x0000000087600000| Untracked 
| 119|0x0000000087700000, 0x0000000087800000, 0x0000000087800000|100%| O|  |TAMS 0x0000000087700000| PB 0x0000000087700000| Untracked 
| 120|0x0000000087800000, 0x0000000087900000, 0x0000000087900000|100%| O|Cm|TAMS 0x0000000087800000| PB 0x0000000087800000| Complete 
| 121|0x0000000087900000, 0x000000008796c370, 0x0000000087a00000| 42%| O|  |TAMS 0x0000000087900000| PB 0x0000000087900000| Untracked 
| 122|0x0000000087a00000, 0x0000000087a00000, 0x0000000087b00000|  0%| F|  |TAMS 0x0000000087a00000| PB 0x0000000087a00000| Untracked 
| 123|0x0000000087b00000, 0x0000000087c00000, 0x0000000087c00000|100%| O|  |TAMS 0x0000000087b00000| PB 0x0000000087b00000| Untracked 
| 124|0x0000000087c00000, 0x0000000087d00000, 0x0000000087d00000|100%| O|  |TAMS 0x0000000087c00000| PB 0x0000000087c00000| Untracked 
| 125|0x0000000087d00000, 0x0000000087e00000, 0x0000000087e00000|100%| O|  |TAMS 0x0000000087d00000| PB 0x0000000087d00000| Untracked 
| 126|0x0000000087e00000, 0x0000000087f00000, 0x0000000087f00000|100%| O|  |TAMS 0x0000000087e00000| PB 0x0000000087e00000| Untracked 
| 127|0x0000000087f00000, 0x0000000088000000, 0x0000000088000000|100%| O|  |TAMS 0x0000000087f00000| PB 0x0000000087f00000| Untracked 
| 128|0x0000000088000000, 0x0000000088100000, 0x0000000088100000|100%| O|  |TAMS 0x0000000088000000| PB 0x0000000088000000| Untracked 
| 129|0x0000000088100000, 0x0000000088200000, 0x0000000088200000|100%| O|  |TAMS 0x0000000088100000| PB 0x0000000088100000| Untracked 
| 130|0x0000000088200000, 0x0000000088300000, 0x0000000088300000|100%| O|  |TAMS 0x0000000088200000| PB 0x0000000088200000| Untracked 
| 131|0x0000000088300000, 0x0000000088400000, 0x0000000088400000|100%| O|  |TAMS 0x0000000088300000| PB 0x0000000088300000| Untracked 
| 132|0x0000000088400000, 0x0000000088500000, 0x0000000088500000|100%| O|  |TAMS 0x0000000088400000| PB 0x0000000088400000| Untracked 
| 133|0x0000000088500000, 0x0000000088600000, 0x0000000088600000|100%| O|  |TAMS 0x0000000088500000| PB 0x0000000088500000| Untracked 
| 134|0x0000000088600000, 0x0000000088700000, 0x0000000088700000|100%| O|Cm|TAMS 0x0000000088600000| PB 0x0000000088600000| Complete 
| 135|0x0000000088700000, 0x0000000088800000, 0x0000000088800000|100%| O|  |TAMS 0x0000000088700000| PB 0x0000000088700000| Untracked 
| 136|0x0000000088800000, 0x0000000088900000, 0x0000000088900000|100%| O|  |TAMS 0x0000000088800000| PB 0x0000000088800000| Untracked 
| 137|0x0000000088900000, 0x0000000088a00000, 0x0000000088a00000|100%| O|  |TAMS 0x0000000088900000| PB 0x0000000088900000| Untracked 
| 138|0x0000000088a00000, 0x0000000088b00000, 0x0000000088b00000|100%| O|Cm|TAMS 0x0000000088a00000| PB 0x0000000088a00000| Complete 
| 139|0x0000000088b00000, 0x0000000088b00000, 0x0000000088c00000|  0%| F|  |TAMS 0x0000000088b00000| PB 0x0000000088b00000| Untracked 
| 140|0x0000000088c00000, 0x0000000088c00000, 0x0000000088d00000|  0%| F|  |TAMS 0x0000000088c00000| PB 0x0000000088c00000| Untracked 
| 141|0x0000000088d00000, 0x0000000088d00000, 0x0000000088e00000|  0%| F|  |TAMS 0x0000000088d00000| PB 0x0000000088d00000| Untracked 
| 142|0x0000000088e00000, 0x0000000088e00000, 0x0000000088f00000|  0%| F|  |TAMS 0x0000000088e00000| PB 0x0000000088e00000| Untracked 
| 143|0x0000000088f00000, 0x0000000088f00000, 0x0000000089000000|  0%| F|  |TAMS 0x0000000088f00000| PB 0x0000000088f00000| Untracked 
| 144|0x0000000089000000, 0x0000000089000000, 0x0000000089100000|  0%| F|  |TAMS 0x0000000089000000| PB 0x0000000089000000| Untracked 
| 145|0x0000000089100000, 0x0000000089100000, 0x0000000089200000|  0%| F|  |TAMS 0x0000000089100000| PB 0x0000000089100000| Untracked 
| 146|0x0000000089200000, 0x0000000089200000, 0x0000000089300000|  0%| F|  |TAMS 0x0000000089200000| PB 0x0000000089200000| Untracked 
| 147|0x0000000089300000, 0x0000000089300000, 0x0000000089400000|  0%| F|  |TAMS 0x0000000089300000| PB 0x0000000089300000| Untracked 
| 148|0x0000000089400000, 0x0000000089400000, 0x0000000089500000|  0%| F|  |TAMS 0x0000000089400000| PB 0x0000000089400000| Untracked 
| 149|0x0000000089500000, 0x0000000089500000, 0x0000000089600000|  0%| F|  |TAMS 0x0000000089500000| PB 0x0000000089500000| Untracked 
| 150|0x0000000089600000, 0x0000000089600000, 0x0000000089700000|  0%| F|  |TAMS 0x0000000089600000| PB 0x0000000089600000| Untracked 
| 151|0x0000000089700000, 0x0000000089700000, 0x0000000089800000|  0%| F|  |TAMS 0x0000000089700000| PB 0x0000000089700000| Untracked 
| 152|0x0000000089800000, 0x0000000089800000, 0x0000000089900000|  0%| F|  |TAMS 0x0000000089800000| PB 0x0000000089800000| Untracked 
| 153|0x0000000089900000, 0x0000000089900000, 0x0000000089a00000|  0%| F|  |TAMS 0x0000000089900000| PB 0x0000000089900000| Untracked 
| 154|0x0000000089a00000, 0x0000000089a00000, 0x0000000089b00000|  0%| F|  |TAMS 0x0000000089a00000| PB 0x0000000089a00000| Untracked 
| 155|0x0000000089b00000, 0x0000000089b00000, 0x0000000089c00000|  0%| F|  |TAMS 0x0000000089b00000| PB 0x0000000089b00000| Untracked 
| 156|0x0000000089c00000, 0x0000000089c00000, 0x0000000089d00000|  0%| F|  |TAMS 0x0000000089c00000| PB 0x0000000089c00000| Untracked 
| 157|0x0000000089d00000, 0x0000000089d00000, 0x0000000089e00000|  0%| F|  |TAMS 0x0000000089d00000| PB 0x0000000089d00000| Untracked 
| 158|0x0000000089e00000, 0x0000000089e00000, 0x0000000089f00000|  0%| F|  |TAMS 0x0000000089e00000| PB 0x0000000089e00000| Untracked 
| 159|0x0000000089f00000, 0x0000000089f00000, 0x000000008a000000|  0%| F|  |TAMS 0x0000000089f00000| PB 0x0000000089f00000| Untracked 
| 160|0x000000008a000000, 0x000000008a000000, 0x000000008a100000|  0%| F|  |TAMS 0x000000008a000000| PB 0x000000008a000000| Untracked 
| 161|0x000000008a100000, 0x000000008a100000, 0x000000008a200000|  0%| F|  |TAMS 0x000000008a100000| PB 0x000000008a100000| Untracked 
| 162|0x000000008a200000, 0x000000008a200000, 0x000000008a300000|  0%| F|  |TAMS 0x000000008a200000| PB 0x000000008a200000| Untracked 
| 163|0x000000008a300000, 0x000000008a300000, 0x000000008a400000|  0%| F|  |TAMS 0x000000008a300000| PB 0x000000008a300000| Untracked 
| 164|0x000000008a400000, 0x000000008a500000, 0x000000008a500000|100%| S|CS|TAMS 0x000000008a400000| PB 0x000000008a400000| Complete 
| 165|0x000000008a500000, 0x000000008a600000, 0x000000008a600000|100%| S|CS|TAMS 0x000000008a500000| PB 0x000000008a500000| Complete 
| 166|0x000000008a600000, 0x000000008a700000, 0x000000008a700000|100%| S|CS|TAMS 0x000000008a600000| PB 0x000000008a600000| Complete 
| 167|0x000000008a700000, 0x000000008a800000, 0x000000008a800000|100%| S|CS|TAMS 0x000000008a700000| PB 0x000000008a700000| Complete 
| 168|0x000000008a800000, 0x000000008a900000, 0x000000008a900000|100%| S|CS|TAMS 0x000000008a800000| PB 0x000000008a800000| Complete 
| 169|0x000000008a900000, 0x000000008aa00000, 0x000000008aa00000|100%| S|CS|TAMS 0x000000008a900000| PB 0x000000008a900000| Complete 
| 170|0x000000008aa00000, 0x000000008ab00000, 0x000000008ab00000|100%| S|CS|TAMS 0x000000008aa00000| PB 0x000000008aa00000| Complete 
| 171|0x000000008ab00000, 0x000000008ac00000, 0x000000008ac00000|100%| S|CS|TAMS 0x000000008ab00000| PB 0x000000008ab00000| Complete 
| 172|0x000000008ac00000, 0x000000008ad00000, 0x000000008ad00000|100%| S|CS|TAMS 0x000000008ac00000| PB 0x000000008ac00000| Complete 
| 173|0x000000008ad00000, 0x000000008ae00000, 0x000000008ae00000|100%| S|CS|TAMS 0x000000008ad00000| PB 0x000000008ad00000| Complete 
| 174|0x000000008ae00000, 0x000000008ae00000, 0x000000008af00000|  0%| F|  |TAMS 0x000000008ae00000| PB 0x000000008ae00000| Untracked 
| 175|0x000000008af00000, 0x000000008af00000, 0x000000008b000000|  0%| F|  |TAMS 0x000000008af00000| PB 0x000000008af00000| Untracked 
| 176|0x000000008b000000, 0x000000008b000000, 0x000000008b100000|  0%| F|  |TAMS 0x000000008b000000| PB 0x000000008b000000| Untracked 
| 177|0x000000008b100000, 0x000000008b100000, 0x000000008b200000|  0%| F|  |TAMS 0x000000008b100000| PB 0x000000008b100000| Untracked 
| 178|0x000000008b200000, 0x000000008b200000, 0x000000008b300000|  0%| F|  |TAMS 0x000000008b200000| PB 0x000000008b200000| Untracked 
| 179|0x000000008b300000, 0x000000008b300000, 0x000000008b400000|  0%| F|  |TAMS 0x000000008b300000| PB 0x000000008b300000| Untracked 
| 180|0x000000008b400000, 0x000000008b400000, 0x000000008b500000|  0%| F|  |TAMS 0x000000008b400000| PB 0x000000008b400000| Untracked 
| 181|0x000000008b500000, 0x000000008b500000, 0x000000008b600000|  0%| F|  |TAMS 0x000000008b500000| PB 0x000000008b500000| Untracked 
| 182|0x000000008b600000, 0x000000008b600000, 0x000000008b700000|  0%| F|  |TAMS 0x000000008b600000| PB 0x000000008b600000| Untracked 
| 183|0x000000008b700000, 0x000000008b700000, 0x000000008b800000|  0%| F|  |TAMS 0x000000008b700000| PB 0x000000008b700000| Untracked 
| 184|0x000000008b800000, 0x000000008b800000, 0x000000008b900000|  0%| F|  |TAMS 0x000000008b800000| PB 0x000000008b800000| Untracked 
| 185|0x000000008b900000, 0x000000008b900000, 0x000000008ba00000|  0%| F|  |TAMS 0x000000008b900000| PB 0x000000008b900000| Untracked 
| 186|0x000000008ba00000, 0x000000008ba00000, 0x000000008bb00000|  0%| F|  |TAMS 0x000000008ba00000| PB 0x000000008ba00000| Untracked 
| 187|0x000000008bb00000, 0x000000008bb00000, 0x000000008bc00000|  0%| F|  |TAMS 0x000000008bb00000| PB 0x000000008bb00000| Untracked 
| 188|0x000000008bc00000, 0x000000008bc00000, 0x000000008bd00000|  0%| F|  |TAMS 0x000000008bc00000| PB 0x000000008bc00000| Untracked 
| 189|0x000000008bd00000, 0x000000008bd00000, 0x000000008be00000|  0%| F|  |TAMS 0x000000008bd00000| PB 0x000000008bd00000| Untracked 
| 190|0x000000008be00000, 0x000000008be00000, 0x000000008bf00000|  0%| F|  |TAMS 0x000000008be00000| PB 0x000000008be00000| Untracked 
| 191|0x000000008bf00000, 0x000000008bf00000, 0x000000008c000000|  0%| F|  |TAMS 0x000000008bf00000| PB 0x000000008bf00000| Untracked 
| 192|0x000000008c000000, 0x000000008c000000, 0x000000008c100000|  0%| F|  |TAMS 0x000000008c000000| PB 0x000000008c000000| Untracked 
| 193|0x000000008c100000, 0x000000008c100000, 0x000000008c200000|  0%| F|  |TAMS 0x000000008c100000| PB 0x000000008c100000| Untracked 
| 194|0x000000008c200000, 0x000000008c200000, 0x000000008c300000|  0%| F|  |TAMS 0x000000008c200000| PB 0x000000008c200000| Untracked 
| 195|0x000000008c300000, 0x000000008c300000, 0x000000008c400000|  0%| F|  |TAMS 0x000000008c300000| PB 0x000000008c300000| Untracked 
| 196|0x000000008c400000, 0x000000008c400000, 0x000000008c500000|  0%| F|  |TAMS 0x000000008c400000| PB 0x000000008c400000| Untracked 
| 197|0x000000008c500000, 0x000000008c500000, 0x000000008c600000|  0%| F|  |TAMS 0x000000008c500000| PB 0x000000008c500000| Untracked 
| 198|0x000000008c600000, 0x000000008c600000, 0x000000008c700000|  0%| F|  |TAMS 0x000000008c600000| PB 0x000000008c600000| Untracked 
| 199|0x000000008c700000, 0x000000008c700000, 0x000000008c800000|  0%| F|  |TAMS 0x000000008c700000| PB 0x000000008c700000| Untracked 
| 200|0x000000008c800000, 0x000000008c800000, 0x000000008c900000|  0%| F|  |TAMS 0x000000008c800000| PB 0x000000008c800000| Untracked 
| 201|0x000000008c900000, 0x000000008c900000, 0x000000008ca00000|  0%| F|  |TAMS 0x000000008c900000| PB 0x000000008c900000| Untracked 
| 202|0x000000008ca00000, 0x000000008ca00000, 0x000000008cb00000|  0%| F|  |TAMS 0x000000008ca00000| PB 0x000000008ca00000| Untracked 
| 203|0x000000008cb00000, 0x000000008cc00000, 0x000000008cc00000|100%| E|  |TAMS 0x000000008cb00000| PB 0x000000008cb00000| Complete 
| 204|0x000000008cc00000, 0x000000008cd00000, 0x000000008cd00000|100%| E|CS|TAMS 0x000000008cc00000| PB 0x000000008cc00000| Complete 
| 205|0x000000008cd00000, 0x000000008ce00000, 0x000000008ce00000|100%| E|CS|TAMS 0x000000008cd00000| PB 0x000000008cd00000| Complete 
| 206|0x000000008ce00000, 0x000000008cf00000, 0x000000008cf00000|100%| E|CS|TAMS 0x000000008ce00000| PB 0x000000008ce00000| Complete 
| 207|0x000000008cf00000, 0x000000008d000000, 0x000000008d000000|100%| E|CS|TAMS 0x000000008cf00000| PB 0x000000008cf00000| Complete 
| 208|0x000000008d000000, 0x000000008d100000, 0x000000008d100000|100%| E|CS|TAMS 0x000000008d000000| PB 0x000000008d000000| Complete 
| 209|0x000000008d100000, 0x000000008d200000, 0x000000008d200000|100%| E|CS|TAMS 0x000000008d100000| PB 0x000000008d100000| Complete 
| 210|0x000000008d200000, 0x000000008d300000, 0x000000008d300000|100%| E|CS|TAMS 0x000000008d200000| PB 0x000000008d200000| Complete 
| 211|0x000000008d300000, 0x000000008d400000, 0x000000008d400000|100%| E|CS|TAMS 0x000000008d300000| PB 0x000000008d300000| Complete 
| 212|0x000000008d400000, 0x000000008d500000, 0x000000008d500000|100%| E|CS|TAMS 0x000000008d400000| PB 0x000000008d400000| Complete 
| 213|0x000000008d500000, 0x000000008d600000, 0x000000008d600000|100%| E|CS|TAMS 0x000000008d500000| PB 0x000000008d500000| Complete 
| 214|0x000000008d600000, 0x000000008d700000, 0x000000008d700000|100%| E|CS|TAMS 0x000000008d600000| PB 0x000000008d600000| Complete 
| 215|0x000000008d700000, 0x000000008d800000, 0x000000008d800000|100%| E|CS|TAMS 0x000000008d700000| PB 0x000000008d700000| Complete 
| 216|0x000000008d800000, 0x000000008d900000, 0x000000008d900000|100%| E|CS|TAMS 0x000000008d800000| PB 0x000000008d800000| Complete 
| 217|0x000000008d900000, 0x000000008da00000, 0x000000008da00000|100%| E|CS|TAMS 0x000000008d900000| PB 0x000000008d900000| Complete 
| 218|0x000000008da00000, 0x000000008db00000, 0x000000008db00000|100%| E|CS|TAMS 0x000000008da00000| PB 0x000000008da00000| Complete 
| 219|0x000000008db00000, 0x000000008dc00000, 0x000000008dc00000|100%| E|CS|TAMS 0x000000008db00000| PB 0x000000008db00000| Complete 
| 220|0x000000008dc00000, 0x000000008dd00000, 0x000000008dd00000|100%| E|CS|TAMS 0x000000008dc00000| PB 0x000000008dc00000| Complete 
| 221|0x000000008dd00000, 0x000000008de00000, 0x000000008de00000|100%| E|CS|TAMS 0x000000008dd00000| PB 0x000000008dd00000| Complete 
| 222|0x000000008de00000, 0x000000008df00000, 0x000000008df00000|100%| E|CS|TAMS 0x000000008de00000| PB 0x000000008de00000| Complete 
| 223|0x000000008df00000, 0x000000008e000000, 0x000000008e000000|100%| E|CS|TAMS 0x000000008df00000| PB 0x000000008df00000| Complete 
| 224|0x000000008e000000, 0x000000008e100000, 0x000000008e100000|100%| E|CS|TAMS 0x000000008e000000| PB 0x000000008e000000| Complete 
| 225|0x000000008e100000, 0x000000008e200000, 0x000000008e200000|100%| E|CS|TAMS 0x000000008e100000| PB 0x000000008e100000| Complete 
| 226|0x000000008e200000, 0x000000008e300000, 0x000000008e300000|100%| E|CS|TAMS 0x000000008e200000| PB 0x000000008e200000| Complete 
| 227|0x000000008e300000, 0x000000008e400000, 0x000000008e400000|100%| E|CS|TAMS 0x000000008e300000| PB 0x000000008e300000| Complete 
| 228|0x000000008e400000, 0x000000008e500000, 0x000000008e500000|100%| E|CS|TAMS 0x000000008e400000| PB 0x000000008e400000| Complete 
| 229|0x000000008e500000, 0x000000008e600000, 0x000000008e600000|100%| E|CS|TAMS 0x000000008e500000| PB 0x000000008e500000| Complete 
| 230|0x000000008e600000, 0x000000008e700000, 0x000000008e700000|100%| E|CS|TAMS 0x000000008e600000| PB 0x000000008e600000| Complete 
| 231|0x000000008e700000, 0x000000008e800000, 0x000000008e800000|100%| E|CS|TAMS 0x000000008e700000| PB 0x000000008e700000| Complete 
| 232|0x000000008e800000, 0x000000008e900000, 0x000000008e900000|100%| E|CS|TAMS 0x000000008e800000| PB 0x000000008e800000| Complete 
| 233|0x000000008e900000, 0x000000008ea00000, 0x000000008ea00000|100%| E|CS|TAMS 0x000000008e900000| PB 0x000000008e900000| Complete 
| 251|0x000000008fb00000, 0x000000008fc00000, 0x000000008fc00000|100%| E|CS|TAMS 0x000000008fb00000| PB 0x000000008fb00000| Complete 
|2026|0x00000000fea00000, 0x00000000feb00000, 0x00000000feb00000|100%| E|CS|TAMS 0x00000000fea00000| PB 0x00000000fea00000| Complete 
|2027|0x00000000feb00000, 0x00000000fec00000, 0x00000000fec00000|100%| E|CS|TAMS 0x00000000feb00000| PB 0x00000000feb00000| Complete 
|2028|0x00000000fec00000, 0x00000000fed00000, 0x00000000fed00000|100%| E|CS|TAMS 0x00000000fec00000| PB 0x00000000fec00000| Complete 
|2029|0x00000000fed00000, 0x00000000fee00000, 0x00000000fee00000|100%| E|CS|TAMS 0x00000000fed00000| PB 0x00000000fed00000| Complete 
|2030|0x00000000fee00000, 0x00000000fef00000, 0x00000000fef00000|100%| O|  |TAMS 0x00000000fee00000| PB 0x00000000fee00000| Untracked 
|2031|0x00000000fef00000, 0x00000000ff000000, 0x00000000ff000000|100%| E|CS|TAMS 0x00000000fef00000| PB 0x00000000fef00000| Complete 
|2032|0x00000000ff000000, 0x00000000ff100000, 0x00000000ff100000|100%| E|CS|TAMS 0x00000000ff000000| PB 0x00000000ff000000| Complete 
|2033|0x00000000ff100000, 0x00000000ff200000, 0x00000000ff200000|100%| O|  |TAMS 0x00000000ff100000| PB 0x00000000ff100000| Untracked 
|2034|0x00000000ff200000, 0x00000000ff300000, 0x00000000ff300000|100%| E|CS|TAMS 0x00000000ff200000| PB 0x00000000ff200000| Complete 
|2035|0x00000000ff300000, 0x00000000ff400000, 0x00000000ff400000|100%| O|  |TAMS 0x00000000ff300000| PB 0x00000000ff300000| Untracked 
|2036|0x00000000ff400000, 0x00000000ff500000, 0x00000000ff500000|100%| E|CS|TAMS 0x00000000ff400000| PB 0x00000000ff400000| Complete 
|2037|0x00000000ff500000, 0x00000000ff600000, 0x00000000ff600000|100%| E|CS|TAMS 0x00000000ff500000| PB 0x00000000ff500000| Complete 
|2038|0x00000000ff600000, 0x00000000ff700000, 0x00000000ff700000|100%| E|CS|TAMS 0x00000000ff600000| PB 0x00000000ff600000| Complete 
|2039|0x00000000ff700000, 0x00000000ff800000, 0x00000000ff800000|100%| O|  |TAMS 0x00000000ff700000| PB 0x00000000ff700000| Untracked 
|2040|0x00000000ff800000, 0x00000000ff900000, 0x00000000ff900000|100%| O|  |TAMS 0x00000000ff800000| PB 0x00000000ff800000| Untracked 
|2041|0x00000000ff900000, 0x00000000ffa00000, 0x00000000ffa00000|100%| O|  |TAMS 0x00000000ff900000| PB 0x00000000ff900000| Untracked 
|2042|0x00000000ffa00000, 0x00000000ffb00000, 0x00000000ffb00000|100%| O|  |TAMS 0x00000000ffa00000| PB 0x00000000ffa00000| Untracked 
|2043|0x00000000ffb00000, 0x00000000ffc00000, 0x00000000ffc00000|100%| O|  |TAMS 0x00000000ffb00000| PB 0x00000000ffb00000| Untracked 
|2044|0x00000000ffc00000, 0x00000000ffd00000, 0x00000000ffd00000|100%| O|  |TAMS 0x00000000ffc00000| PB 0x00000000ffc00000| Untracked 
|2045|0x00000000ffd00000, 0x00000000ffe00000, 0x00000000ffe00000|100%| O|  |TAMS 0x00000000ffd00000| PB 0x00000000ffd00000| Untracked 
|2046|0x00000000ffe00000, 0x00000000fff00000, 0x00000000fff00000|100%| O|  |TAMS 0x00000000ffe00000| PB 0x00000000ffe00000| Untracked 
|2047|0x00000000fff00000, 0x0000000100000000, 0x0000000100000000|100%| O|  |TAMS 0x00000000fff00000| PB 0x00000000fff00000| Untracked 

Card table byte_map: [0x00000210554c0000,0x00000210558c0000] _byte_map_base: 0x00000210550c0000

Marking Bits: (CMBitMap*) 0x0000021042a63ef0
 Bits: [0x00000210558c0000, 0x00000210578c0000)

Polling page: 0x0000021040540000

Metaspace:

Usage:
  Non-class:    116.91 MB used.
      Class:     18.56 MB used.
       Both:    135.47 MB used.

Virtual space:
  Non-class space:      128.00 MB reserved,     118.12 MB ( 92%) committed,  2 nodes.
      Class space:        1.00 GB reserved,      19.62 MB (  2%) committed,  1 nodes.
             Both:        1.12 GB reserved,     137.75 MB ( 12%) committed. 

Chunk freelists:
   Non-Class:  9.83 MB
       Class:  12.19 MB
        Both:  22.02 MB

MaxMetaspaceSize: unlimited
CompressedClassSpaceSize: 1.00 GB
Initial GC threshold: 21.00 MB
Current GC threshold: 225.44 MB
CDS: off
 - commit_granule_bytes: 65536.
 - commit_granule_words: 8192.
 - virtual_space_node_default_size: 8388608.
 - enlarge_chunks_in_place: 1.
 - use_allocation_guard: 0.


Internal statistics:

num_allocs_failed_limit: 6.
num_arena_births: 4576.
num_arena_deaths: 0.
num_vsnodes_births: 3.
num_vsnodes_deaths: 0.
num_space_committed: 2203.
num_space_uncommitted: 0.
num_chunks_returned_to_freelist: 6.
num_chunks_taken_from_freelist: 10363.
num_chunk_merges: 3.
num_chunk_splits: 6826.
num_chunks_enlarged: 4338.
num_inconsistent_stats: 0.

CodeHeap 'non-profiled nmethods': size=120000Kb used=8498Kb max_used=8498Kb free=111502Kb
 bounds [0x000002104d640000, 0x000002104de90000, 0x0000021054b70000]
CodeHeap 'profiled nmethods': size=120000Kb used=23480Kb max_used=23480Kb free=96519Kb
 bounds [0x0000021045b70000, 0x0000021047260000, 0x000002104d0a0000]
CodeHeap 'non-nmethods': size=5760Kb used=2876Kb max_used=2926Kb free=2883Kb
 bounds [0x000002104d0a0000, 0x000002104d380000, 0x000002104d640000]
CodeCache: size=245760Kb, used=34854Kb, max_used=34904Kb, free=210904Kb
 total_blobs=13676, nmethods=12556, adapters=1024, full_count=0
Compilation: enabled, stopped_count=0, restarted_count=0

Compilation events (20 events):
Event: 17.786 Thread 0x000002105a6a9b00 15059       3       kotlin.reflect.jvm.internal.impl.protobuf.LazyStringArrayList::get (101 bytes)
Event: 17.786 Thread 0x000002105a6a9b00 nmethod 15059 0x000002104724e410 code [0x000002104724e660, 0x000002104724f128]
Event: 17.786 Thread 0x000002105a6a9b00 15061       3       kotlin.reflect.jvm.internal.impl.name.FqNameUnsafe::equals (39 bytes)
Event: 17.786 Thread 0x000002105a6a9b00 nmethod 15061 0x000002104724f390 code [0x000002104724f560, 0x000002104724f990]
Event: 17.786 Thread 0x000002105a6a9b00 15062       3       kotlin.reflect.jvm.internal.impl.name.FqName::equals (39 bytes)
Event: 17.786 Thread 0x000002105a6a9b00 nmethod 15062 0x000002104724fa90 code [0x000002104724fc60, 0x0000021047250090]
Event: 17.786 Thread 0x000002105a6a9b00 15052       1       kotlin.Triple::component1 (5 bytes)
Event: 17.786 Thread 0x000002105a6a9b00 nmethod 15052 0x000002104de80410 code [0x000002104de805a0, 0x000002104de80668]
Event: 17.786 Thread 0x000002105a6a9b00 15053       1       kotlin.Triple::component2 (5 bytes)
Event: 17.786 Thread 0x000002105a6a9b00 nmethod 15053 0x000002104de80710 code [0x000002104de808a0, 0x000002104de80968]
Event: 17.786 Thread 0x000002105a6a9b00 15065       3       kotlin.reflect.jvm.internal.impl.protobuf.FieldSet::getSerializedSize (109 bytes)
Event: 17.787 Thread 0x000002105a6a9b00 nmethod 15065 0x0000021047250190 code [0x00000210472504a0, 0x0000021047251740]
Event: 17.787 Thread 0x000002105a6a9b00 15066       3       kotlin.reflect.jvm.internal.impl.metadata.ProtoBuf$ValueParameter::getSerializedSize (171 bytes)
Event: 17.788 Thread 0x000002105a6a9b00 nmethod 15066 0x0000021047251c90 code [0x0000021047251fe0, 0x0000021047253198]
Event: 17.788 Thread 0x000002105a6a9b00 15063       3       kotlin.reflect.jvm.internal.impl.storage.DefaultSimpleLock::lock (10 bytes)
Event: 17.788 Thread 0x000002105a6a9b00 nmethod 15063 0x0000021047253910 code [0x0000021047253ac0, 0x0000021047253c90]
Event: 17.788 Thread 0x000002105a6a9b00 15064       3       kotlin.reflect.jvm.internal.impl.storage.DefaultSimpleLock::unlock (10 bytes)
Event: 17.788 Thread 0x000002105a6a9b00 nmethod 15064 0x0000021047253d90 code [0x0000021047253f40, 0x0000021047254110]
Event: 17.788 Thread 0x000002105a6a9b00 15054       1       kotlin.Triple::getThird (5 bytes)
Event: 17.788 Thread 0x000002105a6a9b00 nmethod 15054 0x000002104de80a10 code [0x000002104de80ba0, 0x000002104de80c68]

GC Heap History (20 events):
Event: 12.100 GC heap before
{Heap before GC invocations=34 (full 0):
 garbage-first heap   total 208896K, used 188767K [0x0000000080000000, 0x0000000100000000)
  region size 1024K, 67 young (68608K), 4 survivors (4096K)
 Metaspace       used 106284K, committed 108288K, reserved 1179648K
  class space    used 14602K, committed 15552K, reserved 1048576K
}
Event: 12.107 GC heap after
{Heap after GC invocations=35 (full 0):
 garbage-first heap   total 208896K, used 129361K [0x0000000080000000, 0x0000000100000000)
  region size 1024K, 9 young (9216K), 9 survivors (9216K)
 Metaspace       used 106284K, committed 108288K, reserved 1179648K
  class space    used 14602K, committed 15552K, reserved 1048576K
}
Event: 12.629 GC heap before
{Heap before GC invocations=35 (full 0):
 garbage-first heap   total 208896K, used 194897K [0x0000000080000000, 0x0000000100000000)
  region size 1024K, 72 young (73728K), 9 survivors (9216K)
 Metaspace       used 110623K, committed 112704K, reserved 1179648K
  class space    used 15303K, committed 16320K, reserved 1048576K
}
Event: 12.635 GC heap after
{Heap after GC invocations=36 (full 0):
 garbage-first heap   total 209920K, used 130912K [0x0000000080000000, 0x0000000100000000)
  region size 1024K, 3 young (3072K), 3 survivors (3072K)
 Metaspace       used 110623K, committed 112704K, reserved 1179648K
  class space    used 15303K, committed 16320K, reserved 1048576K
}
Event: 13.293 GC heap before
{Heap before GC invocations=36 (full 0):
 garbage-first heap   total 209920K, used 195424K [0x0000000080000000, 0x0000000100000000)
  region size 1024K, 66 young (67584K), 3 survivors (3072K)
 Metaspace       used 114864K, committed 117056K, reserved 1179648K
  class space    used 15983K, committed 17024K, reserved 1048576K
}
Event: 13.296 GC heap after
{Heap after GC invocations=37 (full 0):
 garbage-first heap   total 209920K, used 132867K [0x0000000080000000, 0x0000000100000000)
  region size 1024K, 5 young (5120K), 5 survivors (5120K)
 Metaspace       used 114864K, committed 117056K, reserved 1179648K
  class space    used 15983K, committed 17024K, reserved 1048576K
}
Event: 13.896 GC heap before
{Heap before GC invocations=38 (full 0):
 garbage-first heap   total 224256K, used 202499K [0x0000000080000000, 0x0000000100000000)
  region size 1024K, 67 young (68608K), 5 survivors (5120K)
 Metaspace       used 121413K, committed 123648K, reserved 1179648K
  class space    used 16814K, committed 17920K, reserved 1048576K
}
Event: 13.903 GC heap after
{Heap after GC invocations=39 (full 0):
 garbage-first heap   total 224256K, used 140176K [0x0000000080000000, 0x0000000100000000)
  region size 1024K, 9 young (9216K), 9 survivors (9216K)
 Metaspace       used 121413K, committed 123648K, reserved 1179648K
  class space    used 16814K, committed 17920K, reserved 1048576K
}
Event: 14.472 GC heap before
{Heap before GC invocations=39 (full 0):
 garbage-first heap   total 224256K, used 207760K [0x0000000080000000, 0x0000000100000000)
  region size 1024K, 76 young (77824K), 9 survivors (9216K)
 Metaspace       used 122899K, committed 125184K, reserved 1179648K
  class space    used 17019K, committed 18112K, reserved 1048576K
}
Event: 14.484 GC heap after
{Heap after GC invocations=40 (full 0):
 garbage-first heap   total 225280K, used 144039K [0x0000000080000000, 0x0000000100000000)
  region size 1024K, 10 young (10240K), 10 survivors (10240K)
 Metaspace       used 122899K, committed 125184K, reserved 1179648K
  class space    used 17019K, committed 18112K, reserved 1048576K
}
Event: 14.931 GC heap before
{Heap before GC invocations=40 (full 0):
 garbage-first heap   total 225280K, used 209575K [0x0000000080000000, 0x0000000100000000)
  region size 1024K, 74 young (75776K), 10 survivors (10240K)
 Metaspace       used 122900K, committed 125184K, reserved 1179648K
  class space    used 17019K, committed 18112K, reserved 1048576K
}
Event: 14.938 GC heap after
{Heap after GC invocations=41 (full 0):
 garbage-first heap   total 225280K, used 148201K [0x0000000080000000, 0x0000000100000000)
  region size 1024K, 6 young (6144K), 6 survivors (6144K)
 Metaspace       used 122900K, committed 125184K, reserved 1179648K
  class space    used 17019K, committed 18112K, reserved 1048576K
}
Event: 15.587 GC heap before
{Heap before GC invocations=42 (full 0):
 garbage-first heap   total 247808K, used 209641K [0x0000000080000000, 0x0000000100000000)
  region size 1024K, 66 young (67584K), 6 survivors (6144K)
 Metaspace       used 123141K, committed 125376K, reserved 1179648K
  class space    used 17043K, committed 18112K, reserved 1048576K
}
Event: 15.592 GC heap after
{Heap after GC invocations=43 (full 0):
 garbage-first heap   total 247808K, used 152361K [0x0000000080000000, 0x0000000100000000)
  region size 1024K, 6 young (6144K), 6 survivors (6144K)
 Metaspace       used 123141K, committed 125376K, reserved 1179648K
  class space    used 17043K, committed 18112K, reserved 1048576K
}
Event: 16.175 GC heap before
{Heap before GC invocations=43 (full 0):
 garbage-first heap   total 247808K, used 226089K [0x0000000080000000, 0x0000000100000000)
  region size 1024K, 77 young (78848K), 6 survivors (6144K)
 Metaspace       used 129357K, committed 131648K, reserved 1179648K
  class space    used 17853K, committed 18944K, reserved 1048576K
}
Event: 16.184 GC heap after
{Heap after GC invocations=44 (full 0):
 garbage-first heap   total 247808K, used 153260K [0x0000000080000000, 0x0000000100000000)
  region size 1024K, 3 young (3072K), 3 survivors (3072K)
 Metaspace       used 129357K, committed 131648K, reserved 1179648K
  class space    used 17853K, committed 18944K, reserved 1048576K
}
Event: 16.853 GC heap before
{Heap before GC invocations=44 (full 0):
 garbage-first heap   total 247808K, used 228012K [0x0000000080000000, 0x0000000100000000)
  region size 1024K, 76 young (77824K), 3 survivors (3072K)
 Metaspace       used 136120K, committed 138368K, reserved 1179648K
  class space    used 18688K, committed 19776K, reserved 1048576K
}
Event: 16.861 GC heap after
{Heap after GC invocations=45 (full 0):
 garbage-first heap   total 247808K, used 157650K [0x0000000080000000, 0x0000000100000000)
  region size 1024K, 7 young (7168K), 7 survivors (7168K)
 Metaspace       used 136120K, committed 138368K, reserved 1179648K
  class space    used 18688K, committed 19776K, reserved 1048576K
}
Event: 17.486 GC heap before
{Heap before GC invocations=46 (full 0):
 garbage-first heap   total 263168K, used 229330K [0x0000000080000000, 0x0000000100000000)
  region size 1024K, 78 young (79872K), 7 survivors (7168K)
 Metaspace       used 137406K, committed 139712K, reserved 1179648K
  class space    used 18844K, committed 19968K, reserved 1048576K
}
Event: 17.491 GC heap after
{Heap after GC invocations=47 (full 0):
 garbage-first heap   total 263168K, used 163248K [0x0000000080000000, 0x0000000100000000)
  region size 1024K, 10 young (10240K), 10 survivors (10240K)
 Metaspace       used 137406K, committed 139712K, reserved 1179648K
  class space    used 18844K, committed 19968K, reserved 1048576K
}

Dll operation events (3 events):
Event: 0.017 Loaded shared library C:\Program Files\Android\Android Studio\jbr\bin\java.dll
Event: 0.020 Loaded shared library C:\Program Files\Android\Android Studio\jbr\bin\zip.dll
Event: 0.405 Loaded shared library C:\Program Files\Android\Android Studio\jbr\bin\verify.dll

Deoptimization events (20 events):
Event: 17.542 Thread 0x000002106145ab70 DEOPT PACKING pc=0x000002104715e38d sp=0x000000e3cfbf6620
Event: 17.542 Thread 0x000002106145ab70 DEOPT UNPACKING pc=0x000002104d0f4b42 sp=0x000000e3cfbf5aa8 mode 0
Event: 17.543 Thread 0x000002106145ab70 DEOPT PACKING pc=0x000002104715e38d sp=0x000000e3cfbf6620
Event: 17.543 Thread 0x000002106145ab70 DEOPT UNPACKING pc=0x000002104d0f4b42 sp=0x000000e3cfbf5aa8 mode 0
Event: 17.545 Thread 0x000002106145ab70 DEOPT PACKING pc=0x000002104715e38d sp=0x000000e3cfbf6250
Event: 17.545 Thread 0x000002106145ab70 DEOPT UNPACKING pc=0x000002104d0f4b42 sp=0x000000e3cfbf56d8 mode 0
Event: 17.550 Thread 0x000002106145ab70 Uncommon trap: trap_request=0xffffff45 fr.pc=0x000002104d91c7dc relative=0x00000000000003fc
Event: 17.550 Thread 0x000002106145ab70 Uncommon trap: reason=unstable_if action=reinterpret pc=0x000002104d91c7dc method=com.google.common.cache.LocalCache.isExpired(Lcom/google/common/cache/ReferenceEntry;J)Z @ 9 c2
Event: 17.550 Thread 0x000002106145ab70 DEOPT PACKING pc=0x000002104d91c7dc sp=0x000000e3cfbf76a0
Event: 17.550 Thread 0x000002106145ab70 DEOPT UNPACKING pc=0x000002104d0f43a2 sp=0x000000e3cfbf7580 mode 2
Event: 17.553 Thread 0x000002106145ab70 DEOPT PACKING pc=0x000002104715e38d sp=0x000000e3cfbf7170
Event: 17.553 Thread 0x000002106145ab70 DEOPT UNPACKING pc=0x000002104d0f4b42 sp=0x000000e3cfbf65f8 mode 0
Event: 17.566 Thread 0x000002106145ab70 Uncommon trap: trap_request=0xffffff45 fr.pc=0x000002104d6cd594 relative=0x0000000000000134
Event: 17.566 Thread 0x000002106145ab70 Uncommon trap: reason=unstable_if action=reinterpret pc=0x000002104d6cd594 method=com.google.common.cache.LocalCache.isExpired(Lcom/google/common/cache/ReferenceEntry;J)Z @ 9 c2
Event: 17.566 Thread 0x000002106145ab70 DEOPT PACKING pc=0x000002104d6cd594 sp=0x000000e3cfbf8180
Event: 17.566 Thread 0x000002106145ab70 DEOPT UNPACKING pc=0x000002104d0f43a2 sp=0x000000e3cfbf80c0 mode 2
Event: 17.734 Thread 0x000002106145ab70 Uncommon trap: trap_request=0xffffff45 fr.pc=0x000002104de724d0 relative=0x00000000000004b0
Event: 17.734 Thread 0x000002106145ab70 Uncommon trap: reason=unstable_if action=reinterpret pc=0x000002104de724d0 method=kotlin.text.StringsKt__AppendableKt.appendElement(Ljava/lang/Appendable;Ljava/lang/Object;Lkotlin/jvm/functions/Function1;)V @ 9 c2
Event: 17.734 Thread 0x000002106145ab70 DEOPT PACKING pc=0x000002104de724d0 sp=0x000000e3cfbf9d90
Event: 17.734 Thread 0x000002106145ab70 DEOPT UNPACKING pc=0x000002104d0f43a2 sp=0x000000e3cfbf9d50 mode 2

Classes loaded (20 events):
Event: 16.677 Loading class javax/xml/stream/events/Attribute
Event: 16.677 Loading class javax/xml/stream/events/Attribute done
Event: 16.677 Loading class javax/xml/stream/events/Namespace done
Event: 16.677 Loading class com/sun/xml/internal/stream/events/AttributeImpl
Event: 16.677 Loading class com/sun/xml/internal/stream/events/AttributeImpl done
Event: 16.677 Loading class com/sun/xml/internal/stream/events/NamespaceImpl done
Event: 16.677 Loading class com/sun/org/apache/xerces/internal/util/NamespaceSupport$Prefixes
Event: 16.677 Loading class com/sun/org/apache/xerces/internal/util/NamespaceSupport$Prefixes done
Event: 16.677 Loading class com/sun/xml/internal/stream/events/CharacterEvent
Event: 16.677 Loading class javax/xml/stream/events/Characters
Event: 16.677 Loading class javax/xml/stream/events/Characters done
Event: 16.677 Loading class com/sun/xml/internal/stream/events/CharacterEvent done
Event: 16.678 Loading class com/sun/xml/internal/stream/events/EndElementEvent
Event: 16.678 Loading class javax/xml/stream/events/EndElement
Event: 16.678 Loading class javax/xml/stream/events/EndElement done
Event: 16.678 Loading class com/sun/xml/internal/stream/events/EndElementEvent done
Event: 16.975 Loading class java/io/SequenceInputStream
Event: 16.976 Loading class java/io/SequenceInputStream done
Event: 16.980 Loading class java/util/function/IntUnaryOperator
Event: 16.981 Loading class java/util/function/IntUnaryOperator done

Classes unloaded (0 events):
No events

Classes redefined (0 events):
No events

Internal exceptions (20 events):
Event: 17.749 Thread 0x000002106145ab70 Exception <a 'sun/nio/fs/WindowsException'{0x000000008d1d0310}> (0x000000008d1d0310) 
thrown [s\src\hotspot\share\prims\jni.cpp, line 537]
Event: 17.750 Thread 0x000002106145ab70 Exception <a 'sun/nio/fs/WindowsException'{0x000000008d1d7510}> (0x000000008d1d7510) 
thrown [s\src\hotspot\share\prims\jni.cpp, line 537]
Event: 17.750 Thread 0x000002106145ab70 Exception <a 'sun/nio/fs/WindowsException'{0x000000008d1d9428}> (0x000000008d1d9428) 
thrown [s\src\hotspot\share\prims\jni.cpp, line 537]
Event: 17.757 Thread 0x000002106145ab70 Exception <a 'sun/nio/fs/WindowsException'{0x000000008d071070}> (0x000000008d071070) 
thrown [s\src\hotspot\share\prims\jni.cpp, line 537]
Event: 17.775 Thread 0x000002106145ab70 Exception <a 'sun/nio/fs/WindowsException'{0x000000008ce3ba68}> (0x000000008ce3ba68) 
thrown [s\src\hotspot\share\prims\jni.cpp, line 537]
Event: 17.776 Thread 0x000002106145ab70 Exception <a 'sun/nio/fs/WindowsException'{0x000000008ce47650}> (0x000000008ce47650) 
thrown [s\src\hotspot\share\prims\jni.cpp, line 537]
Event: 17.778 Thread 0x000002106145ab70 Exception <a 'sun/nio/fs/WindowsException'{0x000000008ce5bb90}> (0x000000008ce5bb90) 
thrown [s\src\hotspot\share\prims\jni.cpp, line 537]
Event: 17.778 Thread 0x000002106145ab70 Exception <a 'sun/nio/fs/WindowsException'{0x000000008ce683c0}> (0x000000008ce683c0) 
thrown [s\src\hotspot\share\prims\jni.cpp, line 537]
Event: 17.779 Thread 0x000002106145ab70 Exception <a 'sun/nio/fs/WindowsException'{0x000000008ce73a10}> (0x000000008ce73a10) 
thrown [s\src\hotspot\share\prims\jni.cpp, line 537]
Event: 17.787 Thread 0x000002106145ab70 Exception <a 'sun/nio/fs/WindowsException'{0x000000008cef5490}> (0x000000008cef5490) 
thrown [s\src\hotspot\share\prims\jni.cpp, line 537]
Event: 17.788 Thread 0x000002106145ab70 Exception <a 'sun/nio/fs/WindowsException'{0x000000008cd01898}> (0x000000008cd01898) 
thrown [s\src\hotspot\share\prims\jni.cpp, line 537]
Event: 17.788 Thread 0x000002106145ab70 Exception <a 'sun/nio/fs/WindowsException'{0x000000008cd0c370}> (0x000000008cd0c370) 
thrown [s\src\hotspot\share\prims\jni.cpp, line 537]
Event: 17.789 Thread 0x000002106145ab70 Exception <a 'sun/nio/fs/WindowsException'{0x000000008cd17d58}> (0x000000008cd17d58) 
thrown [s\src\hotspot\share\prims\jni.cpp, line 537]
Event: 17.789 Thread 0x000002106145ab70 Exception <a 'sun/nio/fs/WindowsException'{0x000000008cd2abe8}> (0x000000008cd2abe8) 
thrown [s\src\hotspot\share\prims\jni.cpp, line 537]
Event: 17.790 Thread 0x000002106145ab70 Exception <a 'sun/nio/fs/WindowsException'{0x000000008cd39210}> (0x000000008cd39210) 
thrown [s\src\hotspot\share\prims\jni.cpp, line 537]
Event: 17.791 Thread 0x000002106145ab70 Exception <a 'sun/nio/fs/WindowsException'{0x000000008cd479d0}> (0x000000008cd479d0) 
thrown [s\src\hotspot\share\prims\jni.cpp, line 537]
Event: 17.792 Thread 0x000002106145ab70 Exception <a 'sun/nio/fs/WindowsException'{0x000000008cd51d38}> (0x000000008cd51d38) 
thrown [s\src\hotspot\share\prims\jni.cpp, line 537]
Event: 17.793 Thread 0x000002106145ab70 Exception <a 'sun/nio/fs/WindowsException'{0x000000008cd5c990}> (0x000000008cd5c990) 
thrown [s\src\hotspot\share\prims\jni.cpp, line 537]
Event: 17.793 Thread 0x000002106145ab70 Exception <a 'sun/nio/fs/WindowsException'{0x000000008cd66ef0}> (0x000000008cd66ef0) 
thrown [s\src\hotspot\share\prims\jni.cpp, line 537]
Event: 17.794 Thread 0x000002106145ab70 Exception <a 'sun/nio/fs/WindowsException'{0x000000008cd73340}> (0x000000008cd73340) 
thrown [s\src\hotspot\share\prims\jni.cpp, line 537]

ZGC Phase Switch (0 events):
No events

VM Operations (20 events):
Event: 16.904 Executing non-safepoint VM operation: HandshakeAllThreads (Deoptimize)
Event: 16.905 Executing non-safepoint VM operation: HandshakeAllThreads (Deoptimize) done
Event: 16.905 Executing safepoint VM operation: G1PauseRemark
Event: 16.910 Executing safepoint VM operation: G1PauseRemark done
Event: 16.933 Executing safepoint VM operation: G1PauseCleanup
Event: 16.933 Executing safepoint VM operation: G1PauseCleanup done
Event: 17.088 Executing safepoint VM operation: ICBufferFull
Event: 17.088 Executing safepoint VM operation: ICBufferFull done
Event: 17.115 Executing non-safepoint VM operation: HandshakeAllThreads (Deoptimize)
Event: 17.115 Executing non-safepoint VM operation: HandshakeAllThreads (Deoptimize) done
Event: 17.182 Executing safepoint VM operation: ICBufferFull
Event: 17.182 Executing safepoint VM operation: ICBufferFull done
Event: 17.199 Executing non-safepoint VM operation: HandshakeAllThreads (Deoptimize)
Event: 17.200 Executing non-safepoint VM operation: HandshakeAllThreads (Deoptimize) done
Event: 17.485 Executing safepoint VM operation: G1CollectForAllocation (G1 Evacuation Pause)
Event: 17.491 Executing safepoint VM operation: G1CollectForAllocation (G1 Evacuation Pause) done
Event: 17.578 Executing safepoint VM operation: ICBufferFull
Event: 17.579 Executing safepoint VM operation: ICBufferFull done
Event: 18.581 Executing safepoint VM operation: Cleanup
Event: 18.582 Executing safepoint VM operation: Cleanup done

Memory protections (0 events):
No events

Nmethod flushes (20 events):
Event: 16.910 Thread 0x000002105a62cd80 flushing  nmethod 0x0000021046591110
Event: 16.910 Thread 0x000002105a62cd80 flushing  nmethod 0x0000021046595210
Event: 16.910 Thread 0x000002105a62cd80 flushing  nmethod 0x000002104661f110
Event: 16.910 Thread 0x000002105a62cd80 flushing  nmethod 0x0000021046626d90
Event: 16.910 Thread 0x000002105a62cd80 flushing  nmethod 0x0000021046628390
Event: 16.910 Thread 0x000002105a62cd80 flushing  nmethod 0x0000021046628a90
Event: 16.910 Thread 0x000002105a62cd80 flushing  nmethod 0x0000021046687b10
Event: 16.910 Thread 0x000002105a62cd80 flushing  nmethod 0x0000021046710510
Event: 16.910 Thread 0x000002105a62cd80 flushing  nmethod 0x000002104693ad10
Event: 16.910 Thread 0x000002105a62cd80 flushing  nmethod 0x000002104693f110
Event: 16.910 Thread 0x000002105a62cd80 flushing  nmethod 0x0000021046ae7610
Event: 16.910 Thread 0x000002105a62cd80 flushing  nmethod 0x0000021046ae8b10
Event: 16.910 Thread 0x000002105a62cd80 flushing  nmethod 0x0000021046ae8e90
Event: 16.910 Thread 0x000002105a62cd80 flushing  nmethod 0x0000021046ae9310
Event: 16.910 Thread 0x000002105a62cd80 flushing  nmethod 0x0000021046aec190
Event: 16.910 Thread 0x000002105a62cd80 flushing  nmethod 0x0000021046aece10
Event: 16.910 Thread 0x000002105a62cd80 flushing  nmethod 0x0000021046aed490
Event: 16.910 Thread 0x000002105a62cd80 flushing  nmethod 0x0000021046b84490
Event: 16.910 Thread 0x000002105a62cd80 flushing  nmethod 0x0000021046c08210
Event: 16.910 Thread 0x000002105a62cd80 flushing  nmethod 0x0000021046c09690

Events (20 events):
Event: 17.429 Thread 0x000002106145ab70 Thread added: 0x00000210626808e0
Event: 17.429 Thread 0x000002106145ab70 Thread added: 0x0000021062680f70
Event: 17.430 Thread 0x000002106145ab70 Thread added: 0x00000210626829b0
Event: 17.430 Thread 0x000002106145ab70 Thread added: 0x0000021062681c90
Event: 17.567 Thread 0x000002106145ab70 Thread added: 0x0000021062683040
Event: 17.577 Thread 0x000002106145ab70 Thread added: 0x00000210626843f0
Event: 17.580 Thread 0x000002106145ab70 Thread added: 0x00000210626836d0
Event: 17.580 Thread 0x000002106145ab70 Thread added: 0x0000021062684a80
Event: 17.586 Thread 0x000002106145ab70 Thread added: 0x0000021062681600
Event: 17.586 Thread 0x000002106145ab70 Thread added: 0x00000210626864c0
Event: 17.587 Thread 0x000002106145ab70 Thread added: 0x00000210626871e0
Event: 17.587 Thread 0x000002106145ab70 Thread added: 0x0000021062687870
Event: 17.587 Thread 0x000002106145ab70 Thread added: 0x0000021062687f00
Event: 17.600 Thread 0x000002106145ab70 Thread added: 0x0000021062685e30
Event: 17.600 Thread 0x000002106145ab70 Thread added: 0x0000021062688590
Event: 17.601 Thread 0x000002106145ab70 Thread added: 0x0000021062685110
Event: 17.602 Thread 0x000002106145ab70 Thread added: 0x0000021062686b50
Event: 17.602 Thread 0x000002106145ab70 Thread added: 0x0000021062688c20
Event: 17.605 Thread 0x000002106145ab70 Thread added: 0x00000210626857a0
Event: 17.605 Thread 0x000002106145ab70 Thread added: 0x000002106268b380


Dynamic libraries:
0x00007ff72c070000 - 0x00007ff72c07a000 	C:\Program Files\Android\Android Studio\jbr\bin\java.exe
0x00007ffaf6520000 - 0x00007ffaf6787000 	C:\WINDOWS\SYSTEM32\ntdll.dll
0x00007ffaf4d30000 - 0x00007ffaf4df9000 	C:\WINDOWS\System32\KERNEL32.DLL
0x00007ffaf3130000 - 0x00007ffaf3527000 	C:\WINDOWS\System32\KERNELBASE.dll
0x00007ffaf3530000 - 0x00007ffaf367b000 	C:\WINDOWS\System32\ucrtbase.dll
0x00007ffae4850000 - 0x00007ffae486b000 	C:\Program Files\Android\Android Studio\jbr\bin\VCRUNTIME140.dll
0x00007ffaee6d0000 - 0x00007ffaee6e8000 	C:\Program Files\Android\Android Studio\jbr\bin\jli.dll
0x00007ffaf44f0000 - 0x00007ffaf46b6000 	C:\WINDOWS\System32\USER32.dll
0x00007ffaf41c0000 - 0x00007ffaf41e7000 	C:\WINDOWS\System32\win32u.dll
0x00007ffaf5030000 - 0x00007ffaf505b000 	C:\WINDOWS\System32\GDI32.dll
0x00007ffaf2f50000 - 0x00007ffaf307c000 	C:\WINDOWS\System32\gdi32full.dll
0x00007ffad6a10000 - 0x00007ffad6ca2000 	C:\WINDOWS\WinSxS\amd64_microsoft.windows.common-controls_6595b64144ccf1df_6.0.26100.8457_none_3e0b2faee331e92d\COMCTL32.dll
0x00007ffaf3080000 - 0x00007ffaf3123000 	C:\WINDOWS\System32\msvcp_win.dll
0x00007ffaf6230000 - 0x00007ffaf62d9000 	C:\WINDOWS\System32\msvcrt.dll
0x00007ffaf4e90000 - 0x00007ffaf4ec2000 	C:\WINDOWS\System32\IMM32.DLL
0x00007ffaee700000 - 0x00007ffaee70c000 	C:\Program Files\Android\Android Studio\jbr\bin\vcruntime140_1.dll
0x00007ffadc470000 - 0x00007ffadc4fd000 	C:\Program Files\Android\Android Studio\jbr\bin\msvcp140.dll
0x00007ffa34e50000 - 0x00007ffa35ae6000 	C:\Program Files\Android\Android Studio\jbr\bin\server\jvm.dll
0x00007ffaf46c0000 - 0x00007ffaf4776000 	C:\WINDOWS\System32\ADVAPI32.dll
0x00007ffaf4340000 - 0x00007ffaf43e7000 	C:\WINDOWS\System32\sechost.dll
0x00007ffaf5d80000 - 0x00007ffaf5e98000 	C:\WINDOWS\System32\RPCRT4.dll
0x00007ffaf4b10000 - 0x00007ffaf4b90000 	C:\WINDOWS\System32\WS2_32.dll
0x00007ffae1b80000 - 0x00007ffae1b8b000 	C:\WINDOWS\SYSTEM32\VERSION.dll
0x00007ffaf2db0000 - 0x00007ffaf2e0e000 	C:\WINDOWS\SYSTEM32\POWRPROF.dll
0x00007ffaeb1d0000 - 0x00007ffaeb206000 	C:\WINDOWS\SYSTEM32\WINMM.dll
0x00007ffaf2d90000 - 0x00007ffaf2da4000 	C:\WINDOWS\SYSTEM32\UMPDC.dll
0x00007ffaf1c40000 - 0x00007ffaf1c5b000 	C:\WINDOWS\SYSTEM32\kernel.appcore.dll
0x00007ffaee6c0000 - 0x00007ffaee6ca000 	C:\Program Files\Android\Android Studio\jbr\bin\jimage.dll
0x00007ffaf0400000 - 0x00007ffaf0642000 	C:\WINDOWS\SYSTEM32\DBGHELP.DLL
0x00007ffaf5ea0000 - 0x00007ffaf6223000 	C:\WINDOWS\System32\combase.dll
0x00007ffaf4ed0000 - 0x00007ffaf4fa9000 	C:\WINDOWS\System32\OLEAUT32.dll
0x00007ffad3bf0000 - 0x00007ffad3c2b000 	C:\WINDOWS\SYSTEM32\dbgcore.DLL
0x00007ffaf41f0000 - 0x00007ffaf4298000 	C:\WINDOWS\System32\bcryptPrimitives.dll
0x00007ffaee290000 - 0x00007ffaee29e000 	C:\Program Files\Android\Android Studio\jbr\bin\instrument.dll
0x00007ffae2ef0000 - 0x00007ffae2f10000 	C:\Program Files\Android\Android Studio\jbr\bin\java.dll
0x00007ffae2d00000 - 0x00007ffae2d18000 	C:\Program Files\Android\Android Studio\jbr\bin\zip.dll
0x00007ffaf50b0000 - 0x00007ffaf581e000 	C:\WINDOWS\System32\SHELL32.dll
0x00007ffaf3950000 - 0x00007ffaf41bc000 	C:\WINDOWS\System32\windows.storage.dll
0x00007ffaf63e0000 - 0x00007ffaf64d6000 	C:\WINDOWS\System32\SHCORE.dll
0x00007ffaf4fb0000 - 0x00007ffaf5016000 	C:\WINDOWS\System32\shlwapi.dll
0x00007ffaf2e70000 - 0x00007ffaf2e99000 	C:\WINDOWS\SYSTEM32\profapi.dll
0x00007ffaeadb0000 - 0x00007ffaeadc0000 	C:\Program Files\Android\Android Studio\jbr\bin\net.dll
0x00007ffaeb0a0000 - 0x00007ffaeb1c9000 	C:\WINDOWS\SYSTEM32\WINHTTP.dll
0x00007ffaf2250000 - 0x00007ffaf22bc000 	C:\WINDOWS\system32\mswsock.dll
0x00007ffadc500000 - 0x00007ffadc516000 	C:\Program Files\Android\Android Studio\jbr\bin\nio.dll
0x00007ffae29f0000 - 0x00007ffae2a00000 	C:\Program Files\Android\Android Studio\jbr\bin\verify.dll
0x00007ffadc3c0000 - 0x00007ffadc3e7000 	C:\Users\yanfe\.gradle\native\1def1411415f61bf3af743bc5b6707747c0891f09f0c88961ee8f79bc544acac\windows-amd64\native-platform.dll
0x00007ffada7e0000 - 0x00007ffada858000 	C:\Users\yanfe\.gradle\native\0.2.7\x86_64-windows-gnu\gradle-fileevents.dll
0x00007ffae47e0000 - 0x00007ffae47e9000 	C:\Program Files\Android\Android Studio\jbr\bin\management.dll
0x00007ffae2cf0000 - 0x00007ffae2cfb000 	C:\Program Files\Android\Android Studio\jbr\bin\management_ext.dll
0x00007ffaf4960000 - 0x00007ffaf4968000 	C:\WINDOWS\System32\PSAPI.DLL
0x00007ffaf1700000 - 0x00007ffaf1732000 	C:\WINDOWS\SYSTEM32\IPHLPAPI.DLL
0x00007ffaf4330000 - 0x00007ffaf433a000 	C:\WINDOWS\System32\NSI.dll
0x00007ffae4840000 - 0x00007ffae4849000 	C:\Program Files\Android\Android Studio\jbr\bin\extnet.dll
0x00007ffaf2540000 - 0x00007ffaf255b000 	C:\WINDOWS\SYSTEM32\CRYPTSP.dll
0x00007ffaf1c60000 - 0x00007ffaf1c99000 	C:\WINDOWS\system32\rsaenh.dll
0x00007ffaf2300000 - 0x00007ffaf2333000 	C:\WINDOWS\SYSTEM32\USERENV.dll
0x00007ffaf2e40000 - 0x00007ffaf2e6a000 	C:\WINDOWS\SYSTEM32\bcrypt.dll
0x00007ffaf2530000 - 0x00007ffaf253c000 	C:\WINDOWS\SYSTEM32\CRYPTBASE.dll
0x00007ffab9bc0000 - 0x00007ffab9bc8000 	C:\WINDOWS\system32\wshunix.dll
0x00007ffaf17a0000 - 0x00007ffaf18d2000 	C:\WINDOWS\SYSTEM32\DNSAPI.dll
0x00007ffaea480000 - 0x00007ffaea48b000 	C:\Windows\System32\rasadhlp.dll
0x00007ffaed0a0000 - 0x00007ffaed126000 	C:\WINDOWS\System32\fwpuclnt.dll
0x00007ffac5800000 - 0x00007ffac5818000 	C:\WINDOWS\system32\napinsp.dll
0x00007ffac57e0000 - 0x00007ffac57f3000 	C:\WINDOWS\System32\winrnr.dll
0x00007ffac57b0000 - 0x00007ffac57d2000 	C:\WINDOWS\system32\nlansp_c.dll
0x00007ffac5660000 - 0x00007ffac5676000 	C:\WINDOWS\system32\wshbth.dll

JVMTI agents:
C:\Users\yanfe\.gradle\wrapper\dists\gradle-8.14.5-bin\690y85m0j9nfaub7xoiayko8a\gradle-8.14.5\lib\agents\gradle-instrumentation-agent-8.14.5.jar path:C:\Program Files\Android\Android Studio\jbr\bin\instrument.dll, loaded, initialized, instrumentlib options:none

dbghelp: loaded successfully - version: 4.0.5 - missing functions: none
symbol engine: initialized successfully - sym options: 0x614 - pdb path: .;C:\Program Files\Android\Android Studio\jbr\bin;C:\WINDOWS\SYSTEM32;C:\WINDOWS\WinSxS\amd64_microsoft.windows.common-controls_6595b64144ccf1df_6.0.26100.8457_none_3e0b2faee331e92d;C:\Program Files\Android\Android Studio\jbr\bin\server;C:\Users\yanfe\.gradle\native\1def1411415f61bf3af743bc5b6707747c0891f09f0c88961ee8f79bc544acac\windows-amd64;C:\Users\yanfe\.gradle\native\0.2.7\x86_64-windows-gnu

VM Arguments:
jvm_args: --add-opens=java.base/java.lang=ALL-UNNAMED --add-opens=java.base/java.lang.invoke=ALL-UNNAMED --add-opens=java.base/java.util=ALL-UNNAMED --add-opens=java.prefs/java.util.prefs=ALL-UNNAMED --add-exports=jdk.compiler/com.sun.tools.javac.api=ALL-UNNAMED --add-exports=jdk.compiler/com.sun.tools.javac.util=ALL-UNNAMED --add-opens=java.base/java.util=ALL-UNNAMED --add-opens=java.prefs/java.util.prefs=ALL-UNNAMED --add-opens=java.base/java.nio.charset=ALL-UNNAMED --add-opens=java.base/java.net=ALL-UNNAMED --add-opens=java.base/java.util.concurrent.atomic=ALL-UNNAMED --add-opens=java.xml/javax.xml.namespace=ALL-UNNAMED -Xmx2048m -Dfile.encoding=UTF-8 -Duser.country=BR -Duser.language=pt -Duser.variant -javaagent:C:\Users\yanfe\.gradle\wrapper\dists\gradle-8.14.5-bin\690y85m0j9nfaub7xoiayko8a\gradle-8.14.5\lib\agents\gradle-instrumentation-agent-8.14.5.jar 
java_command: org.gradle.launcher.daemon.bootstrap.GradleDaemon 8.14.5
java_class_path (initial): C:\Users\yanfe\.gradle\wrapper\dists\gradle-8.14.5-bin\690y85m0j9nfaub7xoiayko8a\gradle-8.14.5\lib\gradle-daemon-main-8.14.5.jar
Launcher Type: SUN_STANDARD

[Global flags]
     intx CICompilerCount                          = 4                                         {product} {ergonomic}
     uint ConcGCThreads                            = 3                                         {product} {ergonomic}
     uint G1ConcRefinementThreads                  = 10                                        {product} {ergonomic}
   size_t G1HeapRegionSize                         = 1048576                                   {product} {ergonomic}
    uintx GCDrainStackTargetSize                   = 64                                        {product} {ergonomic}
   size_t InitialHeapSize                          = 264241152                                 {product} {ergonomic}
   size_t MarkStackSize                            = 4194304                                   {product} {ergonomic}
   size_t MaxHeapSize                              = 2147483648                                {product} {command line}
   size_t MaxNewSize                               = 1287651328                                {product} {ergonomic}
   size_t MinHeapDeltaBytes                        = 1048576                                   {product} {ergonomic}
   size_t MinHeapSize                              = 8388608                                   {product} {ergonomic}
    uintx NonNMethodCodeHeapSize                   = 5839372                                {pd product} {ergonomic}
    uintx NonProfiledCodeHeapSize                  = 122909434                              {pd product} {ergonomic}
    uintx ProfiledCodeHeapSize                     = 122909434                              {pd product} {ergonomic}
    uintx ReservedCodeCacheSize                    = 251658240                              {pd product} {ergonomic}
     bool SegmentedCodeCache                       = true                                      {product} {ergonomic}
   size_t SoftMaxHeapSize                          = 2147483648                             {manageable} {ergonomic}
     bool UseCompressedOops                        = true                           {product lp64_product} {ergonomic}
     bool UseG1GC                                  = true                                      {product} {ergonomic}
     bool UseLargePagesIndividualAllocation        = false                                  {pd product} {ergonomic}

Logging:
Log output configuration:
 #0: stdout all=warning uptime,level,tags foldmultilines=false
 #1: stderr all=off uptime,level,tags foldmultilines=false

Release file:
JAVA_VERSION="21.0.10" 
MODULES="java.base java.compiler java.datatransfer java.xml java.prefs java.desktop java.instrument java.logging java.management java.security.sasl java.naming java.rmi java.management.rmi java.net.http java.scripting java.security.jgss java.transaction.xa java.sql java.sql.rowset java.xml.crypto java.se java.smartcardio jdk.accessibility jdk.internal.jvmstat jdk.attach jdk.charsets jdk.internal.opt jdk.zipfs jdk.compiler jdk.crypto.ec jdk.crypto.cryptoki jdk.dynalink jdk.hotspot.agent jdk.httpserver jdk.internal.ed jdk.internal.le jdk.internal.vm.ci jdk.jartool jdk.javadoc jdk.jcmd jdk.jdeps jdk.jdwp.agent jdk.jdi jdk.jfr jdk.jlink jdk.jsobject jdk.localedata jdk.management jdk.management.agent jdk.management.jfr jdk.naming.dns jdk.naming.rmi jdk.net jdk.sctp jdk.security.auth jdk.security.jgss jdk.unsupported jdk.unsupported.desktop jdk.xml.dom" 
IMPLEMENTOR="JetBrains s.r.o." 
JAVA_RUNTIME_VERSION="21.0.10+-14961533-b1163.108" 
LIBC="default" 
OS_ARCH="x86_64" 
OS_NAME="Windows" 
SOURCE=".:git:1351622c2ff2" 

Environment Variables:
PATH=C:\Program Files (x86)\Common Files\Oracle\Java\java8path;C:\Program Files (x86)\Common Files\Oracle\Java\javapath;C:\Program Files (x86)\Falcon\MinGW\bin;C:\WINDOWS\system32;C:\WINDOWS;C:\WINDOWS\System32\Wbem;C:\WINDOWS\System32\WindowsPowerShell\v1.0\;C:\WINDOWS\System32\OpenSSH\;C:\Program Files\nodejs\;C:\Program Files\dotnet\;%MAVEN_HOME%\bin;%GRADLE_HOME%\bin;C:\Program Files\Git\cmd;C:\Program Files\Docker\Docker\resources\bin;C:\Users\yanfe\AppData\Local\Programs\Python\Python313\Scripts\;C:\Users\yanfe\AppData\Local\Programs\Python\Python313\;C:\Users\yanfe\AppData\Local\Microsoft\WindowsApps;C:\Users\yanfe\AppData\Roaming\npm;C:\Users\yanfe\AppData\Local\Programs\Microsoft VS Code\bin;C:\Users\yanfe\AppData\Local\Programs\Antigravity\bin
USERNAME=yanfe
OS=Windows_NT
PROCESSOR_IDENTIFIER=Intel64 Family 6 Model 186 Stepping 3, GenuineIntel
TMP=C:\Users\yanfe\AppData\Local\Temp
TEMP=C:\Users\yanfe\AppData\Local\Temp




Periodic native trim disabled

JNI global refs:
JNI global refs: 30, weak refs: 4

JNI global refs memory usage: 835, weak refs: 833

Process memory usage:
Resident Set Size: 635804K (3% of 16453064K total physical memory with 3183132K free physical memory)

OOME stack traces (most recent first):
Classloader memory used:
Loader org.gradle.internal.classloader.VisitableURLClassLoader                         : 46960K
Loader org.gradle.internal.classloader.VisitableURLClassLoader$InstrumentingVisitableURLClassLoader: 35342K
Loader bootstrap                                                                       : 33784K
Loader org.gradle.initialization.MixInLegacyTypesClassLoader                           : 14106K
Loader org.gradle.internal.classloader.VisitableURLClassLoader                         : 6907K
Loader jdk.internal.loader.ClassLoaders$PlatformClassLoader                            : 828K
Loader jdk.internal.reflect.DelegatingClassLoader                                      : 496K
Loader jdk.internal.loader.ClassLoaders$AppClassLoader                                 : 235K
Loader org.gradle.groovy.scripts.internal.DefaultScriptCompilationHandler$ScriptClassLoader: 92448B
Loader org.codehaus.groovy.runtime.callsite.CallSiteClassLoader                        : 49928B

Classes loaded by more than one classloader:
Class Program                                                                         : loaded 5 times (x 72B)
Class com.google.common.collect.Iterators                                             : loaded 4 times (x 71B)
Class com.google.common.collect.Lists$StringAsImmutableList                           : loaded 4 times (x 207B)
Class com.google.common.collect.ImmutableList                                         : loaded 4 times (x 206B)
Class com.google.common.collect.AbstractIterator                                      : loaded 4 times (x 82B)
Class com.google.common.collect.AbstractIndexedListIterator                           : loaded 4 times (x 96B)
Class com.google.common.collect.Iterators$MergingIterator                             : loaded 4 times (x 81B)
Class com.google.common.collect.Iterators$ArrayItr                                    : loaded 4 times (x 97B)
Class com.google.common.collect.Iterators$1                                           : loaded 4 times (x 81B)
Class com.google.common.collect.Iterators$4                                           : loaded 4 times (x 82B)
Class com.google.common.collect.Iterators$5                                           : loaded 4 times (x 82B)
Class com.google.common.collect.ImmutableCollection                                   : loaded 4 times (x 125B)
Class com.google.common.collect.PeekingIterator                                       : loaded 4 times (x 70B)
Class com.google.common.collect.Lists                                                 : loaded 4 times (x 71B)
Class com.google.common.collect.UnmodifiableListIterator                              : loaded 4 times (x 95B)
Class com.google.common.base.Preconditions                                            : loaded 4 times (x 71B)
Class com.google.common.collect.Iterators$9                                           : loaded 4 times (x 81B)
Class com.google.common.collect.UnmodifiableIterator                                  : loaded 4 times (x 80B)
Class com.google.common.collect.ImmutableSet$RegularSetBuilderImpl                    : loaded 3 times (x 77B)
Class com.google.common.collect.ImmutableRangeSet$ComplementRanges                    : loaded 3 times (x 207B)
Class org.gradle.internal.IoActions                                                   : loaded 3 times (x 71B)
Class org.gradle.api.GradleException                                                  : loaded 3 times (x 82B)
Class com.google.common.base.CharMatcher$NegatedFastMatcher                           : loaded 3 times (x 113B)
Class com.google.common.collect.AbstractRangeSet                                      : loaded 3 times (x 114B)
Class com.google.common.collect.ImmutableList$1                                       : loaded 3 times (x 97B)
Class com.google.common.base.Predicate                                                : loaded 3 times (x 70B)
Class com.google.common.base.CharMatcher$FastMatcher                                  : loaded 3 times (x 111B)
Class org.gradle.api.Action                                                           : loaded 3 times (x 70B)
Class org.gradle.internal.Cast                                                        : loaded 3 times (x 71B)
Class com.google.common.base.CharMatcher$Or                                           : loaded 3 times (x 112B)
Class com.google.common.base.CharMatcher$BitSetMatcher                                : loaded 3 times (x 112B)
Class com.google.common.collect.ImmutableSet                                          : loaded 3 times (x 145B)
Class com.google.common.collect.ImmutableRangeSet$Builder                             : loaded 3 times (x 77B)
Class com.google.common.base.CharMatcher$Negated                                      : loaded 3 times (x 113B)
Class com.google.common.base.Function                                                 : loaded 3 times (x 70B)
Class com.google.common.base.CharMatcher$IsNot                                        : loaded 3 times (x 111B)
Class com.google.common.collect.RegularImmutableSet                                   : loaded 3 times (x 148B)
Class com.google.common.collect.ImmutableSortedSet                                    : loaded 3 times (x 299B)
Class com.google.common.collect.ImmutableAsList                                       : loaded 3 times (x 209B)
Class com.google.common.base.CharMatcher$Is                                           : loaded 3 times (x 111B)
Class com.google.common.base.Joiner$1                                                 : loaded 3 times (x 80B)
Class com.google.common.base.CharMatcher$IsEither                                     : loaded 3 times (x 111B)
Class com.google.common.collect.ImmutableSet$CachingAsList                            : loaded 3 times (x 147B)
Class com.google.common.base.CharMatcher$AnyOf                                        : loaded 3 times (x 112B)
Class com.google.common.base.CharMatcher                                              : loaded 3 times (x 111B)
Class com.google.common.base.CharMatcher$ForPredicate                                 : loaded 3 times (x 112B)
Class com.google.common.collect.RangeGwtSerializationDependencies                     : loaded 3 times (x 71B)
Class com.google.common.base.Joiner$2                                                 : loaded 3 times (x 79B)
Class com.google.common.collect.SortedIterable                                        : loaded 3 times (x 70B)
Class com.google.common.collect.SingletonImmutableSet                                 : loaded 3 times (x 146B)
Class com.google.common.base.CharMatcher$1                                            : loaded 3 times (x 113B)
Class com.google.common.collect.ImmutableList$ReverseImmutableList                    : loaded 3 times (x 208B)
Class com.google.common.collect.SingletonImmutableList                                : loaded 3 times (x 207B)
Class com.google.common.base.CharMatcher$NamedFastMatcher                             : loaded 3 times (x 112B)
Class com.google.common.collect.Multimap                                              : loaded 3 times (x 70B)
Class com.google.common.collect.RangeSet                                              : loaded 3 times (x 70B)
Class com.google.common.base.CharMatcher$InRange                                      : loaded 3 times (x 111B)
Class com.google.common.base.CharMatcher$And                                          : loaded 3 times (x 112B)
Class com.google.common.collect.ImmutableSet$SetBuilderImpl                           : loaded 3 times (x 76B)
Class com.google.common.collect.ImmutableList$SubList                                 : loaded 3 times (x 208B)
Class com.google.common.collect.Range                                                 : loaded 3 times (x 87B)
Class com.google.common.collect.RegularImmutableAsList                                : loaded 3 times (x 216B)
Class com.google.common.collect.ImmutableRangeSet$1                                   : loaded 3 times (x 209B)
Class com.google.common.collect.ImmutableRangeSet                                     : loaded 3 times (x 115B)
Class com.google.common.collect.ImmutableList$Builder                                 : loaded 3 times (x 77B)
Class com.google.common.collect.Iterators$SingletonIterator                           : loaded 3 times (x 81B)
Class com.google.common.collect.RegularImmutableList                                  : loaded 3 times (x 212B)
Class com.google.common.base.Joiner                                                   : loaded 3 times (x 79B)
Class com.google.common.collect.ImmutableCollection$Builder                           : loaded 3 times (x 76B)
Class com.google.common.collect.RegularImmutableSortedSet                             : loaded 3 times (x 299B)
Class com.google.common.collect.ImmutableRangeSet$AsSet                               : loaded 3 times (x 299B)
Class com.google.common.base.Splitter                                                 : loaded 2 times (x 72B)
Class com.intellij.gradle.toolingExtension.impl.model.buildScriptClasspathModel.GradleBuildScriptClasspathSerializationService$ReadContext: loaded 2 times (x 72B)
Class com.google.common.collect.ComparatorOrdering                                    : loaded 2 times (x 115B)
Class org.gradle.api.internal.DefaultClassPathProvider                                : loaded 2 times (x 76B)
Class com.android.builder.model.v2.models.BasicAndroidProject                         : loaded 2 times (x 70B)
Class com.google.common.collect.Sets$2                                                : loaded 2 times (x 139B)
Class kotlin.text.StringsKt__StringNumberConversionsJVMKt                             : loaded 2 times (x 71B)
Class com.google.common.collect.NaturalOrdering                                       : loaded 2 times (x 115B)
Class kotlin.text.MatchResult                                                         : loaded 2 times (x 70B)
Class kotlin.sequences.SequenceScope                                                  : loaded 2 times (x 73B)
Class kotlin.sequences.Sequence                                                       : loaded 2 times (x 70B)
Class org.gradle.tooling.ToolingModelContract                                         : loaded 2 times (x 70B)
Class [Lorg.gradle.api.internal.ClassPathProvider;                                    : loaded 2 times (x 69B)
Class org.gradle.api.internal.ClassPathProvider                                       : loaded 2 times (x 70B)
Class [Lorg.objectweb.asm.AnnotationVisitor;                                          : loaded 2 times (x 69B)
Class com.google.common.collect.Sets$3                                                : loaded 2 times (x 139B)
Class com.google.common.cache.LocalCache$LocalLoadingCache                            : loaded 2 times (x 134B)
Class com.google.common.base.AbstractIterator$State                                   : loaded 2 times (x 79B)
Class kotlin.collections.CollectionsKt___CollectionsKt$asSequence$$inlined$Sequence$1 : loaded 2 times (x 75B)
Class org.gradle.internal.service.UnknownServiceException                             : loaded 2 times (x 83B)
Class com.google.common.collect.Sets$4                                                : loaded 2 times (x 139B)
Class org.objectweb.asm.ModuleVisitor                                                 : loaded 2 times (x 81B)
Class com.google.common.cache.LocalCache$Strength$1                                   : loaded 2 times (x 81B)
Class org.jetbrains.kotlin.idea.gradleTooling.model.kapt.KaptGradleModel              : loaded 2 times (x 70B)
Class org.jetbrains.kotlin.idea.gradleTooling.KotlinDslScriptAdditionalTask           : loaded 2 times (x 70B)
Class org.jetbrains.plugins.gradle.model.ClasspathEntryModel                          : loaded 2 times (x 70B)
Class com.google.common.util.concurrent.SettableFuture                                : loaded 2 times (x 114B)
Class com.google.common.cache.LocalCache$Strength$2                                   : loaded 2 times (x 81B)
Class org.jetbrains.plugins.gradle.tooling.serialization.GradleExtensionsSerializationService: loaded 2 times (x 77B)
Class org.gradle.api.JavaVersion                                                      : loaded 2 times (x 79B)
Class org.gradle.tooling.model.Dependency                                             : loaded 2 times (x 70B)
Class com.android.builder.model.v2.ide.AbstractArtifact                               : loaded 2 times (x 70B)
Class com.google.common.cache.LocalCache$Strength$3                                   : loaded 2 times (x 81B)
Class com.google.common.collect.MapDifference                                         : loaded 2 times (x 70B)
Class com.google.common.base.Splitter$1                                               : loaded 2 times (x 77B)
Class com.intellij.openapi.externalSystem.model.project.dependencies.ResolutionState  : loaded 2 times (x 79B)
Class kotlin.text.StringsKt__RegexExtensionsJVMKt                                     : loaded 2 times (x 71B)
Class com.google.common.collect.AllEqualOrdering                                      : loaded 2 times (x 114B)
Class kotlin.collections.ArraysKt___ArraysJvmKt                                       : loaded 2 times (x 71B)
Class kotlin.collections.CollectionsKt__CollectionsKt                                 : loaded 2 times (x 71B)
Class org.objectweb.asm.FieldWriter                                                   : loaded 2 times (x 78B)
Class com.google.common.cache.CacheBuilder$NullListener                               : loaded 2 times (x 82B)
Class kotlin.text.Regex$Companion                                                     : loaded 2 times (x 71B)
Class org.gradle.internal.classpath.TransformedClassPath                              : loaded 2 times (x 96B)
Class org.gradle.internal.classloader.InstrumentingClassLoader                        : loaded 2 times (x 70B)
Class com.google.common.collect.ImmutableListMultimap                                 : loaded 2 times (x 176B)
Class org.objectweb.asm.AnnotationVisitor                                             : loaded 2 times (x 78B)
Class com.google.common.cache.CacheLoader$FunctionToCacheLoader                       : loaded 2 times (x 75B)
Class com.google.common.collect.Sets$1                                                : loaded 2 times (x 139B)
Class com.android.ide.common.gradle.Numeric                                           : loaded 2 times (x 77B)
Class kotlin.jvm.internal.FunctionReference                                           : loaded 2 times (x 122B)
Class [Lkotlin.coroutines.intrinsics.CoroutineSingletons;                             : loaded 2 times (x 69B)
Class kotlin.jvm.internal.FunctionBase                                                : loaded 2 times (x 70B)
Class kotlin.enums.EnumEntriesList                                                    : loaded 2 times (x 223B)
Class com.google.common.collect.EmptyImmutableListMultimap                            : loaded 2 times (x 176B)
Class com.google.common.collect.BaseImmutableMultimap                                 : loaded 2 times (x 123B)
Class org.gradle.tooling.internal.gradle.DefaultProjectIdentifier                     : loaded 2 times (x 86B)
Class com.google.common.base.MoreObjects                                              : loaded 2 times (x 71B)
Class kotlin.comparisons.ComparisonsKt___ComparisonsJvmKt                             : loaded 2 times (x 71B)
Class kotlin.collections.CollectionsKt__IteratorsJVMKt                                : loaded 2 times (x 71B)
Class com.android.builder.model.v2.ide.TestInfo$Execution                             : loaded 2 times (x 79B)
Class [Lorg.objectweb.asm.Type;                                                       : loaded 2 times (x 69B)
Class com.google.common.collect.Platform                                              : loaded 2 times (x 71B)
Class kotlin.text.StringsKt__AppendableKt                                             : loaded 2 times (x 71B)
Class org.jetbrains.kotlin.idea.gradleTooling.KotlinSourceSetContainer                : loaded 2 times (x 70B)
Class org.jetbrains.plugins.gradle.model.IntelliJSettings                             : loaded 2 times (x 70B)
Class kotlin.Result                                                                   : loaded 2 times (x 72B)
Class org.gradle.internal.service.ServiceLocator                                      : loaded 2 times (x 70B)
Class com.google.common.base.Ascii                                                    : loaded 2 times (x 71B)
Class com.google.common.collect.SingletonImmutableBiMap                               : loaded 2 times (x 143B)
Class com.google.common.cache.LocalCache$1                                            : loaded 2 times (x 89B)
Class com.google.common.collect.AbstractMapEntry                                      : loaded 2 times (x 81B)
Class com.intellij.gradle.toolingExtension.util.GradleVersionUtil                     : loaded 2 times (x 71B)
Class com.google.common.collect.ListMultimap                                          : loaded 2 times (x 70B)
Class com.android.ide.gradle.model.GradlePropertiesModel                              : loaded 2 times (x 70B)
Class kotlin.sequences.TransformingSequence$iterator$1                                : loaded 2 times (x 79B)
Class kotlin.Pair                                                                     : loaded 2 times (x 72B)
Class org.gradle.tooling.internal.adapter.ProtocolToModelAdapter$SupportedPropertyInvoker: loaded 2 times (x 76B)
Class org.gradle.tooling.model.UnsupportedMethodException                             : loaded 2 times (x 82B)
Class com.android.builder.model.v2.ide.BytecodeTransformation                         : loaded 2 times (x 79B)
Class com.google.common.collect.Sets$ImprovedAbstractSet                              : loaded 2 times (x 135B)
Class com.google.common.collect.ImmutableEnumMap                                      : loaded 2 times (x 125B)
Class com.google.common.cache.LocalCache$2                                            : loaded 2 times (x 142B)
Class com.google.common.collect.AbstractMultimap                                      : loaded 2 times (x 123B)
Class kotlin.collections.CollectionsKt__MutableCollectionsKt                          : loaded 2 times (x 71B)
Class com.android.builder.model.v2.ide.CodeShrinker                                   : loaded 2 times (x 79B)
Class com.android.builder.model.v2.models.AndroidDsl                                  : loaded 2 times (x 70B)
Class org.gradle.api.internal.classpath.EffectiveClassPath                            : loaded 2 times (x 90B)
Class org.jetbrains.plugins.gradle.tooling.serialization.AnnotationProcessingModelSerializationService$WriteContext: loaded 2 times (x 72B)
Class kotlin.io.TerminateException                                                    : loaded 2 times (x 82B)
Class kotlin.io.FilesKt__FilePathComponentsKt                                         : loaded 2 times (x 71B)
Class kotlin.reflect.KCallable                                                        : loaded 2 times (x 70B)
Class kotlin.sequences.SequencesKt___SequencesKt$flatMap$2                            : loaded 2 times (x 125B)
Class com.google.common.util.concurrent.AbstractFuture$Trusted                        : loaded 2 times (x 70B)
Class com.google.common.collect.Ordering                                              : loaded 2 times (x 114B)
Class com.intellij.compose.ide.plugin.gradleTooling.rt.ComposeResourcesModel          : loaded 2 times (x 70B)
Class org.jetbrains.plugins.gradle.tooling.serialization.ProjectDependenciesSerializationService$WriteContext: loaded 2 times (x 72B)
Class org.jetbrains.plugins.gradle.tooling.serialization.ProjectDependenciesSerializationService: loaded 2 times (x 77B)
Class kotlin.text.CharsKt                                                             : loaded 2 times (x 71B)
Class org.gradle.tooling.model.kotlin.dsl.KotlinDslScriptModel                        : loaded 2 times (x 70B)
Class org.gradle.tooling.internal.adapter.CollectionMapper                            : loaded 2 times (x 73B)
Class [Lcom.android.builder.model.v2.ide.LibraryType;                                 : loaded 2 times (x 69B)
Class com.android.builder.model.v2.ide.LibraryType                                    : loaded 2 times (x 79B)
Class com.google.common.util.concurrent.UncheckedExecutionException                   : loaded 2 times (x 82B)
Class org.jetbrains.plugins.gradle.tooling.serialization.internal.IdeaProjectSerializationService: loaded 2 times (x 77B)
Class com.google.common.collect.ExplicitOrdering                                      : loaded 2 times (x 115B)
Class gnu.trove.THash                                                                 : loaded 2 times (x 81B)
Class com.intellij.gradle.toolingExtension.impl.model.buildScriptClasspathModel.GradleBuildScriptClasspathSerializationService$WriteContext: loaded 2 times (x 72B)
Class org.gradle.tooling.internal.adapter.ProtocolToModelAdapter                      : loaded 2 times (x 80B)
Class org.gradle.internal.InternalTransformer                                         : loaded 2 times (x 70B)
Class com.android.builder.model.v2.ide.AndroidGradlePluginProjectFlags$BooleanFlag    : loaded 2 times (x 79B)
Class com.google.common.collect.AbstractMapBasedMultimap$KeySet$1                     : loaded 2 times (x 82B)
Class com.android.ide.common.gradle.Separator                                         : loaded 2 times (x 79B)
Class org.objectweb.asm.ClassWriter                                                   : loaded 2 times (x 106B)
Class com.google.common.cache.CacheLoader$UnsupportedLoadingOperationException        : loaded 2 times (x 82B)
Class [Lcom.google.common.collect.ImmutableMapEntry;                                  : loaded 2 times (x 69B)
Class kotlin.collections.MapsKt__MapsJVMKt                                            : loaded 2 times (x 71B)
Class kotlin.collections.EmptyList                                                    : loaded 2 times (x 174B)
Class org.gradle.internal.time.DefaultTimer                                           : loaded 2 times (x 80B)
Class org.gradle.internal.classloader.ClasspathUtil$1                                 : loaded 2 times (x 76B)
Class com.google.common.base.Objects                                                  : loaded 2 times (x 71B)
Class org.objectweb.asm.FieldVisitor                                                  : loaded 2 times (x 77B)
Class com.google.common.collect.IndexedImmutableSet                                   : loaded 2 times (x 150B)
Class com.google.common.collect.ImmutableMap$1                                        : loaded 2 times (x 81B)
Class com.google.common.collect.BiMap                                                 : loaded 2 times (x 70B)
Class org.gradle.tooling.internal.adapter.ProtocolToModelAdapter$ViewKey              : loaded 2 times (x 72B)
Class org.gradle.api.internal.classpath.DefaultModuleRegistry$DefaultModule           : loaded 2 times (x 86B)
Class com.android.builder.model.v2.CustomSourceDirectory                              : loaded 2 times (x 70B)
Class com.google.common.primitives.Ints                                               : loaded 2 times (x 71B)
Class org.gradle.internal.classloader.ClassLoaderVisitor                              : loaded 2 times (x 76B)
Class com.google.common.collect.NullsFirstOrdering                                    : loaded 2 times (x 115B)
Class kotlin.ResultKt                                                                 : loaded 2 times (x 71B)
Class org.gradle.tooling.internal.adapter.ProtocolToModelAdapter$PropertyCachingMethodInvoker: loaded 2 times (x 76B)
Class com.android.builder.model.v2.models.ProjectSyncIssues                           : loaded 2 times (x 70B)
Class com.google.common.math.MathPreconditions                                        : loaded 2 times (x 71B)
Class com.google.common.collect.Multiset                                              : loaded 2 times (x 70B)
Class com.google.common.collect.ArrayListMultimapGwtSerializationDependencies         : loaded 2 times (x 172B)
Class com.google.common.collect.ObjectArrays                                          : loaded 2 times (x 71B)
Class kotlin.collections.AbstractList$Companion                                       : loaded 2 times (x 71B)
Class org.jetbrains.plugins.gradle.model.ExternalTask                                 : loaded 2 times (x 70B)
Class kotlin.Result$Failure                                                           : loaded 2 times (x 72B)
Class kotlin.collections.ArraysKt__ArraysKt                                           : loaded 2 times (x 71B)
Class org.gradle.internal.time.DefaultCountdownTimer                                  : loaded 2 times (x 88B)
Class com.google.common.collect.ImmutableMapEntrySet                                  : loaded 2 times (x 151B)
Class org.jetbrains.plugins.gradle.model.GradleTaskModel                              : loaded 2 times (x 70B)
Class org.jetbrains.plugins.gradle.tooling.util.ObjectCollector                       : loaded 2 times (x 72B)
Class kotlin.collections.SetsKt__SetsJVMKt                                            : loaded 2 times (x 71B)
Class kotlin.Function                                                                 : loaded 2 times (x 70B)
Class org.gradle.tooling.internal.adapter.ProtocolToModelAdapter$AdaptingMethodInvoker: loaded 2 times (x 76B)
Class org.gradle.tooling.internal.gradle.DefaultBuildIdentifier                       : loaded 2 times (x 79B)
Class org.gradle.api.internal.classpath.Module                                        : loaded 2 times (x 70B)
Class com.google.common.cache.Weigher                                                 : loaded 2 times (x 70B)
Class com.intellij.openapi.externalSystem.model.project.IExternalSystemSourceType     : loaded 2 times (x 70B)
Class kotlin.io.FileAlreadyExistsException                                            : loaded 2 times (x 82B)
Class kotlin.internal.ProgressionUtilKt                                               : loaded 2 times (x 71B)
Class org.gradle.api.internal.classpath.UnknownModuleException                        : loaded 2 times (x 82B)
Class com.google.common.base.Stopwatch                                                : loaded 2 times (x 72B)
Class com.google.common.cache.LocalCache$Strength                                     : loaded 2 times (x 81B)
Class com.google.common.cache.Cache                                                   : loaded 2 times (x 70B)
Class com.intellij.openapi.externalSystem.model.project.dependencies.ProjectDependencies: loaded 2 times (x 70B)
Class org.jetbrains.plugins.gradle.tooling.serialization.ProjectDependenciesSerializationService$ReadContext: loaded 2 times (x 72B)
Class sync_studio_tooling5507_223bectkkvezfqqqt52m1g0oz                               : loaded 2 times (x 179B)
Class com.google.common.util.concurrent.AbstractFuture$Cancellation                   : loaded 2 times (x 72B)
Class com.google.common.collect.ImmutableMap$Builder                                  : loaded 2 times (x 82B)
Class com.google.common.base.NullnessCasts                                            : loaded 2 times (x 71B)
Class com.google.common.cache.RemovalListener                                         : loaded 2 times (x 70B)
Class org.jetbrains.plugins.gradle.tooling.serialization.RepositoriesModelSerializationService: loaded 2 times (x 82B)
Class com.android.ide.gradle.model.artifacts.AdditionalClassifierArtifactsModel       : loaded 2 times (x 70B)
Class org.gradle.tooling.internal.gradle.GradleProjectIdentity                        : loaded 2 times (x 70B)
Class org.gradle.api.internal.DefaultClassPathRegistry                                : loaded 2 times (x 76B)
Class com.google.common.collect.ImmutableMultimap$Keys                                : loaded 2 times (x 166B)
Class com.android.builder.model.v2.ide.JavaArtifact                                   : loaded 2 times (x 70B)
Class com.google.common.primitives.IntsMethodsForWeb                                  : loaded 2 times (x 71B)
Class kotlin.sequences.SequencesKt___SequencesKt                                      : loaded 2 times (x 71B)
Class org.jetbrains.plugins.gradle.tooling.serialization.RepositoriesModelSerializationService$ReadContext: loaded 2 times (x 72B)
Class kotlin.ranges.ClosedRange                                                       : loaded 2 times (x 70B)
Class org.gradle.api.internal.ClassPathRegistry                                       : loaded 2 times (x 70B)
Class org.gradle.internal.classpath.DefaultClassPath$ImmutableUniqueList              : loaded 2 times (x 199B)
Class com.google.common.base.ExtraObjectsMethodsForWeb                                : loaded 2 times (x 71B)
Class com.intellij.gradle.toolingExtension.impl.model.projectModel.GradleExternalProjectSerializationService$WriteContext: loaded 2 times (x 73B)
Class kotlin.text.StringsKt__StringsJVMKt                                             : loaded 2 times (x 71B)
Class kotlin.collections.IntIterator                                                  : loaded 2 times (x 82B)
Class com.google.common.collect.NullnessCasts                                         : loaded 2 times (x 71B)
Class kotlin.text.MatcherMatchResult$groupValues$1                                    : loaded 2 times (x 198B)
Class com.android.builder.model.v2.dsl.SigningConfig                                  : loaded 2 times (x 70B)
Class com.android.builder.model.v2.models.AndroidProject                              : loaded 2 times (x 70B)
Class com.android.builder.model.v2.AndroidModel                                       : loaded 2 times (x 70B)
Class com.google.common.cache.CacheBuilder                                            : loaded 2 times (x 72B)
Class com.google.common.collect.ReverseNaturalOrdering                                : loaded 2 times (x 114B)
Class Settings_gradle$1                                                               : loaded 2 times (x 74B)
Class kotlin.text.StringsKt__IndentKt                                                 : loaded 2 times (x 71B)
Class kotlin.collections.SetsKt                                                       : loaded 2 times (x 71B)
Class org.gradle.internal.classpath.ClassPath                                         : loaded 2 times (x 70B)
Class org.gradle.api.UncheckedIOException                                             : loaded 2 times (x 82B)
Class com.google.common.base.CharMatcher$None                                         : loaded 2 times (x 112B)
Class com.google.common.base.JdkPattern                                               : loaded 2 times (x 75B)
Class org.jetbrains.plugins.gradle.tooling.serialization.KotlinDslScriptsModelSerializationService: loaded 2 times (x 81B)
Class kotlin.reflect.KFunction                                                        : loaded 2 times (x 70B)
Class kotlin.collections.ArrayDeque                                                   : loaded 2 times (x 207B)
Class org.objectweb.asm.SymbolTable$Entry                                             : loaded 2 times (x 74B)
Class org.jetbrains.kotlin.idea.gradleTooling.KotlinGradleModel                       : loaded 2 times (x 70B)
Class org.jetbrains.plugins.gradle.tooling.serialization.ExternalTestsSerializationService$WriteContext: loaded 2 times (x 72B)
Class kotlin.collections.MapsKt__MapsKt                                               : loaded 2 times (x 71B)
Class com.android.builder.model.v2.ide.Variant                                        : loaded 2 times (x 70B)
Class org.objectweb.asm.Edge                                                          : loaded 2 times (x 72B)
Class com.google.common.base.Suppliers$SupplierOfInstance                             : loaded 2 times (x 79B)
Class org.gradle.internal.classloader.DefaultClassLoaderFactory                       : loaded 2 times (x 82B)
Class org.gradle.tooling.model.Model                                                  : loaded 2 times (x 70B)
Class com.google.common.cache.LocalCache$ComputingValueReference                      : loaded 2 times (x 96B)
Class com.intellij.util.containers.IntObjectHashMap$ArrayProducer                     : loaded 2 times (x 70B)
Class com.google.common.collect.ImmutableMap$IteratorBasedImmutableMap                : loaded 2 times (x 125B)
Class com.android.ide.gradle.model.composites.BuildMap                                : loaded 2 times (x 70B)
Class kotlin.Metadata                                                                 : loaded 2 times (x 70B)
Class kotlin.UninitializedPropertyAccessException                                     : loaded 2 times (x 82B)
Class com.android.builder.model.v2.ide.Library                                        : loaded 2 times (x 70B)
Class com.android.builder.model.v2.ide.ArtifactDependenciesAdjacencyList              : loaded 2 times (x 70B)
Class com.android.builder.model.v2.models.Versions                                    : loaded 2 times (x 70B)
Class com.google.common.cache.LocalCache$Segment                                      : loaded 2 times (x 154B)
Class org.jetbrains.plugins.gradle.model.IntelliJProjectSettings                      : loaded 2 times (x 70B)
Class org.gradle.tooling.internal.adapter.ProtocolToModelAdapter$MethodInvocationCache: loaded 2 times (x 73B)
Class com.android.builder.model.v2.models.ndk.NativeModule                            : loaded 2 times (x 70B)
Class org.jetbrains.kotlin.idea.gradleTooling.AndroidAwareGradleModelProvider$Companion: loaded 2 times (x 71B)
Class [Lorg.objectweb.asm.SymbolTable$Entry;                                          : loaded 2 times (x 69B)
Class com.google.common.cache.CacheLoader                                             : loaded 2 times (x 74B)
Class com.google.common.base.Suppliers                                                : loaded 2 times (x 71B)
Class com.google.common.collect.ImmutableBiMap                                        : loaded 2 times (x 143B)
Class com.google.common.collect.AbstractListMultimap                                  : loaded 2 times (x 172B)
Class org.jetbrains.plugins.gradle.model.ExternalDependency                           : loaded 2 times (x 70B)
Class com.intellij.util.containers.IntObjectHashMap                                   : loaded 2 times (x 72B)
Class org.gradle.internal.installation.GradleInstallation$1                           : loaded 2 times (x 75B)
Class org.gradle.api.internal.classpath.ModuleRegistry                                : loaded 2 times (x 70B)
Class com.google.common.util.concurrent.internal.InternalFutureFailureAccess          : loaded 2 times (x 72B)
Class [Lcom.google.common.cache.CacheBuilder$OneWeigher;                              : loaded 2 times (x 69B)
Class com.google.common.collect.ImmutableSet$JdkBackedSetBuilderImpl                  : loaded 2 times (x 76B)
Class com.google.common.base.Splitter$SplittingIterator                               : loaded 2 times (x 84B)
Class org.jetbrains.plugins.gradle.model.VersionCatalogsModel                         : loaded 2 times (x 70B)
Class com.intellij.gradle.toolingExtension.impl.model.sourceSetDependencyModel.GradleSourceSetDependencySerialisationService$SourceSetDependencyModelReadContext: loaded 2 times (x 72B)
Class com.intellij.gradle.toolingExtension.impl.model.dependencyModel.DependencyReadContext: loaded 2 times (x 72B)
Class org.gradle.tooling.internal.adapter.ObjectGraphAdapter                          : loaded 2 times (x 70B)
Class com.google.common.collect.ImmutableMultimap$Values                              : loaded 2 times (x 126B)
Class com.android.builder.model.v2.ide.Installation                                   : loaded 2 times (x 70B)
Class com.google.common.cache.LocalCache$LocalManualCache$1                           : loaded 2 times (x 75B)
Class org.objectweb.asm.MethodTooLargeException                                       : loaded 2 times (x 83B)
Class org.jetbrains.plugins.gradle.model.ProjectImportModelProvider                   : loaded 2 times (x 70B)
Class org.jetbrains.plugins.gradle.model.ExternalSourceSet                            : loaded 2 times (x 70B)
Class com.intellij.gradle.toolingExtension.impl.model.warmUp.GradleTaskWarmUpRequest  : loaded 2 times (x 70B)
Class com.android.ide.gradle.model.LegacyAndroidGradlePluginPropertiesModelParameters : loaded 2 times (x 70B)
Class com.google.common.collect.ImmutableSortedAsList                                 : loaded 2 times (x 221B)
Class kotlin.text.RegexKt                                                             : loaded 2 times (x 71B)
Class kotlin.coroutines.intrinsics.IntrinsicsKt__IntrinsicsKt                         : loaded 2 times (x 71B)
Class com.android.builder.model.v2.models.ModelBuilderParameter                       : loaded 2 times (x 70B)
Class com.google.common.base.Platform$JdkPatternCompiler                              : loaded 2 times (x 75B)
Class org.gradle.internal.operations.MultipleBuildOperationFailures                   : loaded 2 times (x 95B)
Class com.intellij.gradle.toolingExtension.impl.model.sourceSetArtifactIndex.GradleSourceSetArtifactBuildRequest: loaded 2 times (x 70B)
Class kotlin.io.FilesKt__UtilsKt                                                      : loaded 2 times (x 71B)
Class com.google.common.collect.Lists$TransformingRandomAccessList                    : loaded 2 times (x 199B)
Class kotlin.collections.CollectionsKt__CollectionsJVMKt                              : loaded 2 times (x 71B)
Class org.gradle.api.internal.classpath.DefaultModuleRegistry                         : loaded 2 times (x 86B)
Class com.google.common.util.concurrent.ListenableFuture                              : loaded 2 times (x 70B)
Class com.google.common.cache.ReferenceEntry                                          : loaded 2 times (x 70B)
Class org.gradle.tooling.internal.adapter.MethodInvocation                            : loaded 2 times (x 85B)
Class com.google.common.base.Converter                                                : loaded 2 times (x 90B)
Class kotlin.sequences.TransformingSequence                                           : loaded 2 times (x 75B)
Class org.jetbrains.plugins.gradle.tooling.serialization.internal.IdeaProjectSerializationService$WriteContext$1: loaded 2 times (x 83B)
Class org.jetbrains.plugins.gradle.model.ExternalProject                              : loaded 2 times (x 70B)
Class kotlin.sequences.SequencesKt                                                    : loaded 2 times (x 71B)
Class kotlin.collections.CollectionsKt__IteratorsKt                                   : loaded 2 times (x 71B)
Class [Lcom.android.builder.model.v2.ide.CodeShrinker;                                : loaded 2 times (x 69B)
Class com.google.common.util.concurrent.AbstractFuture                                : loaded 2 times (x 106B)
Class com.google.common.base.FunctionalEquivalence                                    : loaded 2 times (x 83B)
Class org.objectweb.asm.ClassVisitor                                                  : loaded 2 times (x 88B)
Class com.google.common.collect.AbstractMapBasedMultimap                              : loaded 2 times (x 139B)
Class [Lorg.objectweb.asm.Symbol;                                                     : loaded 2 times (x 69B)
Class org.jetbrains.plugins.gradle.tooling.serialization.internal.IdeaProjectSerializationService$WriteContext$2: loaded 2 times (x 83B)
Class kotlin.text.StringsKt                                                           : loaded 2 times (x 71B)
Class com.google.common.collect.ImmutableMultiset                                     : loaded 2 times (x 163B)
Class org.objectweb.asm.RecordComponentVisitor                                        : loaded 2 times (x 77B)
Class com.google.common.cache.CacheLoader$SupplierToCacheLoader                       : loaded 2 times (x 75B)
Class org.jetbrains.plugins.gradle.tooling.serialization.AnnotationProcessingModelSerializationService$ReadContext: loaded 2 times (x 72B)
Class org.jetbrains.plugins.gradle.tooling.serialization.internal.IdeaProjectSerializationService$WriteContext$3: loaded 2 times (x 83B)
Class gnu.trove.TObjectHash$NULL                                                      : loaded 2 times (x 71B)
Class org.gradle.util.internal.DefaultGradleVersion$Stage                             : loaded 2 times (x 75B)
Class kotlin.coroutines.jvm.internal.RestrictedContinuationImpl                       : loaded 2 times (x 87B)
Class org.jetbrains.kotlin.idea.gradleTooling.AndroidAwareGradleModelProvider         : loaded 2 times (x 79B)
Class org.jetbrains.plugins.gradle.tooling.serialization.internal.IdeaProjectSerializationService$WriteContext$4: loaded 2 times (x 83B)
Class com.intellij.gradle.toolingExtension.impl.model.sourceSetDependencyModel.GradleSourceSetDependencySerialisationService$Companion: loaded 2 times (x 71B)
Class ijInit1_6qtktrw54ipnxjoj3w1axob5p                                               : loaded 2 times (x 179B)
Class [Lkotlin.Pair;                                                                  : loaded 2 times (x 69B)
Class kotlin.text.StringsKt__StringNumberConversionsKt                                : loaded 2 times (x 71B)
Class kotlin.io.FilesKt__FileReadWriteKt                                              : loaded 2 times (x 71B)
Class com.google.common.collect.UsingToStringOrdering                                 : loaded 2 times (x 114B)
Class kotlin.text.MatchNamedGroupCollection                                           : loaded 2 times (x 70B)
Class kotlin.jvm.internal.markers.KMutableList                                        : loaded 2 times (x 70B)
Class org.gradle.internal.time.MonotonicClock                                         : loaded 2 times (x 77B)
Class org.gradle.internal.service.ServiceLookupException                              : loaded 2 times (x 82B)
Class com.google.common.collect.Lists$ReverseList                                     : loaded 2 times (x 200B)
Class com.android.utils.FileUtils                                                     : loaded 2 times (x 71B)
Class [Lcom.google.common.cache.LocalCache$EntryFactory;                              : loaded 2 times (x 69B)
Class com.intellij.gradle.toolingExtension.util.GradleVersionSpecificsUtil            : loaded 2 times (x 71B)
Class org.jetbrains.plugins.gradle.tooling.serialization.internal.IdeaProjectSerializationService$WriteContext$5: loaded 2 times (x 83B)
Class com.intellij.gradle.toolingExtension.impl.model.sourceSetDependencyModel.GradleSourceSetDependencySerialisationService$SourceSetDependencyModelWriteContext: loaded 2 times (x 72B)
Class com.android.builder.model.v2.ide.AaptOptions$Namespacing                        : loaded 2 times (x 79B)
Class org.gradle.internal.classloader.ClassLoaderFactory                              : loaded 2 times (x 70B)
Class com.android.builder.model.v2.ide.LibraryInfo                                    : loaded 2 times (x 70B)
Class com.google.common.cache.LocalCache$LocalManualCache                             : loaded 2 times (x 99B)
Class org.gradle.tooling.internal.adapter.TargetTypeProvider                          : loaded 2 times (x 70B)
Class com.google.common.base.CommonPattern                                            : loaded 2 times (x 74B)
Class org.jetbrains.plugins.gradle.tooling.serialization.internal.IdeaProjectSerializationService$WriteContext$6: loaded 2 times (x 83B)
Class org.jetbrains.plugins.gradle.tooling.util.IntObjectMap                          : loaded 2 times (x 73B)
Class org.gradle.internal.service.CachingServiceLocator                               : loaded 2 times (x 82B)
Class com.google.common.collect.AbstractMapBasedMultimap$KeySet                       : loaded 2 times (x 137B)
Class com.android.builder.model.v2.ide.ViewBindingOptions                             : loaded 2 times (x 70B)
Class com.google.common.math.IntMath                                                  : loaded 2 times (x 71B)
Class org.jetbrains.plugins.gradle.model.RepositoryModels                             : loaded 2 times (x 70B)
Class org.jetbrains.plugins.gradle.tooling.serialization.internal.IdeaProjectSerializationService$WriteContext$7: loaded 2 times (x 83B)
Class kotlin.jvm.internal.CallableReference                                           : loaded 2 times (x 106B)
Class com.google.common.collect.ImmutableMapEntry                                     : loaded 2 times (x 85B)
Class org.jetbrains.plugins.gradle.tooling.serialization.internal.IdeaProjectSerializationService$WriteContext$8: loaded 2 times (x 83B)
Class gnu.trove.TObjectIntProcedure                                                   : loaded 2 times (x 70B)
Class kotlin.ranges.IntRange                                                          : loaded 2 times (x 93B)
Class org.gradle.tooling.model.idea.IdeaDependencyScope                               : loaded 2 times (x 70B)
Class org.gradle.internal.time.TimeSource                                             : loaded 2 times (x 70B)
Class org.gradle.tooling.model.kotlin.dsl.KotlinDslScriptsModel                       : loaded 2 times (x 70B)
Class com.google.common.collect.ImmutableMultimap                                     : loaded 2 times (x 147B)
Class com.android.builder.model.v2.ide.TestInfo                                       : loaded 2 times (x 70B)
Class com.google.common.base.Equivalence                                              : loaded 2 times (x 82B)
Class com.google.common.collect.ImmutableMapEntry$NonTerminalImmutableMapEntry        : loaded 2 times (x 85B)
Class kotlin.ranges.IntProgression$Companion                                          : loaded 2 times (x 71B)
Class org.jetbrains.plugins.gradle.tooling.serialization.SerializationService         : loaded 2 times (x 70B)
Class org.gradle.tooling.internal.gradle.GradleBuildIdentity                          : loaded 2 times (x 70B)
Class kotlin.enums.EnumEntries                                                        : loaded 2 times (x 70B)
Class com.android.builder.model.v2.ide.JavaCompileOptions                             : loaded 2 times (x 70B)
Class com.google.common.collect.IndexedImmutableSet$1                                 : loaded 2 times (x 212B)
Class com.google.common.cache.CacheBuilder$OneWeigher                                 : loaded 2 times (x 82B)
Class org.jetbrains.plugins.gradle.model.GradleExtensions                             : loaded 2 times (x 70B)
Class org.jetbrains.plugins.gradle.tooling.serialization.internal.adapter.Supplier    : loaded 2 times (x 70B)
Class org.gradle.tooling.internal.adapter.ProtocolToModelAdapter$MixInMappingAction   : loaded 2 times (x 80B)
Class org.gradle.internal.exceptions.ResolutionProvider                               : loaded 2 times (x 70B)
Class org.gradle.tooling.model.idea.IdeaCompilerOutput                                : loaded 2 times (x 70B)
Class org.gradle.tooling.model.ProjectIdentifier                                      : loaded 2 times (x 70B)
Class org.gradle.internal.classloader.ClasspathUtil                                   : loaded 2 times (x 71B)
Class com.android.builder.model.v2.ide.ComponentInfo                                  : loaded 2 times (x 70B)
Class org.jetbrains.kotlin.tooling.core.HasExtras                                     : loaded 2 times (x 70B)
Class com.google.common.util.concurrent.Uninterruptibles                              : loaded 2 times (x 71B)
Class com.android.builder.model.v2.ide.ProjectType                                    : loaded 2 times (x 79B)
Class com.intellij.gradle.toolingExtension.impl.model.sourceSetModel.GradleSourceSetSerialisationService: loaded 2 times (x 77B)
Class kotlin.io.FileSystemException                                                   : loaded 2 times (x 82B)
Class com.android.builder.model.v2.dsl.BaseConfig                                     : loaded 2 times (x 70B)
Class com.google.common.collect.Maps                                                  : loaded 2 times (x 71B)
Class org.gradle.internal.time.TimeSource$1                                           : loaded 2 times (x 77B)
Class kotlin.jvm.internal.DefaultConstructorMarker                                    : loaded 2 times (x 71B)
Class org.gradle.api.specs.Spec                                                       : loaded 2 times (x 70B)
Class [Lcom.google.common.collect.ImmutableEntry;                                     : loaded 2 times (x 69B)
Class com.google.common.cache.LocalCache$LoadingValueReference                        : loaded 2 times (x 96B)
Class com.intellij.gradle.toolingExtension.impl.model.buildScriptClasspathModel.GradleBuildScriptClasspathSerializationService: loaded 2 times (x 77B)
Class com.google.common.base.Platform                                                 : loaded 2 times (x 71B)
Class org.jetbrains.plugins.gradle.model.FileCollectionDependency                     : loaded 2 times (x 70B)
Class com.intellij.gradle.toolingExtension.impl.model.utilDummyModel.DummyModel       : loaded 2 times (x 70B)
Class kotlin.text.StringsKt__RegexExtensionsKt                                        : loaded 2 times (x 71B)
Class kotlin.collections.EmptyIterator                                                : loaded 2 times (x 89B)
Class org.gradle.internal.time.Clock                                                  : loaded 2 times (x 70B)
Class com.android.builder.model.v2.dsl.ProductFlavor                                  : loaded 2 times (x 70B)
Class [Lcom.android.builder.model.v2.ide.TestInfo$Execution;                          : loaded 2 times (x 69B)
Class [Lorg.objectweb.asm.AnnotationWriter;                                           : loaded 2 times (x 69B)
Class com.google.common.collect.Maps$8                                                : loaded 2 times (x 82B)
Class org.jetbrains.plugins.gradle.model.GradleSourceSetDependencyModel               : loaded 2 times (x 70B)
Class com.google.common.collect.CompoundOrdering                                      : loaded 2 times (x 115B)
Class kotlin.sequences.SequencesKt__SequencesJVMKt                                    : loaded 2 times (x 71B)
Class kotlin.coroutines.jvm.internal.RestrictedSuspendLambda                          : loaded 2 times (x 91B)
Class org.gradle.tooling.internal.adapter.TypeInspector                               : loaded 2 times (x 73B)
Class org.gradle.tooling.internal.adapter.ProtocolToModelAdapter$NoOpDecoration       : loaded 2 times (x 79B)
Class org.gradle.tooling.model.Element                                                : loaded 2 times (x 70B)
Class kotlin.collections.AbstractList                                                 : loaded 2 times (x 197B)
Class kotlin.collections.AbstractCollection                                           : loaded 2 times (x 117B)
Class com.google.common.collect.Lists$ReverseList$1                                   : loaded 2 times (x 99B)
Class org.jetbrains.plugins.gradle.model.AnnotationProcessingModel                    : loaded 2 times (x 70B)
Class org.jetbrains.kotlin.tooling.core.Extras                                        : loaded 2 times (x 70B)
Class com.google.common.collect.Sets$SetView                                          : loaded 2 times (x 138B)
Class com.google.common.cache.LocalCache$StrongValueReference                         : loaded 2 times (x 90B)
Class com.intellij.gradle.toolingExtension.impl.model.taskModel.GradleTaskSerialisationService: loaded 2 times (x 76B)
Class com.android.ide.gradle.model.LegacyV1AgpVersionModel                            : loaded 2 times (x 70B)
Class kotlin.text.StringsKt__StringBuilderJVMKt                                       : loaded 2 times (x 71B)
Class kotlin.text.Regex                                                               : loaded 2 times (x 72B)
Class kotlin.sequences.SequencesKt__SequenceBuilderKt$sequence$$inlined$Sequence$1    : loaded 2 times (x 75B)
Class kotlin.Triple                                                                   : loaded 2 times (x 72B)
Class org.objectweb.asm.Type                                                          : loaded 2 times (x 72B)
Class org.jetbrains.plugins.gradle.tooling.util.IntObjectMap$1                        : loaded 2 times (x 77B)
Class org.gradle.internal.classloader.VisitableURLClassLoader$InstrumentingVisitableURLClassLoader: loaded 2 times (x 123B)
Class com.android.builder.model.v2.ide.AndroidGradlePluginProjectFlags                : loaded 2 times (x 70B)
Class [Lcom.android.builder.model.v2.ide.AndroidGradlePluginProjectFlags$BooleanFlag; : loaded 2 times (x 69B)
Class com.android.builder.model.v2.ide.BasicVariant                                   : loaded 2 times (x 70B)
Class org.objectweb.asm.ByteVector                                                    : loaded 2 times (x 79B)
Class [Lcom.google.common.cache.CacheBuilder$NullListener;                            : loaded 2 times (x 69B)
Class com.google.common.math.IntMath$1                                                : loaded 2 times (x 71B)
Class kotlin.comparisons.ComparisonsKt__ComparisonsKt                                 : loaded 2 times (x 71B)
Class kotlin.ranges.RangesKt__RangesKt                                                : loaded 2 times (x 71B)
Class kotlin.collections.SetsKt___SetsKt                                              : loaded 2 times (x 71B)
Class kotlin.sequences.SequencesKt__SequencesKt                                       : loaded 2 times (x 71B)
Class kotlin.coroutines.Continuation                                                  : loaded 2 times (x 70B)
Class org.gradle.internal.classloader.VisitableURLClassLoader$Spec                    : loaded 2 times (x 74B)
Class org.gradle.internal.classpath.DefaultClassPath                                  : loaded 2 times (x 90B)
Class com.android.builder.model.v2.ide.BundleInfo                                     : loaded 2 times (x 70B)
Class com.android.builder.model.v2.ide.SourceProvider                                 : loaded 2 times (x 70B)
Class org.objectweb.asm.Symbol                                                        : loaded 2 times (x 73B)
Class com.google.common.base.AbstractIterator                                         : loaded 2 times (x 80B)
Class org.jetbrains.plugins.gradle.model.GradleBuildScriptClasspathModel              : loaded 2 times (x 70B)
Class kotlin.sequences.FilteringSequence                                              : loaded 2 times (x 75B)
Class kotlin.text.CharsKt__CharJVMKt                                                  : loaded 2 times (x 71B)
Class kotlin.comparisons.ComparisonsKt                                                : loaded 2 times (x 71B)
Class kotlin.comparisons.ComparisonsKt___ComparisonsKt                                : loaded 2 times (x 71B)
Class kotlin.coroutines.jvm.internal.BaseContinuationImpl                             : loaded 2 times (x 87B)
Class kotlin.Result$Companion                                                         : loaded 2 times (x 71B)
Class org.gradle.util.internal.DefaultGradleVersion                                   : loaded 2 times (x 82B)
Class com.google.common.collect.RegularImmutableMap$Values                            : loaded 2 times (x 207B)
Class com.google.common.collect.ImmutableMap$MapViewOfValuesAsSingletonSets           : loaded 2 times (x 125B)
Class com.google.common.collect.RegularImmutableMap                                   : loaded 2 times (x 121B)
Class org.gradle.internal.classloader.ClassLoaderSpec                                 : loaded 2 times (x 71B)
Class org.objectweb.asm.AnnotationWriter                                              : loaded 2 times (x 79B)
Class com.google.common.cache.CacheStats                                              : loaded 2 times (x 71B)
Class kotlin.jvm.internal.FunctionReferenceImpl                                       : loaded 2 times (x 122B)
Class kotlin.collections.CollectionsKt___CollectionsJvmKt                             : loaded 2 times (x 71B)
Class com.google.common.collect.ImmutableMultisetGwtSerializationDependencies         : loaded 2 times (x 125B)
Class org.objectweb.asm.RecordComponentWriter                                         : loaded 2 times (x 78B)
Class [Lcom.android.builder.model.v2.ide.ProjectType;                                 : loaded 2 times (x 69B)
Class com.google.common.util.concurrent.AbstractFuture$Listener                       : loaded 2 times (x 72B)
Class com.android.builder.model.v2.ide.AndroidArtifact                                : loaded 2 times (x 70B)
Class Settings_gradle$1$1                                                             : loaded 2 times (x 74B)
Class kotlin.TuplesKt                                                                 : loaded 2 times (x 71B)
Class kotlin.jvm.internal.markers.KMutableIterable                                    : loaded 2 times (x 70B)
Class kotlin.Unit                                                                     : loaded 2 times (x 71B)
Class kotlin.sequences.SequencesKt___SequencesJvmKt                                   : loaded 2 times (x 71B)
Class org.gradle.tooling.internal.adapter.ProtocolToModelAdapter$DefaultViewBuilder   : loaded 2 times (x 80B)
Class [Lcom.android.builder.model.v2.ide.AaptOptions$Namespacing;                     : loaded 2 times (x 69B)
Class com.android.ide.common.gradle.Version$Companion$ParseState                      : loaded 2 times (x 70B)
Class org.objectweb.asm.Attribute                                                     : loaded 2 times (x 77B)
Class com.google.common.base.Supplier                                                 : loaded 2 times (x 70B)
Class kotlin.ranges.RangesKt                                                          : loaded 2 times (x 71B)
Class org.gradle.tooling.internal.adapter.ProtocolToModelAdapter$ViewGraphDetails$1   : loaded 2 times (x 77B)
Class org.gradle.internal.classloader.VisitableURLClassLoader                         : loaded 2 times (x 117B)
Class Settings_gradle                                                                 : loaded 2 times (x 128B)
Class org.jetbrains.plugins.gradle.tooling.serialization.ExternalTestsSerializationService$ReadContext: loaded 2 times (x 72B)
Class kotlin.sequences.FlatteningSequence$iterator$1                                  : loaded 2 times (x 79B)
Class kotlin.jvm.functions.Function0                                                  : loaded 2 times (x 70B)
Class kotlin.collections.ArraysUtilJVM                                                : loaded 2 times (x 71B)
Class org.gradle.api.internal.classpath.ManifestUtil                                  : loaded 2 times (x 71B)
Class org.gradle.tooling.internal.adapter.ProtocolToModelAdapter$InvocationHandlerImpl: loaded 2 times (x 77B)
Class org.gradle.tooling.model.idea.IdeaDependency                                    : loaded 2 times (x 70B)
Class com.android.builder.model.v2.ide.AaptOptions                                    : loaded 2 times (x 70B)
Class [Lcom.android.builder.model.v2.ide.BytecodeTransformation;                      : loaded 2 times (x 69B)
Class com.google.common.base.Strings                                                  : loaded 2 times (x 71B)
Class com.android.ide.common.gradle.Version$Companion                                 : loaded 2 times (x 71B)
Class com.google.common.collect.Sets                                                  : loaded 2 times (x 71B)
Class org.objectweb.asm.Handler                                                       : loaded 2 times (x 72B)
Class com.google.common.base.Ticker                                                   : loaded 2 times (x 72B)
Class org.gradle.tooling.model.build.GradleEnvironment                                : loaded 2 times (x 70B)
Class kotlin.collections.AbstractMutableList                                          : loaded 2 times (x 206B)
Class kotlin.jvm.functions.Function1                                                  : loaded 2 times (x 70B)
Class com.android.builder.model.v2.models.ndk.NativeModelBuilderParameter             : loaded 2 times (x 70B)
Class [Lcom.google.common.cache.LocalCache$Segment;                                   : loaded 2 times (x 69B)
Class [Lcom.google.common.cache.LocalCache$Strength;                                  : loaded 2 times (x 69B)
Class com.google.common.cache.CacheBuilder$1                                          : loaded 2 times (x 85B)
Class com.google.common.collect.ImmutableMap                                          : loaded 2 times (x 120B)
Class org.jetbrains.plugins.gradle.tooling.util.IntObjectMap$ObjectFactory            : loaded 2 times (x 70B)
Class org.jetbrains.plugins.gradle.tooling.serialization.internal.IdeaProjectSerializationService$WriteContext: loaded 2 times (x 72B)
Class com.intellij.gradle.toolingExtension.impl.model.sourceSetDependencyModel.GradleSourceSetDependencySerialisationService: loaded 2 times (x 77B)
Class org.jetbrains.plugins.gradle.model.GradleSourceSetModel                         : loaded 2 times (x 70B)
Class kotlin.KotlinNothingValueException                                              : loaded 2 times (x 82B)
Class kotlin.jvm.functions.Function2                                                  : loaded 2 times (x 70B)
Class org.gradle.internal.classpath.DefaultClassPath$ImmutableUniqueList$Builder      : loaded 2 times (x 75B)
Class com.google.common.util.concurrent.ExecutionError                                : loaded 2 times (x 82B)
Class com.google.common.cache.LocalCache                                              : loaded 2 times (x 187B)
Class com.google.common.cache.CacheBuilder$2                                          : loaded 2 times (x 72B)
Class com.google.common.collect.ImmutableEnumSet                                      : loaded 2 times (x 146B)
Class com.android.ide.gradle.model.dependencies.Coordinates                           : loaded 2 times (x 70B)
Class kotlin.collections.MapsKt___MapsJvmKt                                           : loaded 2 times (x 71B)
Class org.gradle.tooling.internal.adapter.WeakIdentityHashMap$AbsentValueProvider     : loaded 2 times (x 70B)
Class [Lcom.google.common.collect.AbstractMapEntry;                                   : loaded 2 times (x 69B)
Class com.google.common.collect.ImmutableEntry                                        : loaded 2 times (x 82B)
Class com.google.common.collect.ArrayListMultimap                                     : loaded 2 times (x 172B)
Class gnu.trove.TObjectHash                                                           : loaded 2 times (x 94B)
Class org.jetbrains.plugins.gradle.tooling.util.ObjectCollector$Processor             : loaded 2 times (x 70B)
Class kotlin.jvm.functions.Function4                                                  : loaded 2 times (x 70B)
Class kotlin.collections.EmptySet                                                     : loaded 2 times (x 122B)
Class kotlin.annotation.Target                                                        : loaded 2 times (x 70B)
Class kotlin.collections.CollectionsKt___CollectionsKt                                : loaded 2 times (x 71B)
Class com.android.builder.model.v2.models.VariantDependenciesAdjacencyList            : loaded 2 times (x 70B)
Class org.gradle.internal.exceptions.NonGradleCauseExceptionsHolder                   : loaded 2 times (x 70B)
Class org.gradle.tooling.model.idea.IdeaModuleDependency                              : loaded 2 times (x 70B)
Class org.gradle.tooling.internal.adapter.ViewBuilder                                 : loaded 2 times (x 70B)
Class com.android.builder.model.v2.ide.AndroidLibraryData                             : loaded 2 times (x 70B)
Class com.android.builder.model.v2.ide.ApiVersion                                     : loaded 2 times (x 70B)
Class com.android.ide.common.gradle.Version                                           : loaded 2 times (x 75B)
Class com.google.common.collect.CollectPreconditions                                  : loaded 2 times (x 71B)
Class org.jetbrains.plugins.gradle.model.AnnotationProcessingConfig                   : loaded 2 times (x 70B)
Class gnu.trove.Equality                                                              : loaded 2 times (x 70B)
Class kotlin.text.StringsKt___StringsJvmKt                                            : loaded 2 times (x 71B)
Class kotlin.reflect.KDeclarationContainer                                            : loaded 2 times (x 70B)
Class kotlin.annotation.Retention                                                     : loaded 2 times (x 70B)
Class com.android.builder.model.v2.models.Versions$Version                            : loaded 2 times (x 70B)
Class com.google.common.collect.SortedMapDifference                                   : loaded 2 times (x 70B)
Class org.jetbrains.plugins.gradle.tooling.ModelBuilderService$Parameter              : loaded 2 times (x 70B)
Class kotlin.io.FilesKt                                                               : loaded 2 times (x 71B)
Class kotlin.collections.MapsKt___MapsKt                                              : loaded 2 times (x 71B)
Class kotlin.collections.ArraysKt___ArraysKt                                          : loaded 2 times (x 71B)
Class com.google.common.cache.LocalCache$WriteThroughEntry                            : loaded 2 times (x 79B)
Class com.google.common.cache.LocalCache$HashIterator                                 : loaded 2 times (x 86B)
Class com.google.common.cache.LocalCache$EntryFactory                                 : loaded 2 times (x 83B)
Class gnu.trove.TObjectHashingStrategy                                                : loaded 2 times (x 70B)
Class kotlin.collections.MapsKt__MapWithDefaultKt                                     : loaded 2 times (x 71B)
Class org.gradle.tooling.internal.adapter.ProtocolToModelAdapter$ReflectionMethodInvoker: loaded 2 times (x 76B)
Class [Lcom.android.ide.common.gradle.Separator;                                      : loaded 2 times (x 69B)
Class org.jetbrains.kotlin.tooling.core.HasMutableExtras                              : loaded 2 times (x 70B)
Class com.google.common.cache.LocalCache$AbstractReferenceEntry                       : loaded 2 times (x 107B)
Class com.google.common.base.CharMatcher$Whitespace                                   : loaded 2 times (x 112B)
Class kotlin.text.StringsKt___StringsKt                                               : loaded 2 times (x 71B)
Class com.google.common.collect.NullsLastOrdering                                     : loaded 2 times (x 115B)
Class kotlin.collections.CollectionsKt__MutableCollectionsJVMKt                       : loaded 2 times (x 71B)
Class org.gradle.internal.classloader.ClassLoaderHierarchy                            : loaded 2 times (x 70B)
Class kotlin.enums.EnumEntriesKt                                                      : loaded 2 times (x 71B)
Class com.android.builder.model.v2.models.VariantDependencies                         : loaded 2 times (x 70B)
Class kotlin.collections.CollectionsKt__ReversedViewsKt                               : loaded 2 times (x 71B)
Class org.objectweb.asm.SymbolTable                                                   : loaded 2 times (x 72B)
Class com.google.common.cache.CacheLoader$InvalidCacheLoadException                   : loaded 2 times (x 82B)
Class kotlin.sequences.SequencesKt__SequenceBuilderKt                                 : loaded 2 times (x 71B)
Class com.intellij.gradle.toolingExtension.model.repositoryModel.ProjectRepositoriesModel: loaded 2 times (x 70B)
Class org.jetbrains.plugins.gradle.model.GradleProperty                               : loaded 2 times (x 70B)
Class gnu.trove.TObjectCanonicalHashingStrategy                                       : loaded 2 times (x 78B)
Class org.gradle.internal.classloader.SystemClassLoaderSpec                           : loaded 2 times (x 71B)
Class com.android.builder.model.v2.ide.TestedTargetVariant                            : loaded 2 times (x 70B)
Class com.google.common.cache.LocalCache$StrongEntry                                  : loaded 2 times (x 108B)
Class com.google.common.util.concurrent.AbstractFuture$TrustedFuture                  : loaded 2 times (x 114B)
Class com.google.common.cache.LoadingCache                                            : loaded 2 times (x 70B)
Class kotlin.ranges.IntRange$Companion                                                : loaded 2 times (x 71B)
Class kotlin.text.MatcherMatchResult$groups$1                                         : loaded 2 times (x 151B)
Class kotlin.collections.EmptyMap                                                     : loaded 2 times (x 108B)
Class kotlin.reflect.KAnnotatedElement                                                : loaded 2 times (x 70B)
Class kotlin.jvm.internal.markers.KMutableCollection                                  : loaded 2 times (x 70B)
Class kotlin.coroutines.intrinsics.IntrinsicsKt                                       : loaded 2 times (x 71B)
Class org.gradle.internal.exceptions.MultiCauseException                              : loaded 2 times (x 70B)
Class org.gradle.internal.time.CountdownTimer                                         : loaded 2 times (x 70B)
Class kotlin.jvm.internal.Intrinsics                                                  : loaded 2 times (x 71B)
Class org.objectweb.asm.MethodWriter                                                  : loaded 2 times (x 106B)
Class [Lcom.google.common.cache.Weigher;                                              : loaded 2 times (x 69B)
Class com.google.common.collect.RegularImmutableMap$BucketOverflowException           : loaded 2 times (x 82B)
Class com.intellij.gradle.toolingExtension.impl.model.projectModel.GradleExternalProjectSerializationService$ReadContext: loaded 2 times (x 73B)
Class com.intellij.gradle.toolingExtension.impl.model.dependencyModel.DependencyWriteContext: loaded 2 times (x 72B)
Class kotlin.collections.MapsKt                                                       : loaded 2 times (x 71B)
Class kotlin.coroutines.intrinsics.CoroutineSingletons                                : loaded 2 times (x 79B)
Class kotlin.collections.CollectionsKt__IterablesKt                                   : loaded 2 times (x 71B)
Class org.gradle.tooling.model.ProjectModel                                           : loaded 2 times (x 70B)
Class com.google.common.collect.ImmutableMultimap$1                                   : loaded 2 times (x 82B)
Class com.android.ide.common.gradle.Version$Companion$ParseState$EMPTY                : loaded 2 times (x 74B)
Class kotlin.ranges.OpenEndRange                                                      : loaded 2 times (x 70B)
Class kotlin.sequences.SequenceBuilderIterator                                        : loaded 2 times (x 85B)
Class kotlin.KotlinNullPointerException                                               : loaded 2 times (x 83B)
Class com.google.common.collect.ImmutableMultimap$2                                   : loaded 2 times (x 81B)
Class com.google.common.collect.RegularImmutableBiMap                                 : loaded 2 times (x 148B)
Class com.google.common.cache.LocalCache$ValueReference                               : loaded 2 times (x 70B)
Class kotlin.io.FilesKt__FileTreeWalkKt                                               : loaded 2 times (x 71B)
Class kotlin.jvm.internal.CollectionToArray                                           : loaded 2 times (x 71B)
Class org.jetbrains.plugins.gradle.model.tests.ExternalTestsModel                     : loaded 2 times (x 70B)
Class kotlin.ranges.RangesKt___RangesKt                                               : loaded 2 times (x 71B)
Class org.gradle.tooling.model.idea.IdeaLanguageLevel                                 : loaded 2 times (x 70B)
Class org.gradle.tooling.internal.adapter.ProtocolToModelAdapter$SafeMethodInvoker    : loaded 2 times (x 76B)
Class org.gradle.tooling.internal.adapter.WeakIdentityHashMap$WeakKey                 : loaded 2 times (x 79B)
Class org.gradle.internal.exceptions.DefaultMultiCauseException                       : loaded 2 times (x 95B)
Class com.android.builder.model.v2.ide.ProjectInfo                                    : loaded 2 times (x 70B)
Class com.google.common.base.PatternCompiler                                          : loaded 2 times (x 70B)
Class com.google.common.util.concurrent.AbstractFuture$Failure                        : loaded 2 times (x 72B)
Class com.google.common.base.Equivalence$Equals                                       : loaded 2 times (x 82B)
Class com.google.common.collect.Hashing                                               : loaded 2 times (x 71B)
Class kotlin.sequences.FilteringSequence$iterator$1                                   : loaded 2 times (x 79B)
Class com.intellij.gradle.toolingExtension.impl.model.projectModel.GradleExternalProjectSerializationService: loaded 2 times (x 77B)
Class kotlin.text.CharsKt__CharKt                                                     : loaded 2 times (x 71B)
Class kotlin.collections.ArrayDeque$Companion                                         : loaded 2 times (x 71B)
Class kotlin.collections.ArraysKt                                                     : loaded 2 times (x 71B)
Class org.gradle.tooling.model.HierarchicalElement                                    : loaded 2 times (x 70B)
Class com.android.builder.model.v2.dsl.DependenciesInfo                               : loaded 2 times (x 70B)
Class com.intellij.gradle.toolingExtension.impl.model.sourceSetModel.GradleSourceSetSerialisationService$Companion: loaded 2 times (x 71B)
Class org.objectweb.asm.Label                                                         : loaded 2 times (x 73B)
Class org.objectweb.asm.CurrentFrame                                                  : loaded 2 times (x 73B)
Class org.objectweb.asm.ClassTooLargeException                                        : loaded 2 times (x 83B)
Class [Lcom.google.common.base.AbstractIterator$State;                                : loaded 2 times (x 69B)
Class org.gradle.internal.classloader.FilteringClassLoader                            : loaded 2 times (x 105B)
Class org.jetbrains.plugins.gradle.tooling.serialization.ExternalTestsSerializationService: loaded 2 times (x 77B)
Class com.google.common.collect.ByFunctionOrdering                                    : loaded 2 times (x 115B)
Class kotlin.collections.SetsKt__SetsKt                                               : loaded 2 times (x 71B)
Class kotlin.coroutines.EmptyCoroutineContext                                         : loaded 2 times (x 77B)
Class org.gradle.internal.time.Time                                                   : loaded 2 times (x 71B)
Class com.android.builder.model.v2.models.ProjectGraph                                : loaded 2 times (x 70B)
Class com.android.ide.common.gradle.Version$Companion$ParseState$NUMERIC              : loaded 2 times (x 74B)
Class kotlin.NotImplementedError                                                      : loaded 2 times (x 82B)
Class kotlin.sequences.FlatteningSequence                                             : loaded 2 times (x 75B)
Class org.objectweb.asm.Frame                                                         : loaded 2 times (x 73B)
Class org.objectweb.asm.MethodVisitor                                                 : loaded 2 times (x 105B)
Class com.google.common.cache.LocalCache$EntryFactory$1                               : loaded 2 times (x 83B)
Class [Lcom.google.common.cache.RemovalListener;                                      : loaded 2 times (x 69B)
Class kotlin.text.MatcherMatchResult                                                  : loaded 2 times (x 80B)
Class kotlin.text.MatchGroupCollection                                                : loaded 2 times (x 70B)
Class org.jetbrains.plugins.gradle.tooling.serialization.AnnotationProcessingModelSerializationService: loaded 2 times (x 77B)
Class kotlin.collections.ArraysKt__ArraysJVMKt                                        : loaded 2 times (x 71B)
Class kotlin.text.StringsKt__StringsKt                                                : loaded 2 times (x 71B)
Class com.google.common.cache.LocalCache$EntryFactory$2                               : loaded 2 times (x 83B)
Class org.jetbrains.plugins.gradle.model.DependencyAccessorsModel                     : loaded 2 times (x 70B)
Class [Lcom.intellij.openapi.externalSystem.model.project.dependencies.ResolutionState;: loaded 2 times (x 69B)
Class gnu.trove.TObjectIntHashMap                                                     : loaded 2 times (x 109B)
Class kotlin.text.StringsKt__StringBuilderKt                                          : loaded 2 times (x 71B)
Class kotlin.jvm.internal.CallableReference$NoReceiver                                : loaded 2 times (x 71B)
Class org.gradle.api.internal.classpath.GlobalCacheRootsProvider                      : loaded 2 times (x 70B)
Class com.google.common.collect.CollectCollectors                                     : loaded 2 times (x 71B)
Class org.objectweb.asm.ModuleWriter                                                  : loaded 2 times (x 82B)
Class com.google.common.cache.LocalCache$EntryFactory$3                               : loaded 2 times (x 83B)
Class com.google.common.base.Ticker$1                                                 : loaded 2 times (x 72B)
Class com.google.common.collect.ImmutableMapEntrySet$RegularEntrySet                  : loaded 2 times (x 151B)
Class com.google.common.collect.Maps$BiMapConverter                                   : loaded 2 times (x 90B)
Class org.jetbrains.kotlin.idea.gradleTooling.KotlinMPPGradleModel                    : loaded 2 times (x 70B)
Class com.intellij.gradle.toolingExtension.impl.model.dependencyDownloadPolicyModel.GradleDependencyDownloadPolicy: loaded 2 times (x 70B)
Class org.gradle.tooling.model.BuildIdentifier                                        : loaded 2 times (x 70B)
Class kotlin.NoWhenBranchMatchedException                                             : loaded 2 times (x 82B)
Class com.android.builder.model.v2.ide.VectorDrawablesOptions                         : loaded 2 times (x 70B)
Class com.google.common.cache.LocalCache$EntryFactory$4                               : loaded 2 times (x 83B)
Class com.google.common.collect.ImmutableSet$Builder                                  : loaded 2 times (x 85B)
Class com.android.ide.gradle.model.dependencies.DeclaredDependencies                  : loaded 2 times (x 70B)
Class org.jetbrains.kotlin.idea.gradleTooling.PrepareKotlinIdeImportTaskModel         : loaded 2 times (x 70B)
Class com.android.builder.model.v2.ide.Edge                                           : loaded 2 times (x 70B)
Class com.android.builder.model.v2.models.VariantDependenciesFlatList                 : loaded 2 times (x 70B)
Class com.google.common.cache.LocalCache$EntryFactory$5                               : loaded 2 times (x 83B)
Class com.android.ide.gradle.model.GradlePluginModel                                  : loaded 2 times (x 70B)
Class com.google.common.collect.ReverseOrdering                                       : loaded 2 times (x 115B)
Class org.gradle.tooling.model.build.JavaEnvironment                                  : loaded 2 times (x 70B)
Class com.android.builder.model.v2.ide.SourceSetContainer                             : loaded 2 times (x 70B)
Class com.google.common.cache.LocalCache$EntryFactory$6                               : loaded 2 times (x 83B)
Class org.gradle.internal.time.Timer                                                  : loaded 2 times (x 70B)
Class kotlin.jvm.internal.markers.KMappedMarker                                       : loaded 2 times (x 70B)
Class org.gradle.internal.installation.CurrentGradleInstallationLocator               : loaded 2 times (x 71B)
Class com.google.common.collect.ImmutableMultimap$Builder                             : loaded 2 times (x 83B)
Class com.android.builder.model.v2.ide.LintOptions                                    : loaded 2 times (x 70B)
Class com.google.common.collect.Maps$KeySet                                           : loaded 2 times (x 137B)
Class com.google.common.cache.LocalCache$EntryFactory$7                               : loaded 2 times (x 83B)
Class com.google.common.collect.ImmutableSet$EmptySetBuilderImpl                      : loaded 2 times (x 76B)
Class org.jetbrains.plugins.gradle.tooling.serialization.internal.IdeaProjectSerializationService$ReadContext: loaded 2 times (x 72B)
Class org.gradle.tooling.internal.adapter.ProtocolToModelAdapter$ViewGraphDetails     : loaded 2 times (x 72B)
Class org.gradle.tooling.model.idea.IdeaProject                                       : loaded 2 times (x 70B)
Class org.gradle.tooling.model.DomainObjectSet                                        : loaded 2 times (x 70B)
Class org.gradle.internal.service.DefaultServiceLocator                               : loaded 2 times (x 83B)
Class com.google.common.collect.ImmutableMultimap$EntryCollection                     : loaded 2 times (x 127B)
Class com.android.builder.model.v2.ide.BasicArtifact                                  : loaded 2 times (x 70B)
Class com.google.common.cache.LocalCache$EntryFactory$8                               : loaded 2 times (x 83B)
Class com.google.common.collect.RegularImmutableMap$KeySet                            : loaded 2 times (x 150B)
Class kotlin.coroutines.jvm.internal.SuspendFunction                                  : loaded 2 times (x 70B)
Class org.gradle.util.GradleVersion                                                   : loaded 2 times (x 81B)
Class org.gradle.internal.installation.CurrentGradleInstallation                      : loaded 2 times (x 73B)
Class com.google.common.cache.CacheLoader$1                                           : loaded 2 times (x 75B)
Class com.google.common.collect.ForwardingObject                                      : loaded 2 times (x 72B)
Class com.google.common.base.Equivalence$Identity                                     : loaded 2 times (x 82B)
Class org.jetbrains.plugins.gradle.javaModel.JavaGradleManifestModel                  : loaded 2 times (x 70B)
Class org.jetbrains.plugins.gradle.tooling.serialization.GradleExtensionsSerializationService$WriteContext: loaded 2 times (x 72B)
Class com.intellij.gradle.toolingExtension.impl.model.taskModel.GradleTaskSerialisationService$Companion: loaded 2 times (x 71B)
Class kotlin.jvm.internal.Ref$BooleanRef                                              : loaded 2 times (x 71B)
Class kotlin.jvm.internal.StringCompanionObject                                       : loaded 2 times (x 71B)
Class kotlin.coroutines.intrinsics.IntrinsicsKt__IntrinsicsJvmKt                      : loaded 2 times (x 71B)
Class kotlin.coroutines.jvm.internal.CoroutineStackFrame                              : loaded 2 times (x 70B)
Class org.gradle.tooling.internal.adapter.ProtocolToModelAdapter$MethodInvocationCache$MethodInvocationKey: loaded 2 times (x 73B)
Class org.gradle.util.internal.GUtil                                                  : loaded 2 times (x 71B)
Class com.android.utils.StringHelper                                                  : loaded 2 times (x 71B)
Class com.google.common.cache.AbstractCache$StatsCounter                              : loaded 2 times (x 70B)
Class com.intellij.gradle.toolingExtension.impl.model.utilTurnOffDefaultTasksModel.TurnOffDefaultTasks: loaded 2 times (x 70B)
Class com.intellij.gradle.toolingExtension.impl.model.sourceSetModel.GradleSourceSetSerialisationService$SourceSetModelReadContext: loaded 2 times (x 72B)
Class kotlin.io.NoSuchFileException                                                   : loaded 2 times (x 82B)
Class kotlin.collections.CollectionsKt                                                : loaded 2 times (x 71B)
Class com.android.builder.model.v2.dsl.BuildType                                      : loaded 2 times (x 70B)
Class com.google.common.base.PairwiseEquivalence                                      : loaded 2 times (x 83B)
Class kotlin.sequences.SequencesKt___SequencesKt$sortedWith$1                         : loaded 2 times (x 75B)
Class com.intellij.gradle.toolingExtension.impl.model.sourceSetModel.GradleSourceSetSerialisationService$SourceSetModelWriteContext: loaded 2 times (x 72B)
Class kotlin.ranges.IntProgressionIterator                                            : loaded 2 times (x 82B)
Class kotlin.coroutines.CoroutineContext                                              : loaded 2 times (x 70B)
Class kotlin.coroutines.jvm.internal.DebugProbesKt                                    : loaded 2 times (x 71B)
Class org.gradle.tooling.internal.adapter.WeakIdentityHashMap                         : loaded 2 times (x 76B)
Class org.gradle.tooling.GradleConnectionException                                    : loaded 2 times (x 83B)
Class org.gradle.tooling.internal.adapter.ProtocolToModelAdapter$1                    : loaded 2 times (x 75B)
Class org.gradle.tooling.internal.adapter.ProtocolToModelAdapter$ViewDecoration       : loaded 2 times (x 70B)
Class org.gradle.internal.installation.GradleInstallation                             : loaded 2 times (x 75B)
Class com.google.common.collect.Iterables                                             : loaded 2 times (x 71B)
Class com.google.common.base.Splitter$Strategy                                        : loaded 2 times (x 70B)
Class org.jetbrains.plugins.gradle.tooling.serialization.GradleExtensionsSerializationService$ReadContext: loaded 2 times (x 72B)
Class com.google.common.collect.LexicographicalOrdering                               : loaded 2 times (x 115B)
Class org.gradle.tooling.internal.adapter.MethodInvoker                               : loaded 2 times (x 70B)
Class com.android.ide.common.gradle.Part                                              : loaded 2 times (x 77B)
Class com.google.common.collect.Lists$RandomAccessReverseList                         : loaded 2 times (x 200B)
Class org.jetbrains.plugins.gradle.tooling.serialization.RepositoriesModelSerializationService$WriteContext: loaded 2 times (x 72B)
Class com.android.ide.gradle.model.LegacyAndroidGradlePluginProperties                : loaded 2 times (x 70B)
Class kotlin.ranges.IntProgression                                                    : loaded 2 times (x 81B)
Class kotlin.jvm.KotlinReflectionNotSupportedError                                    : loaded 2 times (x 82B)
Class org.gradle.tooling.model.gradle.GradleScript                                    : loaded 2 times (x 70B)

---------------  S Y S T E M  ---------------

OS:
 Windows 11 , 64 bit Build 26100 (10.0.26100.8328)
OS uptime: 0 days 20:33 hours
Hyper-V role detected

CPU: total 12 (initial active 12) (6 cores per cpu, 2 threads per core) family 6 model 186 stepping 3 microcode 0x411f, cx8, cmov, fxsr, ht, mmx, 3dnowpref, sse, sse2, sse3, ssse3, sse4.1, sse4.2, popcnt, lzcnt, tsc, tscinvbit, avx, avx2, aes, erms, clmul, bmi1, bmi2, adx, sha, fma, vzeroupper, clflush, clflushopt, clwb, hv, serialize, rdtscp, rdpid, fsrm, f16c, cet_ibt, cet_ss
Processor Information for processor 0
  Max Mhz: 1300, Current Mhz: 1300, Mhz Limit: 1300
Processor Information for processor 1
  Max Mhz: 1300, Current Mhz: 1300, Mhz Limit: 1300
Processor Information for processor 2
  Max Mhz: 1300, Current Mhz: 1300, Mhz Limit: 1300
Processor Information for processor 3
  Max Mhz: 1300, Current Mhz: 1300, Mhz Limit: 1300
Processor Information for processor 4
  Max Mhz: 1300, Current Mhz: 900, Mhz Limit: 897
Processor Information for processor 5
  Max Mhz: 1300, Current Mhz: 900, Mhz Limit: 897
Processor Information for processor 6
  Max Mhz: 1300, Current Mhz: 900, Mhz Limit: 897
Processor Information for processor 7
  Max Mhz: 1300, Current Mhz: 900, Mhz Limit: 897
Processor Information for processor 8
  Max Mhz: 1300, Current Mhz: 900, Mhz Limit: 897
Processor Information for processor 9
  Max Mhz: 1300, Current Mhz: 900, Mhz Limit: 897
Processor Information for processor 10
  Max Mhz: 1300, Current Mhz: 900, Mhz Limit: 897
Processor Information for processor 11
  Max Mhz: 1300, Current Mhz: 900, Mhz Limit: 897

Memory: 4k page, system-wide physical 16067M (3107M free)
TotalPageFile size 16067M (AvailPageFile size 12M)
current process WorkingSet (physical memory assigned to process): 619M, peak: 622M
current process commit charge ("private bytes"): 655M, peak: 660M

vm_info: OpenJDK 64-Bit Server VM (21.0.10+-14961533-b1163.108) for windows-amd64 JRE (21.0.10+-14961533-b1163.108), built on 2026-03-02T19:58:50Z by "builder" with MS VC++ 16.10 / 16.11 (VS2019)

END.
